v 168.80 133.20 0.30
v 169.00 133.20 0.30
v 169.00 133.60 0.30
v 168.80 133.60 0.30
v 168.80 133.20 1.20
v 169.00 133.20 1.20
v 169.00 133.60 1.20
v 168.80 133.60 1.20
v 169.00 133.00 0.30
v 169.40 133.00 0.31
v 169.40 133.20 0.31
v 169.00 133.20 0.30
v 169.00 133.00 1.20
v 169.40 133.00 1.21
v 169.40 133.20 1.21
v 169.00 133.20 1.20
v 170.60 132.80 0.32
v 171.00 132.80 0.33
v 171.00 133.00 0.33
v 170.60 133.00 0.32
v 170.60 132.80 1.22
v 171.00 132.80 1.23
v 171.00 133.00 1.23
v 170.60 133.00 1.22
v 168.80 132.80 0.30
v 169.40 132.80 0.31
v 169.40 133.00 0.31
v 168.80 133.00 0.30
v 168.80 132.80 1.20
v 169.40 132.80 1.21
v 169.40 133.00 1.21
v 168.80 133.00 1.20
v 169.00 132.60 0.31
v 169.20 132.60 0.31
v 169.20 132.80 0.31
v 169.00 132.80 0.31
v 169.00 132.60 1.21
v 169.20 132.60 1.21
v 169.20 132.80 1.21
v 169.00 132.80 1.21
v 170.80 132.40 0.33
v 171.00 132.40 0.33
v 171.00 132.80 0.33
v 170.80 132.80 0.33
v 170.80 132.40 1.23
v 171.00 132.40 1.23
v 171.00 132.80 1.23
v 170.80 132.80 1.23
v 169.00 132.40 0.31
v 169.40 132.40 0.32
v 169.40 132.60 0.31
v 169.00 132.60 0.31
v 169.00 132.40 1.21
v 169.40 132.40 1.22
v 169.40 132.60 1.21
v 169.00 132.60 1.21
v 170.00 132.40 0.32
v 170.20 132.40 0.32
v 170.20 132.60 0.32
v 170.00 132.60 0.32
v 170.00 132.40 1.22
v 170.20 132.40 1.22
v 170.20 132.60 1.22
v 170.00 132.60 1.22
v 170.60 132.20 0.33
v 171.00 132.20 0.34
v 171.00 132.40 0.33
v 170.60 132.40 0.33
v 170.60 132.20 1.23
v 171.00 132.20 1.24
v 171.00 132.40 1.23
v 170.60 132.40 1.23
v 169.20 132.20 0.32
v 169.60 132.20 0.32
v 169.60 132.40 0.32
v 169.20 132.40 0.31
v 169.20 132.20 1.22
v 169.60 132.20 1.22
v 169.60 132.40 1.22
v 169.20 132.40 1.21
v 169.40 132.00 0.32
v 169.60 132.00 0.32
v 169.60 132.20 0.32
v 169.40 132.20 0.32
v 169.40 132.00 1.22
v 169.60 132.00 1.22
v 169.60 132.20 1.22
v 169.40 132.20 1.22
v 170.00 132.00 0.33
v 170.80 132.00 0.34
v 170.80 132.20 0.33
v 170.00 132.20 0.32
v 170.00 132.00 1.23
v 170.80 132.00 1.24
v 170.80 132.20 1.23
v 170.00 132.20 1.22
v 169.40 131.80 0.32
v 170.00 131.80 0.33
v 170.00 132.00 0.33
v 169.40 132.00 0.32
v 169.40 131.80 1.22
v 170.00 131.80 1.23
v 170.00 132.00 1.23
v 169.40 132.00 1.22
v 174.40 127.40 0.45
v 174.60 127.40 0.45
v 174.60 127.60 0.45
v 174.40 127.60 0.45
v 174.40 127.40 1.35
v 174.60 127.40 1.35
v 174.60 127.60 1.35
v 174.40 127.60 1.35
v 175.80 127.00 0.48
v 176.20 127.00 0.48
v 176.20 127.20 0.48
v 175.80 127.20 0.47
v 175.80 127.00 1.38
v 176.20 127.00 1.38
v 176.20 127.20 1.38
v 175.80 127.20 1.37
v 175.80 126.80 0.48
v 176.40 126.80 0.49
v 176.40 127.00 0.49
v 175.80 127.00 0.48
v 175.80 126.80 1.38
v 176.40 126.80 1.39
v 176.40 127.00 1.39
v 175.80 127.00 1.38
v 173.80 126.80 0.45
v 174.00 126.80 0.45
v 174.00 127.00 0.45
v 173.80 127.00 0.45
v 173.80 126.80 1.35
v 174.00 126.80 1.35
v 174.00 127.00 1.35
v 173.80 127.00 1.35
v 176.00 126.60 0.49
v 176.40 126.60 0.49
v 176.40 126.80 0.49
v 176.00 126.80 0.48
v 176.00 126.60 1.39
v 176.40 126.60 1.39
v 176.40 126.80 1.39
v 176.00 126.80 1.38
v 174.00 126.60 0.46
v 174.20 126.60 0.46
v 174.20 126.80 0.46
v 174.00 126.80 0.45
v 174.00 126.60 1.36
v 174.20 126.60 1.36
v 174.20 126.80 1.36
v 174.00 126.80 1.35
v 176.20 126.40 0.49
v 176.40 126.40 0.50
v 176.40 126.60 0.49
v 176.20 126.60 0.49
v 176.20 126.40 1.39
v 176.40 126.40 1.40
v 176.40 126.60 1.39
v 176.20 126.60 1.39
v 176.20 126.20 0.50
v 176.60 126.20 0.50
v 176.60 126.40 0.50
v 176.20 126.40 0.49
v 176.20 126.20 1.40
v 176.60 126.20 1.40
v 176.60 126.40 1.40
v 176.20 126.40 1.39
v 174.80 126.20 0.48
v 175.20 126.20 0.48
v 175.20 126.40 0.48
v 174.80 126.40 0.47
v 174.80 126.20 1.38
v 175.20 126.20 1.38
v 175.20 126.40 1.38
v 174.80 126.40 1.37
v 176.20 126.00 0.50
v 176.80 126.00 0.51
v 176.80 126.20 0.51
v 176.20 126.20 0.50
v 176.20 126.00 1.40
v 176.80 126.00 1.41
v 176.80 126.20 1.41
v 176.20 126.20 1.40
v 174.80 126.00 0.48
v 175.00 126.00 0.48
v 175.00 126.20 0.48
v 174.80 126.20 0.48
v 174.80 126.00 1.38
v 175.00 126.00 1.38
v 175.00 126.20 1.38
v 174.80 126.20 1.38
v 174.80 125.80 0.48
v 175.20 125.80 0.49
v 175.20 126.00 0.48
v 174.80 126.00 0.48
v 174.80 125.80 1.38
v 175.20 125.80 1.39
v 175.20 126.00 1.38
v 174.80 126.00 1.38
v 174.80 125.60 0.49
v 175.00 125.60 0.49
v 175.00 125.80 0.49
v 174.80 125.80 0.48
v 174.80 125.60 1.39
v 175.00 125.60 1.39
v 175.00 125.80 1.39
v 174.80 125.80 1.38
v 175.00 125.40 0.49
v 175.40 125.40 0.50
v 175.40 125.60 0.50
v 175.00 125.60 0.49
v 175.00 125.40 1.39
v 175.40 125.40 1.40
v 175.40 125.60 1.40
v 175.00 125.60 1.39
v 161.40 117.80 0.65
v 161.60 117.80 0.65
v 161.60 118.00 0.64
v 161.40 118.00 0.64
v 161.40 117.80 1.55
v 161.60 117.80 1.55
v 161.60 118.00 1.54
v 161.40 118.00 1.54
v 161.60 117.60 0.66
v 161.80 117.60 0.66
v 161.80 117.80 0.65
v 161.60 117.80 0.65
v 161.60 117.60 1.56
v 161.80 117.60 1.56
v 161.80 117.80 1.55
v 161.60 117.80 1.55
v 170.40 116.20 0.66
v 171.00 116.20 0.67
v 171.00 116.40 0.66
v 170.40 116.40 0.65
v 170.40 116.20 1.56
v 171.00 116.20 1.57
v 171.00 116.40 1.56
v 170.40 116.40 1.55
v 169.00 116.20 0.64
v 169.20 116.20 0.64
v 169.20 116.40 0.63
v 169.00 116.40 0.63
v 169.00 116.20 1.54
v 169.20 116.20 1.54
v 169.20 116.40 1.53
v 169.00 116.40 1.53
v 170.00 116.00 0.66
v 171.00 116.00 0.67
v 171.00 116.20 0.67
v 170.00 116.20 0.65
v 170.00 116.00 1.56
v 171.00 116.00 1.57
v 171.00 116.20 1.57
v 170.00 116.20 1.55
v 166.60 116.00 0.66
v 167.20 116.00 0.65
v 167.20 116.20 0.64
v 166.60 116.20 0.65
v 166.60 116.00 1.56
v 167.20 116.00 1.55
v 167.20 116.20 1.54
v 166.60 116.20 1.55
v 170.00 115.80 0.67
v 170.40 115.80 0.67
v 170.40 116.00 0.66
v 170.00 116.00 0.66
v 170.00 115.80 1.57
v 170.40 115.80 1.57
v 170.40 116.00 1.56
v 170.00 116.00 1.56
v 166.20 115.80 0.68
v 167.00 115.80 0.66
v 167.00 116.00 0.65
v 166.20 116.00 0.67
v 166.20 115.80 1.58
v 167.00 115.80 1.56
v 167.00 116.00 1.55
v 166.20 116.00 1.57
v 168.20 115.80 0.65
v 168.40 115.80 0.66
v 168.40 116.00 0.65
v 168.20 116.00 0.65
v 168.20 115.80 1.55
v 168.40 115.80 1.56
v 168.40 116.00 1.55
v 168.20 116.00 1.55
v 167.20 115.80 0.66
v 167.40 115.80 0.65
v 167.40 116.00 0.64
v 167.20 116.00 0.65
v 167.20 115.80 1.56
v 167.40 115.80 1.55
v 167.40 116.00 1.54
v 167.20 116.00 1.55
v 169.20 115.60 0.67
v 169.40 115.60 0.67
v 169.40 116.20 0.64
v 169.20 116.20 0.64
v 169.20 115.60 1.57
v 169.40 115.60 1.57
v 169.40 116.20 1.54
v 169.20 116.20 1.54
v 166.00 115.60 0.69
v 166.80 115.60 0.67
v 166.80 115.80 0.66
v 166.00 115.80 0.68
v 166.00 115.60 1.59
v 166.80 115.60 1.57
v 166.80 115.80 1.56
v 166.00 115.80 1.58
v 170.60 115.40 0.69
v 170.80 115.40 0.69
v 170.80 116.00 0.67
v 170.60 116.00 0.67
v 170.60 115.40 1.59
v 170.80 115.40 1.59
v 170.80 116.00 1.57
v 170.60 116.00 1.57
v 169.60 115.40 0.68
v 170.20 115.40 0.68
v 170.20 115.80 0.67
v 169.60 115.80 0.66
v 169.60 115.40 1.58
v 170.20 115.40 1.58
v 170.20 115.80 1.57
v 169.60 115.80 1.56
v 169.00 115.40 0.68
v 169.40 115.40 0.68
v 169.40 115.60 0.67
v 169.00 115.60 0.67
v 169.00 115.40 1.58
v 169.40 115.40 1.58
v 169.40 115.60 1.57
v 169.00 115.60 1.57
v 165.80 115.40 0.70
v 166.60 115.40 0.68
v 166.60 115.60 0.67
v 165.80 115.60 0.69
v 165.80 115.40 1.60
v 166.60 115.40 1.58
v 166.60 115.60 1.57
v 165.80 115.60 1.59
v 169.20 115.20 0.69
v 170.00 115.20 0.69
v 170.00 115.40 0.68
v 169.20 115.40 0.68
v 169.20 115.20 1.59
v 170.00 115.20 1.59
v 170.00 115.40 1.58
v 169.20 115.40 1.58
v 170.60 115.20 0.70
v 171.00 115.20 0.70
v 171.00 115.40 0.69
v 170.60 115.40 0.69
v 170.60 115.20 1.60
v 171.00 115.20 1.60
v 171.00 115.40 1.59
v 170.60 115.40 1.59
v 165.60 115.20 0.70
v 166.00 115.20 0.70
v 166.00 115.40 0.69
v 165.60 115.40 0.70
v 165.60 115.20 1.60
v 166.00 115.20 1.60
v 166.00 115.40 1.59
v 165.60 115.40 1.60
v 171.00 115.00 0.71
v 171.60 115.00 0.71
v 171.60 115.20 0.71
v 171.00 115.20 0.70
v 171.00 115.00 1.61
v 171.60 115.00 1.61
v 171.60 115.20 1.61
v 171.00 115.20 1.60
v 170.40 115.00 0.70
v 170.80 115.00 0.70
v 170.80 115.20 0.70
v 170.40 115.20 0.69
v 170.40 115.00 1.60
v 170.80 115.00 1.60
v 170.80 115.20 1.60
v 170.40 115.20 1.59
v 169.40 115.00 0.70
v 169.60 115.00 0.70
v 169.60 115.20 0.69
v 169.40 115.20 0.69
v 169.40 115.00 1.60
v 169.60 115.00 1.60
v 169.60 115.20 1.59
v 169.40 115.20 1.59
v 117.20 114.80 -0.29
v 118.00 114.80 -0.26
v 118.00 115.20 -0.27
v 117.20 115.20 -0.29
v 117.20 114.80 0.61
v 118.00 114.80 0.64
v 118.00 115.20 0.63
v 117.20 115.20 0.61
v 165.40 114.80 0.71
v 166.00 114.80 0.71
v 166.00 115.20 0.70
v 165.40 115.20 0.71
v 165.40 114.80 1.61
v 166.00 114.80 1.61
v 166.00 115.20 1.60
v 165.40 115.20 1.61
v 169.00 114.80 0.71
v 169.60 114.80 0.71
v 169.60 115.00 0.70
v 169.00 115.00 0.70
v 169.00 114.80 1.61
v 169.60 114.80 1.61
v 169.60 115.00 1.60
v 169.00 115.00 1.60
v 170.60 114.80 0.71
v 171.40 114.80 0.72
v 171.40 115.00 0.71
v 170.60 115.00 0.70
v 170.60 114.80 1.61
v 171.40 114.80 1.62
v 171.40 115.00 1.61
v 170.60 115.00 1.60
v 171.60 114.80 0.72
v 171.80 114.80 0.72
v 171.80 115.00 0.72
v 171.60 115.00 0.71
v 171.60 114.80 1.62
v 171.80 114.80 1.62
v 171.80 115.00 1.62
v 171.60 115.00 1.61
v 169.40 114.60 0.72
v 169.80 114.60 0.72
v 169.80 114.80 0.71
v 169.40 114.80 0.71
v 169.40 114.60 1.62
v 169.80 114.60 1.62
v 169.80 114.80 1.61
v 169.40 114.80 1.61
v 171.20 114.60 0.72
v 172.00 114.60 0.73
v 172.00 114.80 0.72
v 171.20 114.80 0.72
v 171.20 114.60 1.62
v 172.00 114.60 1.63
v 172.00 114.80 1.62
v 171.20 114.80 1.62
v 165.20 114.40 0.72
v 166.00 114.40 0.72
v 166.00 114.80 0.71
v 165.20 114.80 0.71
v 165.20 114.40 1.62
v 166.00 114.40 1.62
v 166.00 114.80 1.61
v 165.20 114.80 1.61
v 158.40 114.40 0.79
v 158.80 114.40 0.79
v 158.80 114.60 0.78
v 158.40 114.60 0.78
v 158.40 114.40 1.69
v 158.80 114.40 1.69
v 158.80 114.60 1.68
v 158.40 114.60 1.68
v 116.40 114.40 -0.30
v 117.00 114.40 -0.29
v 117.00 114.60 -0.29
v 116.40 114.60 -0.31
v 116.40 114.40 0.60
v 117.00 114.40 0.61
v 117.00 114.60 0.61
v 116.40 114.60 0.59
v 171.20 114.40 0.73
v 172.20 114.40 0.74
v 172.20 114.60 0.73
v 171.20 114.60 0.72
v 171.20 114.40 1.63
v 172.20 114.40 1.64
v 172.20 114.60 1.63
v 171.20 114.60 1.62
v 116.80 114.20 -0.29
v 117.00 114.20 -0.28
v 117.00 114.40 -0.29
v 116.80 114.40 -0.29
v 116.80 114.20 0.61
v 117.00 114.20 0.62
v 117.00 114.40 0.61
v 116.80 114.40 0.61
v 165.20 114.20 0.73
v 165.80 114.20 0.72
v 165.80 114.40 0.72
v 165.20 114.40 0.72
v 165.20 114.20 1.63
v 165.80 114.20 1.62
v 165.80 114.40 1.62
v 165.20 114.40 1.62
v 158.00 114.20 0.80
v 159.20 114.20 0.81
v 159.20 114.40 0.80
v 158.00 114.40 0.79
v 158.00 114.20 1.70
v 159.20 114.20 1.71
v 159.20 114.40 1.70
v 158.00 114.40 1.69
v 159.40 114.20 0.81
v 159.60 114.20 0.81
v 159.60 114.40 0.80
v 159.40 114.40 0.80
v 159.40 114.20 1.71
v 159.60 114.20 1.71
v 159.60 114.40 1.70
v 159.40 114.40 1.70
v 162.40 114.20 0.81
v 163.00 114.20 0.79
v 163.00 114.40 0.78
v 162.40 114.40 0.80
v 162.40 114.20 1.71
v 163.00 114.20 1.69
v 163.00 114.40 1.68
v 162.40 114.40 1.70
v 116.40 114.20 -0.30
v 116.60 114.20 -0.30
v 116.60 114.40 -0.30
v 116.40 114.40 -0.30
v 116.40 114.20 0.60
v 116.60 114.20 0.60
v 116.60 114.40 0.60
v 116.40 114.40 0.60
v 171.80 114.20 0.74
v 172.40 114.20 0.74
v 172.40 114.40 0.74
v 171.80 114.40 0.73
v 171.80 114.20 1.64
v 172.40 114.20 1.64
v 172.40 114.40 1.64
v 171.80 114.40 1.63
v 116.60 114.00 -0.29
v 117.00 114.00 -0.28
v 117.00 114.20 -0.28
v 116.60 114.20 -0.30
v 116.60 114.00 0.61
v 117.00 114.00 0.62
v 117.00 114.20 0.62
v 116.60 114.20 0.60
v 165.00 114.00 0.73
v 165.60 114.00 0.73
v 165.60 114.20 0.72
v 165.00 114.20 0.73
v 165.00 114.00 1.63
v 165.60 114.00 1.63
v 165.60 114.20 1.62
v 165.00 114.20 1.63
v 158.00 114.00 0.80
v 160.60 114.00 0.83
v 160.60 114.20 0.82
v 158.00 114.20 0.80
v 158.00 114.00 1.70
v 160.60 114.00 1.73
v 160.60 114.20 1.72
v 158.00 114.20 1.70
v 161.40 114.00 0.84
v 161.60 114.00 0.83
v 161.60 114.20 0.82
v 161.40 114.20 0.82
v 161.40 114.00 1.74
v 161.60 114.00 1.73
v 161.60 114.20 1.72
v 161.40 114.20 1.72
v 162.60 114.00 0.81
v 163.20 114.00 0.79
v 163.20 114.20 0.78
v 162.60 114.20 0.80
v 162.60 114.00 1.71
v 163.20 114.00 1.69
v 163.20 114.20 1.68
v 162.60 114.20 1.70
v 172.00 113.80 0.75
v 172.60 113.80 0.76
v 172.60 114.20 0.74
v 172.00 114.20 0.74
v 172.00 113.80 1.65
v 172.60 113.80 1.66
v 172.60 114.20 1.64
v 172.00 114.20 1.64
v 162.80 113.80 0.82
v 163.20 113.80 0.80
v 163.20 114.00 0.79
v 162.80 114.00 0.81
v 162.80 113.80 1.72
v 163.20 113.80 1.70
v 163.20 114.00 1.69
v 162.80 114.00 1.71
v 159.00 113.80 0.83
v 161.80 113.80 0.84
v 161.80 114.00 0.83
v 159.00 114.00 0.82
v 159.00 113.80 1.73
v 161.80 113.80 1.74
v 161.80 114.00 1.73
v 159.00 114.00 1.72
v 157.80 113.80 0.81
v 158.80 113.80 0.83
v 158.80 114.00 0.82
v 157.80 114.00 0.80
v 157.80 113.80 1.71
v 158.80 113.80 1.73
v 158.80 114.00 1.72
v 157.80 114.00 1.70
v 165.00 113.80 0.74
v 165.40 113.80 0.74
v 165.40 114.00 0.73
v 165.00 114.00 0.73
v 165.00 113.80 1.64
v 165.40 113.80 1.64
v 165.40 114.00 1.63
v 165.00 114.00 1.63
v 162.80 113.60 0.83
v 163.00 113.60 0.82
v 163.00 113.80 0.81
v 162.80 113.80 0.82
v 162.80 113.60 1.73
v 163.00 113.60 1.72
v 163.00 113.80 1.71
v 162.80 113.80 1.72
v 172.40 113.60 0.76
v 172.80 113.60 0.77
v 172.80 113.80 0.76
v 172.40 113.80 0.76
v 172.40 113.60 1.66
v 172.80 113.60 1.67
v 172.80 113.80 1.66
v 172.40 113.80 1.66
v 157.80 113.60 0.82
v 158.20 113.60 0.83
v 158.20 113.80 0.82
v 157.80 113.80 0.81
v 157.80 113.60 1.72
v 158.20 113.60 1.73
v 158.20 113.80 1.72
v 157.80 113.80 1.71
v 160.00 113.60 0.85
v 162.20 113.60 0.85
v 162.20 113.80 0.84
v 160.00 113.80 0.84
v 160.00 113.60 1.75
v 162.20 113.60 1.75
v 162.20 113.80 1.74
v 160.00 113.80 1.74
v 164.80 113.60 0.75
v 165.40 113.60 0.75
v 165.40 113.80 0.74
v 164.80 113.80 0.74
v 164.80 113.60 1.65
v 165.40 113.60 1.65
v 165.40 113.80 1.64
v 164.80 113.80 1.64
v 157.80 113.40 0.83
v 158.00 113.40 0.83
v 158.00 113.60 0.82
v 157.80 113.60 0.82
v 157.80 113.40 1.73
v 158.00 113.40 1.73
v 158.00 113.60 1.72
v 157.80 113.60 1.72
v 162.40 113.40 0.86
v 162.60 113.40 0.85
v 162.60 113.60 0.84
v 162.40 113.60 0.84
v 162.40 113.40 1.76
v 162.60 113.40 1.75
v 162.60 113.60 1.74
v 162.40 113.60 1.74
v 165.20 113.20 0.77
v 165.40 113.20 0.77
v 165.40 113.60 0.75
v 165.20 113.60 0.75
v 165.20 113.20 1.67
v 165.40 113.20 1.67
v 165.40 113.60 1.65
v 165.20 113.60 1.65
v 164.80 113.20 0.77
v 165.00 113.20 0.77
v 165.00 113.60 0.75
v 164.80 113.60 0.75
v 164.80 113.20 1.67
v 165.00 113.20 1.67
v 165.00 113.60 1.65
v 164.80 113.60 1.65
v 164.60 113.00 0.79
v 165.20 113.00 0.78
v 165.20 113.20 0.77
v 164.60 113.20 0.77
v 164.60 113.00 1.69
v 165.20 113.00 1.68
v 165.20 113.20 1.67
v 164.60 113.20 1.67
v 157.40 113.00 0.84
v 157.60 113.00 0.85
v 157.60 113.20 0.84
v 157.40 113.20 0.83
v 157.40 113.00 1.74
v 157.60 113.00 1.75
v 157.60 113.20 1.74
v 157.40 113.20 1.73
v 164.40 112.80 0.81
v 164.80 112.80 0.80
v 164.80 113.00 0.78
v 164.40 113.00 0.79
v 164.40 112.80 1.71
v 164.80 112.80 1.70
v 164.80 113.00 1.68
v 164.40 113.00 1.69
v 156.80 112.80 0.85
v 157.20 112.80 0.85
v 157.20 113.00 0.84
v 156.80 113.00 0.84
v 156.80 112.80 1.75
v 157.20 112.80 1.75
v 157.20 113.00 1.74
v 156.80 113.00 1.74
v 164.20 112.60 0.83
v 164.80 112.60 0.81
v 164.80 112.80 0.80
v 164.20 112.80 0.82
v 164.20 112.60 1.73
v 164.80 112.60 1.71
v 164.80 112.80 1.70
v 164.20 112.80 1.72
v 156.60 112.60 0.85
v 157.00 112.60 0.86
v 157.00 112.80 0.85
v 156.60 112.80 0.84
v 156.60 112.60 1.75
v 157.00 112.60 1.76
v 157.00 112.80 1.75
v 156.60 112.80 1.74
v 164.00 112.40 0.86
v 165.00 112.40 0.82
v 165.00 112.60 0.81
v 164.00 112.60 0.84
v 164.00 112.40 1.76
v 165.00 112.40 1.72
v 165.00 112.60 1.71
v 164.00 112.60 1.74
v 156.40 112.40 0.86
v 156.80 112.40 0.87
v 156.80 112.60 0.86
v 156.40 112.60 0.85
v 156.40 112.40 1.76
v 156.80 112.40 1.77
v 156.80 112.60 1.76
v 156.40 112.60 1.75
v 164.20 112.20 0.87
v 165.00 112.20 0.84
v 165.00 112.40 0.82
v 164.20 112.40 0.85
v 164.20 112.20 1.77
v 165.00 112.20 1.74
v 165.00 112.40 1.72
v 164.20 112.40 1.75
v 156.00 112.20 0.86
v 156.60 112.20 0.87
v 156.60 112.40 0.86
v 156.00 112.40 0.85
v 156.00 112.20 1.76
v 156.60 112.20 1.77
v 156.60 112.40 1.76
v 156.00 112.40 1.75
v 156.00 112.00 0.87
v 156.20 112.00 0.88
v 156.20 112.20 0.87
v 156.00 112.20 0.86
v 156.00 112.00 1.77
v 156.20 112.00 1.78
v 156.20 112.20 1.77
v 156.00 112.20 1.76
v 164.60 111.80 0.87
v 164.80 111.80 0.87
v 164.80 112.20 0.84
v 164.60 112.20 0.85
v 164.60 111.80 1.77
v 164.80 111.80 1.77
v 164.80 112.20 1.74
v 164.60 112.20 1.75
v 164.20 111.60 0.90
v 164.60 111.60 0.89
v 164.60 111.80 0.87
v 164.20 111.80 0.89
v 164.20 111.60 1.80
v 164.60 111.60 1.79
v 164.60 111.80 1.77
v 164.20 111.80 1.79
v 174.20 111.40 0.85
v 174.40 111.40 0.85
v 174.40 112.00 0.83
v 174.20 112.00 0.83
v 174.20 111.40 1.75
v 174.40 111.40 1.75
v 174.40 112.00 1.73
v 174.20 112.00 1.73
v 164.00 111.40 0.92
v 164.60 111.40 0.90
v 164.60 111.60 0.89
v 164.00 111.60 0.91
v 164.00 111.40 1.82
v 164.60 111.40 1.80
v 164.60 111.60 1.79
v 164.00 111.60 1.81
v 164.00 111.20 0.93
v 164.20 111.20 0.92
v 164.20 111.40 0.91
v 164.00 111.40 0.92
v 164.00 111.20 1.83
v 164.20 111.20 1.82
v 164.20 111.40 1.81
v 164.00 111.40 1.82
v 164.40 111.20 0.91
v 164.80 111.20 0.90
v 164.80 111.40 0.89
v 164.40 111.40 0.90
v 164.40 111.20 1.81
v 164.80 111.20 1.80
v 164.80 111.40 1.79
v 164.40 111.40 1.80
v 174.20 111.00 0.86
v 174.60 111.00 0.86
v 174.60 111.40 0.85
v 174.20 111.40 0.85
v 174.20 111.00 1.76
v 174.60 111.00 1.76
v 174.60 111.40 1.75
v 174.20 111.40 1.75
v 140.60 110.80 0.47
v 140.80 110.80 0.48
v 140.80 111.00 0.47
v 140.60 111.00 0.47
v 140.60 110.80 1.37
v 140.80 110.80 1.38
v 140.80 111.00 1.37
v 140.60 111.00 1.37
v 174.40 110.80 0.87
v 175.20 110.80 0.87
v 175.20 111.00 0.87
v 174.40 111.00 0.86
v 174.40 110.80 1.77
v 175.20 110.80 1.77
v 175.20 111.00 1.77
v 174.40 111.00 1.76
v 163.60 110.60 0.97
v 164.00 110.60 0.95
v 164.00 110.80 0.95
v 163.60 110.80 0.96
v 163.60 110.60 1.87
v 164.00 110.60 1.85
v 164.00 110.80 1.85
v 163.60 110.80 1.86
v 174.40 110.60 0.87
v 175.40 110.60 0.88
v 175.40 110.80 0.88
v 174.40 110.80 0.87
v 174.40 110.60 1.77
v 175.40 110.60 1.78
v 175.40 110.80 1.78
v 174.40 110.80 1.77
v 174.80 110.40 0.88
v 175.40 110.40 0.89
v 175.40 110.60 0.88
v 174.80 110.60 0.88
v 174.80 110.40 1.78
v 175.40 110.40 1.79
v 175.40 110.60 1.78
v 174.80 110.60 1.78
v 163.60 110.40 0.97
v 164.20 110.40 0.95
v 164.20 110.60 0.94
v 163.60 110.60 0.97
v 163.60 110.40 1.87
v 164.20 110.40 1.85
v 164.20 110.60 1.84
v 163.60 110.60 1.87
v 163.60 110.20 0.97
v 163.80 110.20 0.97
v 163.80 110.40 0.96
v 163.60 110.40 0.97
v 163.60 110.20 1.87
v 163.80 110.20 1.87
v 163.80 110.40 1.86
v 163.60 110.40 1.87
v 174.60 110.20 0.89
v 175.60 110.20 0.90
v 175.60 110.40 0.89
v 174.60 110.40 0.88
v 174.60 110.20 1.79
v 175.60 110.20 1.80
v 175.60 110.40 1.79
v 174.60 110.40 1.78
v 164.20 110.20 0.96
v 164.40 110.20 0.95
v 164.40 110.40 0.94
v 164.20 110.40 0.95
v 164.20 110.20 1.86
v 164.40 110.20 1.85
v 164.40 110.40 1.84
v 164.20 110.40 1.85
v 175.00 110.00 0.89
v 175.80 110.00 0.90
v 175.80 110.20 0.90
v 175.00 110.20 0.89
v 175.00 110.00 1.79
v 175.80 110.00 1.80
v 175.80 110.20 1.80
v 175.00 110.20 1.79
v 175.20 109.80 0.90
v 176.00 109.80 0.91
v 176.00 110.00 0.91
v 175.20 110.00 0.90
v 175.20 109.80 1.80
v 176.00 109.80 1.81
v 176.00 110.00 1.81
v 175.20 110.00 1.80
v 175.20 109.60 0.91
v 176.20 109.60 0.92
v 176.20 109.80 0.91
v 175.20 109.80 0.90
v 175.20 109.60 1.81
v 176.20 109.60 1.82
v 176.20 109.80 1.81
v 175.20 109.80 1.80
v 161.40 109.40 1.00
v 161.60 109.40 1.00
v 161.60 109.60 1.00
v 161.40 109.60 1.00
v 161.40 109.40 1.90
v 161.60 109.40 1.90
v 161.60 109.60 1.90
v 161.40 109.60 1.90
v 175.20 109.40 0.91
v 176.40 109.40 0.92
v 176.40 109.60 0.92
v 175.20 109.60 0.91
v 175.20 109.40 1.81
v 176.40 109.40 1.82
v 176.40 109.60 1.82
v 175.20 109.60 1.81
v 175.80 109.20 0.92
v 176.60 109.20 0.93
v 176.60 109.40 0.93
v 175.80 109.40 0.92
v 175.80 109.20 1.82
v 176.60 109.20 1.83
v 176.60 109.40 1.83
v 175.80 109.40 1.82
v 175.00 109.20 0.91
v 175.20 109.20 0.92
v 175.20 109.40 0.91
v 175.00 109.40 0.91
v 175.00 109.20 1.81
v 175.20 109.20 1.82
v 175.20 109.40 1.81
v 175.00 109.40 1.81
v 161.20 109.20 1.00
v 161.40 109.20 1.00
v 161.40 109.40 1.00
v 161.20 109.40 1.00
v 161.20 109.20 1.90
v 161.40 109.20 1.90
v 161.40 109.40 1.90
v 161.20 109.40 1.90
v 176.00 109.00 0.93
v 176.80 109.00 0.93
v 176.80 109.20 0.93
v 176.00 109.20 0.92
v 176.00 109.00 1.83
v 176.80 109.00 1.83
v 176.80 109.20 1.83
v 176.00 109.20 1.82
v 160.80 109.00 1.00
v 161.20 109.00 1.00
v 161.20 109.20 1.00
v 160.80 109.20 1.00
v 160.80 109.00 1.90
v 161.20 109.00 1.90
v 161.20 109.20 1.90
v 160.80 109.20 1.90
v 161.00 108.80 1.01
v 161.20 108.80 1.01
v 161.20 109.00 1.00
v 161.00 109.00 1.00
v 161.00 108.80 1.91
v 161.20 108.80 1.91
v 161.20 109.00 1.90
v 161.00 109.00 1.90
v 164.40 108.80 0.99
v 164.60 108.80 0.98
v 164.60 109.00 0.98
v 164.40 109.00 0.98
v 164.40 108.80 1.89
v 164.60 108.80 1.88
v 164.60 109.00 1.88
v 164.40 109.00 1.88
v 162.40 108.40 1.01
v 162.60 108.40 1.01
v 162.60 108.80 1.00
v 162.40 108.80 1.01
v 162.40 108.40 1.91
v 162.60 108.40 1.91
v 162.60 108.80 1.90
v 162.40 108.80 1.91
v 143.40 108.40 0.62
v 143.60 108.40 0.62
v 143.60 108.60 0.62
v 143.40 108.60 0.61
v 143.40 108.40 1.52
v 143.60 108.40 1.52
v 143.60 108.60 1.52
v 143.40 108.60 1.51
v 143.20 108.20 0.62
v 143.40 108.20 0.62
v 143.40 108.40 0.62
v 143.20 108.40 0.61
v 143.20 108.20 1.52
v 143.40 108.20 1.52
v 143.40 108.40 1.52
v 143.20 108.40 1.51
v 138.00 107.20 0.49
v 138.20 107.20 0.50
v 138.20 107.40 0.49
v 138.00 107.40 0.49
v 138.00 107.20 1.39
v 138.20 107.20 1.40
v 138.20 107.40 1.39
v 138.00 107.40 1.39
v 144.20 107.20 0.67
v 144.40 107.20 0.68
v 144.40 107.40 0.67
v 144.20 107.40 0.67
v 144.20 107.20 1.57
v 144.40 107.20 1.58
v 144.40 107.40 1.57
v 144.20 107.40 1.57
v 144.40 107.00 0.68
v 144.60 107.00 0.69
v 144.60 107.20 0.68
v 144.40 107.20 0.68
v 144.40 107.00 1.58
v 144.60 107.00 1.59
v 144.60 107.20 1.58
v 144.40 107.20 1.58
v 179.00 106.00 0.97
v 179.20 106.00 0.98
v 179.20 106.20 0.98
v 179.00 106.20 0.97
v 179.00 106.00 1.87
v 179.20 106.00 1.88
v 179.20 106.20 1.88
v 179.00 106.20 1.87
v 178.80 105.80 0.97
v 179.40 105.80 0.98
v 179.40 106.00 0.98
v 178.80 106.00 0.97
v 178.80 105.80 1.87
v 179.40 105.80 1.88
v 179.40 106.00 1.88
v 178.80 106.00 1.87
v 106.80 105.80 -0.40
v 107.00 105.80 -0.39
v 107.00 106.00 -0.40
v 106.80 106.00 -0.40
v 106.80 105.80 0.50
v 107.00 105.80 0.51
v 107.00 106.00 0.50
v 106.80 106.00 0.50
v 137.40 105.80 0.51
v 137.60 105.80 0.52
v 137.60 106.00 0.51
v 137.40 106.00 0.51
v 137.40 105.80 1.41
v 137.60 105.80 1.42
v 137.60 106.00 1.41
v 137.40 106.00 1.41
v 106.00 105.80 -0.42
v 106.20 105.80 -0.42
v 106.20 106.00 -0.42
v 106.00 106.00 -0.43
v 106.00 105.80 0.48
v 106.20 105.80 0.48
v 106.20 106.00 0.48
v 106.00 106.00 0.47
v 179.00 105.60 0.98
v 179.60 105.60 0.98
v 179.60 105.80 0.98
v 179.00 105.80 0.98
v 179.00 105.60 1.88
v 179.60 105.60 1.88
v 179.60 105.80 1.88
v 179.00 105.80 1.88
v 106.00 105.60 -0.42
v 107.00 105.60 -0.39
v 107.00 105.80 -0.39
v 106.00 105.80 -0.42
v 106.00 105.60 0.48
v 107.00 105.60 0.51
v 107.00 105.80 0.51
v 106.00 105.80 0.48
v 137.20 105.40 0.52
v 137.60 105.40 0.53
v 137.60 105.80 0.52
v 137.20 105.80 0.51
v 137.20 105.40 1.42
v 137.60 105.40 1.43
v 137.60 105.80 1.42
v 137.20 105.80 1.41
v 133.20 105.40 0.40
v 133.40 105.40 0.40
v 133.40 105.60 0.40
v 133.20 105.60 0.39
v 133.20 105.40 1.30
v 133.40 105.40 1.30
v 133.40 105.60 1.30
v 133.20 105.60 1.29
v 105.80 105.40 -0.42
v 107.00 105.40 -0.38
v 107.00 105.60 -0.39
v 105.80 105.60 -0.42
v 105.80 105.40 0.48
v 107.00 105.40 0.52
v 107.00 105.60 0.51
v 105.80 105.60 0.48
v 105.40 105.20 -0.42
v 105.60 105.20 -0.42
v 105.60 105.40 -0.42
v 105.40 105.40 -0.43
v 105.40 105.20 0.48
v 105.60 105.20 0.48
v 105.60 105.40 0.48
v 105.40 105.40 0.47
v 105.80 105.00 -0.40
v 106.00 105.00 -0.40
v 106.00 105.40 -0.41
v 105.80 105.40 -0.42
v 105.80 105.00 0.50
v 106.00 105.00 0.50
v 106.00 105.40 0.49
v 105.80 105.40 0.48
v 105.20 105.00 -0.42
v 105.60 105.00 -0.41
v 105.60 105.20 -0.42
v 105.20 105.20 -0.43
v 105.20 105.00 0.48
v 105.60 105.00 0.49
v 105.60 105.20 0.48
v 105.20 105.20 0.47
v 179.40 104.80 0.98
v 179.60 104.80 0.98
v 179.60 105.00 0.98
v 179.40 105.00 0.98
v 179.40 104.80 1.88
v 179.60 104.80 1.88
v 179.60 105.00 1.88
v 179.40 105.00 1.88
v 105.40 104.60 -0.40
v 106.00 104.60 -0.39
v 106.00 105.00 -0.40
v 105.40 105.00 -0.42
v 105.40 104.60 0.50
v 106.00 104.60 0.51
v 106.00 105.00 0.50
v 105.40 105.00 0.48
v 177.40 104.60 1.00
v 177.80 104.60 1.00
v 177.80 104.80 0.99
v 177.40 104.80 0.99
v 177.40 104.60 1.90
v 177.80 104.60 1.90
v 177.80 104.80 1.89
v 177.40 104.80 1.89
v 177.60 104.40 1.00
v 178.20 104.40 1.00
v 178.20 104.60 0.99
v 177.60 104.60 1.00
v 177.60 104.40 1.90
v 178.20 104.40 1.90
v 178.20 104.60 1.89
v 177.60 104.60 1.90
v 179.20 104.20 0.98
v 179.60 104.20 0.98
v 179.60 104.80 0.98
v 179.20 104.80 0.98
v 179.20 104.20 1.88
v 179.60 104.20 1.88
v 179.60 104.80 1.88
v 179.20 104.80 1.88
v 177.80 104.20 1.00
v 178.20 104.20 1.00
v 178.20 104.40 1.00
v 177.80 104.40 1.00
v 177.80 104.20 1.90
v 178.20 104.20 1.90
v 178.20 104.40 1.90
v 177.80 104.40 1.90
v 137.40 104.20 0.56
v 137.60 104.20 0.56
v 137.60 104.40 0.56
v 137.40 104.40 0.55
v 137.40 104.20 1.46
v 137.60 104.20 1.46
v 137.60 104.40 1.46
v 137.40 104.40 1.45
v 177.80 104.00 1.01
v 178.00 104.00 1.00
v 178.00 104.20 1.00
v 177.80 104.20 1.00
v 177.80 104.00 1.91
v 178.00 104.00 1.90
v 178.00 104.20 1.90
v 177.80 104.20 1.90
v 178.20 104.00 1.00
v 178.40 104.00 1.00
v 178.40 104.20 0.99
v 178.20 104.20 1.00
v 178.20 104.00 1.90
v 178.40 104.00 1.90
v 178.40 104.20 1.89
v 178.20 104.20 1.90
v 179.00 104.00 0.99
v 179.60 104.00 0.98
v 179.60 104.20 0.98
v 179.00 104.20 0.98
v 179.00 104.00 1.89
v 179.60 104.00 1.88
v 179.60 104.20 1.88
v 179.00 104.20 1.88
v 178.00 103.80 1.00
v 178.80 103.80 0.99
v 178.80 104.00 0.99
v 178.00 104.00 1.00
v 178.00 103.80 1.90
v 178.80 103.80 1.89
v 178.80 104.00 1.89
v 178.00 104.00 1.90
v 178.60 103.60 1.00
v 178.80 103.60 0.99
v 178.80 103.80 0.99
v 178.60 103.80 0.99
v 178.60 103.60 1.90
v 178.80 103.60 1.89
v 178.80 103.80 1.89
v 178.60 103.80 1.89
v 178.60 103.20 1.00
v 178.80 103.20 1.00
v 178.80 103.40 1.00
v 178.60 103.40 1.00
v 178.60 103.20 1.90
v 178.80 103.20 1.90
v 178.80 103.40 1.90
v 178.60 103.40 1.90
v 138.80 103.20 0.63
v 139.00 103.20 0.63
v 139.00 103.40 0.63
v 138.80 103.40 0.62
v 138.80 103.20 1.53
v 139.00 103.20 1.53
v 139.00 103.40 1.53
v 138.80 103.40 1.52
v 180.20 101.00 1.01
v 180.60 101.00 1.00
v 180.60 101.20 0.99
v 180.20 101.20 1.00
v 180.20 101.00 1.91
v 180.60 101.00 1.90
v 180.60 101.20 1.89
v 180.20 101.20 1.90
v 180.40 100.80 1.00
v 181.00 100.80 0.99
v 181.00 101.00 0.99
v 180.40 101.00 1.00
v 180.40 100.80 1.90
v 181.00 100.80 1.89
v 181.00 101.00 1.89
v 180.40 101.00 1.90
v 180.60 100.60 1.00
v 181.40 100.60 0.99
v 181.40 100.80 0.98
v 180.60 100.80 1.00
v 180.60 100.60 1.90
v 181.40 100.60 1.89
v 181.40 100.80 1.88
v 180.60 100.80 1.90
v 181.20 100.40 0.99
v 181.40 100.40 0.99
v 181.40 100.60 0.99
v 181.20 100.60 0.99
v 181.20 100.40 1.89
v 181.40 100.40 1.89
v 181.40 100.60 1.89
v 181.20 100.60 1.89
v 181.20 100.20 1.00
v 181.60 100.20 0.99
v 181.60 100.40 0.99
v 181.20 100.40 0.99
v 181.20 100.20 1.90
v 181.60 100.20 1.89
v 181.60 100.40 1.89
v 181.20 100.40 1.89
v 181.40 100.00 1.00
v 181.60 100.00 1.00
v 181.60 100.20 0.99
v 181.40 100.20 0.99
v 181.40 100.00 1.90
v 181.60 100.00 1.90
v 181.60 100.20 1.89
v 181.40 100.20 1.89
v 185.80 97.00 0.92
v 186.00 97.00 0.91
v 186.00 97.20 0.91
v 185.80 97.20 0.92
v 185.80 97.00 1.82
v 186.00 97.00 1.81
v 186.00 97.20 1.81
v 185.80 97.20 1.82
v 186.20 96.80 0.91
v 186.40 96.80 0.91
v 186.40 97.40 0.92
v 186.20 97.40 0.92
v 186.20 96.80 1.81
v 186.40 96.80 1.81
v 186.40 97.40 1.82
v 186.20 97.40 1.82
v 82.00 96.80 -0.70
v 82.20 96.80 -0.70
v 82.20 97.00 -0.70
v 82.00 97.00 -0.70
v 82.00 96.80 0.20
v 82.20 96.80 0.20
v 82.20 97.00 0.20
v 82.00 97.00 0.20
v 95.40 96.60 -0.43
v 95.80 96.60 -0.42
v 95.80 96.80 -0.42
v 95.40 96.80 -0.43
v 95.40 96.60 0.47
v 95.80 96.60 0.48
v 95.80 96.80 0.48
v 95.40 96.80 0.47
v 95.40 96.40 -0.42
v 96.00 96.40 -0.40
v 96.00 96.60 -0.41
v 95.40 96.60 -0.43
v 95.40 96.40 0.48
v 96.00 96.40 0.50
v 96.00 96.60 0.49
v 95.40 96.60 0.47
v 81.40 96.20 -0.70
v 81.60 96.20 -0.70
v 81.60 96.40 -0.70
v 81.40 96.40 -0.70
v 81.40 96.20 0.20
v 81.60 96.20 0.20
v 81.60 96.40 0.20
v 81.40 96.40 0.20
v 95.00 96.20 -0.42
v 96.00 96.20 -0.40
v 96.00 96.40 -0.40
v 95.00 96.40 -0.43
v 95.00 96.20 0.48
v 96.00 96.20 0.50
v 96.00 96.40 0.50
v 95.00 96.40 0.47
v 95.20 96.00 -0.41
v 96.00 96.00 -0.39
v 96.00 96.20 -0.40
v 95.20 96.20 -0.42
v 95.20 96.00 0.49
v 96.00 96.00 0.51
v 96.00 96.20 0.50
v 95.20 96.20 0.48
v 94.20 95.40 -0.42
v 95.00 95.40 -0.40
v 95.00 95.80 -0.41
v 94.20 95.80 -0.43
v 94.20 95.40 0.48
v 95.00 95.40 0.50
v 95.00 95.80 0.49
v 94.20 95.80 0.47
v 94.60 95.20 -0.41
v 94.80 95.20 -0.40
v 94.80 95.40 -0.41
v 94.60 95.40 -0.41
v 94.60 95.20 0.49
v 94.80 95.20 0.50
v 94.80 95.40 0.49
v 94.60 95.40 0.49
v 185.40 94.40 0.98
v 185.80 94.40 0.97
v 185.80 94.60 0.97
v 185.40 94.60 0.97
v 185.40 94.40 1.88
v 185.80 94.40 1.87
v 185.80 94.60 1.87
v 185.40 94.60 1.87
v 186.20 94.40 0.97
v 186.40 94.40 0.96
v 186.40 94.60 0.96
v 186.20 94.60 0.96
v 186.20 94.40 1.87
v 186.40 94.40 1.86
v 186.40 94.60 1.86
v 186.20 94.60 1.86
v 144.00 94.20 0.92
v 144.20 94.20 0.92
v 144.20 94.60 0.92
v 144.00 94.60 0.91
v 144.00 94.20 1.82
v 144.20 94.20 1.82
v 144.20 94.60 1.82
v 144.00 94.60 1.81
v 186.00 94.20 0.98
v 186.20 94.20 0.97
v 186.20 94.40 0.97
v 186.00 94.40 0.97
v 186.00 94.20 1.88
v 186.20 94.20 1.87
v 186.20 94.40 1.87
v 186.00 94.40 1.87
v 143.80 94.00 0.92
v 144.20 94.00 0.93
v 144.20 94.20 0.92
v 143.80 94.20 0.92
v 143.80 94.00 1.82
v 144.20 94.00 1.83
v 144.20 94.20 1.82
v 143.80 94.20 1.82
v 185.60 94.00 0.99
v 185.80 94.00 0.98
v 185.80 94.20 0.98
v 185.60 94.20 0.98
v 185.60 94.00 1.89
v 185.80 94.00 1.88
v 185.80 94.20 1.88
v 185.60 94.20 1.88
v 144.00 93.80 0.92
v 144.20 93.80 0.93
v 144.20 94.00 0.93
v 144.00 94.00 0.92
v 144.00 93.80 1.82
v 144.20 93.80 1.83
v 144.20 94.00 1.83
v 144.00 94.00 1.82
v 186.20 93.60 0.98
v 186.40 93.60 0.97
v 186.40 93.80 0.97
v 186.20 93.80 0.97
v 186.20 93.60 1.88
v 186.40 93.60 1.87
v 186.40 93.80 1.87
v 186.20 93.80 1.87
v 186.40 93.20 0.98
v 186.80 93.20 0.97
v 186.80 93.40 0.96
v 186.40 93.40 0.97
v 186.40 93.20 1.88
v 186.80 93.20 1.87
v 186.80 93.40 1.86
v 186.40 93.40 1.87
v 186.40 93.00 0.98
v 187.00 93.00 0.97
v 187.00 93.20 0.96
v 186.40 93.20 0.98
v 186.40 93.00 1.88
v 187.00 93.00 1.87
v 187.00 93.20 1.86
v 186.40 93.20 1.88
v 189.80 92.80 0.95
v 190.00 92.80 0.95
v 190.00 93.00 0.95
v 189.80 93.00 0.95
v 189.80 92.80 1.85
v 190.00 92.80 1.85
v 190.00 93.00 1.85
v 189.80 93.00 1.85
v 186.80 92.80 0.98
v 187.20 92.80 0.97
v 187.20 93.00 0.96
v 186.80 93.00 0.97
v 186.80 92.80 1.88
v 187.20 92.80 1.87
v 187.20 93.00 1.86
v 186.80 93.00 1.87
v 190.20 92.80 0.95
v 190.40 92.80 0.95
v 190.40 93.00 0.96
v 190.20 93.00 0.95
v 190.20 92.80 1.85
v 190.40 92.80 1.85
v 190.40 93.00 1.86
v 190.20 93.00 1.85
v 189.80 92.60 0.94
v 190.40 92.60 0.95
v 190.40 92.80 0.95
v 189.80 92.80 0.95
v 189.80 92.60 1.84
v 190.40 92.60 1.85
v 190.40 92.80 1.85
v 189.80 92.80 1.85
v 190.60 92.60 0.95
v 190.80 92.60 0.96
v 190.80 92.80 0.96
v 190.60 92.80 0.96
v 190.60 92.60 1.85
v 190.80 92.60 1.86
v 190.80 92.80 1.86
v 190.60 92.80 1.86
v 186.80 92.60 0.98
v 187.40 92.60 0.97
v 187.40 92.80 0.96
v 186.80 92.80 0.98
v 186.80 92.60 1.88
v 187.40 92.60 1.87
v 187.40 92.80 1.86
v 186.80 92.80 1.88
v 76.20 92.40 -0.71
v 76.40 92.40 -0.71
v 76.40 92.60 -0.71
v 76.20 92.60 -0.71
v 76.20 92.40 0.19
v 76.40 92.40 0.19
v 76.40 92.60 0.19
v 76.20 92.60 0.19
v 189.60 92.40 0.94
v 191.00 92.40 0.96
v 191.00 92.60 0.97
v 189.60 92.60 0.94
v 189.60 92.40 1.84
v 191.00 92.40 1.86
v 191.00 92.60 1.87
v 189.60 92.60 1.84
v 76.00 92.20 -0.71
v 76.20 92.20 -0.71
v 76.20 92.40 -0.71
v 76.00 92.40 -0.71
v 76.00 92.20 0.19
v 76.20 92.20 0.19
v 76.20 92.40 0.19
v 76.00 92.40 0.19
v 189.40 92.20 0.95
v 189.80 92.20 0.94
v 189.80 92.40 0.94
v 189.40 92.40 0.95
v 189.40 92.20 1.85
v 189.80 92.20 1.84
v 189.80 92.40 1.84
v 189.40 92.40 1.85
v 187.20 92.20 0.98
v 187.60 92.20 0.98
v 187.60 92.40 0.97
v 187.20 92.40 0.98
v 187.20 92.20 1.88
v 187.60 92.20 1.88
v 187.60 92.40 1.87
v 187.20 92.40 1.88
v 187.40 92.00 0.98
v 187.80 92.00 0.98
v 187.80 92.20 0.98
v 187.40 92.20 0.98
v 187.40 92.00 1.88
v 187.80 92.00 1.88
v 187.80 92.20 1.88
v 187.40 92.20 1.88
v 75.80 92.00 -0.71
v 76.00 92.00 -0.71
v 76.00 92.20 -0.71
v 75.80 92.20 -0.71
v 75.80 92.00 0.19
v 76.00 92.00 0.19
v 76.00 92.20 0.19
v 75.80 92.20 0.19
v 189.40 92.00 0.95
v 189.60 92.00 0.95
v 189.60 92.20 0.94
v 189.40 92.20 0.95
v 189.40 92.00 1.85
v 189.60 92.00 1.85
v 189.60 92.20 1.84
v 189.40 92.20 1.85
v 187.60 91.80 0.99
v 188.00 91.80 0.98
v 188.00 92.00 0.98
v 187.60 92.00 0.98
v 187.60 91.80 1.89
v 188.00 91.80 1.88
v 188.00 92.00 1.88
v 187.60 92.00 1.88
v 188.60 91.60 0.97
v 188.80 91.60 0.96
v 188.80 91.80 0.96
v 188.60 91.80 0.97
v 188.60 91.60 1.87
v 188.80 91.60 1.86
v 188.80 91.80 1.86
v 188.60 91.80 1.87
v 188.40 91.40 0.97
v 189.00 91.40 0.96
v 189.00 91.60 0.96
v 188.40 91.60 0.97
v 188.40 91.40 1.87
v 189.00 91.40 1.86
v 189.00 91.60 1.86
v 188.40 91.60 1.87
v 188.60 91.20 0.97
v 188.80 91.20 0.97
v 188.80 91.40 0.97
v 188.60 91.40 0.97
v 188.60 91.20 1.87
v 188.80 91.20 1.87
v 188.80 91.40 1.87
v 188.60 91.40 1.87
v 137.00 91.00 0.85
v 137.20 91.00 0.85
v 137.20 91.20 0.85
v 137.00 91.20 0.84
v 137.00 91.00 1.75
v 137.20 91.00 1.75
v 137.20 91.20 1.75
v 137.00 91.20 1.74
v 100.80 90.80 -0.08
v 101.20 90.80 -0.07
v 101.20 91.00 -0.08
v 100.80 91.00 -0.09
v 100.80 90.80 0.82
v 101.20 90.80 0.83
v 101.20 91.00 0.82
v 100.80 91.00 0.81
v 137.80 90.60 0.87
v 138.00 90.60 0.87
v 138.00 90.80 0.87
v 137.80 90.80 0.86
v 137.80 90.60 1.77
v 138.00 90.60 1.77
v 138.00 90.80 1.77
v 137.80 90.80 1.76
v 208.00 90.00 1.18
v 208.20 90.00 1.18
v 208.20 90.20 1.18
v 208.00 90.20 1.18
v 208.00 90.00 2.08
v 208.20 90.00 2.08
v 208.20 90.20 2.08
v 208.00 90.20 2.08
v 107.00 90.00 0.10
v 107.40 90.00 0.11
v 107.40 90.20 0.10
v 107.00 90.20 0.09
v 107.00 90.00 1.00
v 107.40 90.00 1.01
v 107.40 90.20 1.00
v 107.00 90.20 0.99
v 207.80 89.80 1.18
v 208.00 89.80 1.18
v 208.00 90.00 1.18
v 207.80 90.00 1.18
v 207.80 89.80 2.08
v 208.00 89.80 2.08
v 208.00 90.00 2.08
v 207.80 90.00 2.08
v 68.80 89.60 -0.76
v 69.00 89.60 -0.76
v 69.00 89.80 -0.76
v 68.80 89.80 -0.76
v 68.80 89.60 0.14
v 69.00 89.60 0.14
v 69.00 89.80 0.14
v 68.80 89.80 0.14
v 207.60 89.60 1.18
v 207.80 89.60 1.18
v 207.80 89.80 1.18
v 207.60 89.80 1.18
v 207.60 89.60 2.08
v 207.80 89.60 2.08
v 207.80 89.80 2.08
v 207.60 89.80 2.08
v 68.60 89.40 -0.76
v 68.80 89.40 -0.76
v 68.80 89.60 -0.76
v 68.60 89.60 -0.76
v 68.60 89.40 0.14
v 68.80 89.40 0.14
v 68.80 89.60 0.14
v 68.60 89.60 0.14
v 69.00 89.40 -0.76
v 69.20 89.40 -0.75
v 69.20 89.60 -0.76
v 69.00 89.60 -0.76
v 69.00 89.40 0.14
v 69.20 89.40 0.15
v 69.20 89.60 0.14
v 69.00 89.60 0.14
v 111.80 89.20 0.24
v 112.20 89.20 0.25
v 112.20 89.40 0.25
v 111.80 89.40 0.24
v 111.80 89.20 1.14
v 112.20 89.20 1.15
v 112.20 89.40 1.15
v 111.80 89.40 1.14
v 69.40 89.20 -0.75
v 69.60 89.20 -0.75
v 69.60 89.40 -0.75
v 69.40 89.40 -0.75
v 69.40 89.20 0.15
v 69.60 89.20 0.15
v 69.60 89.40 0.15
v 69.40 89.40 0.15
v 68.40 89.20 -0.76
v 69.20 89.20 -0.75
v 69.20 89.40 -0.75
v 68.40 89.40 -0.76
v 68.40 89.20 0.14
v 69.20 89.20 0.15
v 69.20 89.40 0.15
v 68.40 89.40 0.14
v 111.80 89.00 0.25
v 112.40 89.00 0.27
v 112.40 89.20 0.26
v 111.80 89.20 0.24
v 111.80 89.00 1.15
v 112.40 89.00 1.17
v 112.40 89.20 1.16
v 111.80 89.20 1.14
v 69.20 89.00 -0.75
v 69.40 89.00 -0.75
v 69.40 89.20 -0.75
v 69.20 89.20 -0.75
v 69.20 89.00 0.15
v 69.40 89.00 0.15
v 69.40 89.20 0.15
v 69.20 89.20 0.15
v 68.20 89.00 -0.76
v 68.60 89.00 -0.76
v 68.60 89.20 -0.76
v 68.20 89.20 -0.76
v 68.20 89.00 0.14
v 68.60 89.00 0.14
v 68.60 89.20 0.14
v 68.20 89.20 0.14
v 111.00 89.00 0.23
v 111.20 89.00 0.24
v 111.20 89.20 0.23
v 111.00 89.20 0.23
v 111.00 89.00 1.13
v 111.20 89.00 1.14
v 111.20 89.20 1.13
v 111.00 89.20 1.13
v 140.20 88.80 0.92
v 140.40 88.80 0.93
v 140.40 89.20 0.92
v 140.20 89.20 0.92
v 140.20 88.80 1.82
v 140.40 88.80 1.83
v 140.40 89.20 1.82
v 140.20 89.20 1.82
v 68.00 88.80 -0.76
v 68.20 88.80 -0.76
v 68.20 89.00 -0.76
v 68.00 89.00 -0.76
v 68.00 88.80 0.14
v 68.20 88.80 0.14
v 68.20 89.00 0.14
v 68.00 89.00 0.14
v 112.00 88.80 0.26
v 112.40 88.80 0.27
v 112.40 89.00 0.27
v 112.00 89.00 0.26
v 112.00 88.80 1.16
v 112.40 88.80 1.17
v 112.40 89.00 1.17
v 112.00 89.00 1.16
v 69.00 88.80 -0.75
v 69.20 88.80 -0.75
v 69.20 89.00 -0.75
v 69.00 89.00 -0.75
v 69.00 88.80 0.15
v 69.20 88.80 0.15
v 69.20 89.00 0.15
v 69.00 89.00 0.15
v 111.20 88.80 0.24
v 111.60 88.80 0.25
v 111.60 89.00 0.25
v 111.20 89.00 0.24
v 111.20 88.80 1.14
v 111.60 88.80 1.15
v 111.60 89.00 1.15
v 111.20 89.00 1.14
v 68.40 88.80 -0.75
v 68.80 88.80 -0.75
v 68.80 89.00 -0.75
v 68.40 89.00 -0.76
v 68.40 88.80 0.15
v 68.80 88.80 0.15
v 68.80 89.00 0.15
v 68.40 89.00 0.14
v 67.80 88.60 -0.76
v 68.00 88.60 -0.76
v 68.00 88.80 -0.76
v 67.80 88.80 -0.76
v 67.80 88.60 0.14
v 68.00 88.60 0.14
v 68.00 88.80 0.14
v 67.80 88.80 0.14
v 111.40 88.60 0.25
v 111.60 88.60 0.26
v 111.60 88.80 0.25
v 111.40 88.80 0.25
v 111.40 88.60 1.15
v 111.60 88.60 1.16
v 111.60 88.80 1.15
v 111.40 88.80 1.15
v 112.20 88.60 0.27
v 112.40 88.60 0.28
v 112.40 88.80 0.27
v 112.20 88.80 0.27
v 112.20 88.60 1.17
v 112.40 88.60 1.18
v 112.40 88.80 1.17
v 112.20 88.80 1.17
v 68.20 88.60 -0.75
v 68.60 88.60 -0.75
v 68.60 88.80 -0.75
v 68.20 88.80 -0.76
v 68.20 88.60 0.15
v 68.60 88.60 0.15
v 68.60 88.80 0.15
v 68.20 88.80 0.14
v 68.80 88.40 -0.74
v 69.00 88.40 -0.74
v 69.00 88.80 -0.75
v 68.80 88.80 -0.75
v 68.80 88.40 0.16
v 69.00 88.40 0.16
v 69.00 88.80 0.15
v 68.80 88.80 0.15
v 112.40 88.40 0.28
v 112.60 88.40 0.29
v 112.60 88.60 0.28
v 112.40 88.60 0.28
v 112.40 88.40 1.18
v 112.60 88.40 1.19
v 112.60 88.60 1.18
v 112.40 88.60 1.18
v 68.20 88.40 -0.75
v 68.40 88.40 -0.75
v 68.40 88.60 -0.75
v 68.20 88.60 -0.75
v 68.20 88.40 0.15
v 68.40 88.40 0.15
v 68.40 88.60 0.15
v 68.20 88.60 0.15
v 67.40 88.40 -0.76
v 67.80 88.40 -0.76
v 67.80 88.60 -0.76
v 67.40 88.60 -0.76
v 67.40 88.40 0.14
v 67.80 88.40 0.14
v 67.80 88.60 0.14
v 67.40 88.60 0.14
v 111.20 88.20 0.26
v 111.40 88.20 0.26
v 111.40 88.40 0.26
v 111.20 88.40 0.25
v 111.20 88.20 1.16
v 111.40 88.20 1.16
v 111.40 88.40 1.16
v 111.20 88.40 1.15
v 206.20 88.20 1.17
v 206.40 88.20 1.17
v 206.40 88.40 1.17
v 206.20 88.40 1.17
v 206.20 88.20 2.07
v 206.40 88.20 2.07
v 206.40 88.40 2.07
v 206.20 88.40 2.07
v 68.00 88.20 -0.75
v 68.40 88.20 -0.75
v 68.40 88.40 -0.75
v 68.00 88.40 -0.75
v 68.00 88.20 0.15
v 68.40 88.20 0.15
v 68.40 88.40 0.15
v 68.00 88.40 0.15
v 67.40 88.20 -0.76
v 67.60 88.20 -0.76
v 67.60 88.40 -0.76
v 67.40 88.40 -0.76
v 67.40 88.20 0.14
v 67.60 88.20 0.14
v 67.60 88.40 0.14
v 67.40 88.40 0.14
v 68.60 88.00 -0.74
v 68.80 88.00 -0.74
v 68.80 88.40 -0.74
v 68.60 88.40 -0.75
v 68.60 88.00 0.16
v 68.80 88.00 0.16
v 68.80 88.40 0.16
v 68.60 88.40 0.15
v 206.00 88.00 1.16
v 206.40 88.00 1.17
v 206.40 88.20 1.17
v 206.00 88.20 1.16
v 206.00 88.00 2.06
v 206.40 88.00 2.07
v 206.40 88.20 2.07
v 206.00 88.20 2.06
v 67.20 88.00 -0.76
v 68.20 88.00 -0.74
v 68.20 88.20 -0.75
v 67.20 88.20 -0.76
v 67.20 88.00 0.14
v 68.20 88.00 0.16
v 68.20 88.20 0.15
v 67.20 88.20 0.14
v 194.20 87.80 0.96
v 194.60 87.80 0.97
v 194.60 88.00 0.97
v 194.20 88.00 0.97
v 194.20 87.80 1.86
v 194.60 87.80 1.87
v 194.60 88.00 1.87
v 194.20 88.00 1.87
v 206.00 87.80 1.16
v 206.20 87.80 1.16
v 206.20 88.00 1.17
v 206.00 88.00 1.16
v 206.00 87.80 2.06
v 206.20 87.80 2.06
v 206.20 88.00 2.07
v 206.00 88.00 2.06
v 67.20 87.80 -0.75
v 67.40 87.80 -0.75
v 67.40 88.00 -0.75
v 67.20 88.00 -0.76
v 67.20 87.80 0.15
v 67.40 87.80 0.15
v 67.40 88.00 0.15
v 67.20 88.00 0.14
v 68.40 87.60 -0.74
v 68.60 87.60 -0.73
v 68.60 88.00 -0.74
v 68.40 88.00 -0.74
v 68.40 87.60 0.16
v 68.60 87.60 0.17
v 68.60 88.00 0.16
v 68.40 88.00 0.16
v 67.80 87.60 -0.74
v 68.00 87.60 -0.74
v 68.00 87.80 -0.74
v 67.80 87.80 -0.75
v 67.80 87.60 0.16
v 68.00 87.60 0.16
v 68.00 87.80 0.16
v 67.80 87.80 0.15
v 68.80 87.60 -0.73
v 69.00 87.60 -0.73
v 69.00 87.80 -0.73
v 68.80 87.80 -0.73
v 68.80 87.60 0.17
v 69.00 87.60 0.17
v 69.00 87.80 0.17
v 68.80 87.80 0.17
v 84.20 87.60 -0.44
v 84.40 87.60 -0.44
v 84.40 87.80 -0.44
v 84.20 87.80 -0.45
v 84.20 87.60 0.46
v 84.40 87.60 0.46
v 84.40 87.80 0.46
v 84.20 87.80 0.45
v 194.00 87.40 0.96
v 194.80 87.40 0.97
v 194.80 87.80 0.97
v 194.00 87.80 0.96
v 194.00 87.40 1.86
v 194.80 87.40 1.87
v 194.80 87.80 1.87
v 194.00 87.80 1.86
v 67.80 87.40 -0.74
v 68.80 87.40 -0.73
v 68.80 87.60 -0.73
v 67.80 87.60 -0.74
v 67.80 87.40 0.16
v 68.80 87.40 0.17
v 68.80 87.60 0.17
v 67.80 87.60 0.16
v 118.00 87.40 0.45
v 118.20 87.40 0.46
v 118.20 87.60 0.45
v 118.00 87.60 0.45
v 118.00 87.40 1.35
v 118.20 87.40 1.36
v 118.20 87.60 1.35
v 118.00 87.60 1.35
v 84.20 87.40 -0.43
v 84.80 87.40 -0.42
v 84.80 87.60 -0.43
v 84.20 87.60 -0.44
v 84.20 87.40 0.47
v 84.80 87.40 0.48
v 84.80 87.60 0.47
v 84.20 87.60 0.46
v 193.60 87.40 0.96
v 193.80 87.40 0.96
v 193.80 87.60 0.96
v 193.60 87.60 0.96
v 193.60 87.40 1.86
v 193.80 87.40 1.86
v 193.80 87.60 1.86
v 193.60 87.60 1.86
v 118.00 87.20 0.46
v 118.80 87.20 0.48
v 118.80 87.40 0.47
v 118.00 87.40 0.45
v 118.00 87.20 1.36
v 118.80 87.20 1.38
v 118.80 87.40 1.37
v 118.00 87.40 1.35
v 193.20 87.20 0.97
v 194.80 87.20 0.97
v 194.80 87.40 0.97
v 193.20 87.40 0.97
v 193.20 87.20 1.87
v 194.80 87.20 1.87
v 194.80 87.40 1.87
v 193.20 87.40 1.87
v 68.80 87.20 -0.72
v 69.00 87.20 -0.72
v 69.00 87.40 -0.72
v 68.80 87.40 -0.73
v 68.80 87.20 0.18
v 69.00 87.20 0.18
v 69.00 87.40 0.18
v 68.80 87.40 0.17
v 83.60 87.20 -0.44
v 84.00 87.20 -0.43
v 84.00 87.40 -0.44
v 83.60 87.40 -0.45
v 83.60 87.20 0.46
v 84.00 87.20 0.47
v 84.00 87.40 0.46
v 83.60 87.40 0.45
v 68.00 87.20 -0.73
v 68.40 87.20 -0.73
v 68.40 87.40 -0.73
v 68.00 87.40 -0.74
v 68.00 87.20 0.17
v 68.40 87.20 0.17
v 68.40 87.40 0.17
v 68.00 87.40 0.16
v 84.40 87.00 -0.42
v 85.00 87.00 -0.40
v 85.00 87.40 -0.42
v 84.40 87.40 -0.43
v 84.40 87.00 0.48
v 85.00 87.00 0.50
v 85.00 87.40 0.48
v 84.40 87.40 0.47
v 118.40 87.00 0.47
v 119.00 87.00 0.49
v 119.00 87.20 0.48
v 118.40 87.20 0.47
v 118.40 87.00 1.37
v 119.00 87.00 1.39
v 119.00 87.20 1.38
v 118.40 87.20 1.37
v 192.60 87.00 0.97
v 192.80 87.00 0.97
v 192.80 87.20 0.97
v 192.60 87.20 0.97
v 192.60 87.00 1.87
v 192.80 87.00 1.87
v 192.80 87.20 1.87
v 192.60 87.20 1.87
v 83.80 87.00 -0.43
v 84.20 87.00 -0.42
v 84.20 87.20 -0.43
v 83.80 87.20 -0.44
v 83.80 87.00 0.47
v 84.20 87.00 0.48
v 84.20 87.20 0.47
v 83.80 87.20 0.46
v 117.80 87.00 0.46
v 118.20 87.00 0.47
v 118.20 87.20 0.46
v 117.80 87.20 0.45
v 117.80 87.00 1.36
v 118.20 87.00 1.37
v 118.20 87.20 1.36
v 117.80 87.20 1.35
v 117.20 87.00 0.44
v 117.40 87.00 0.45
v 117.40 87.20 0.44
v 117.20 87.20 0.44
v 117.20 87.00 1.34
v 117.40 87.00 1.35
v 117.40 87.20 1.34
v 117.20 87.20 1.34
v 68.00 87.00 -0.73
v 68.60 87.00 -0.72
v 68.60 87.20 -0.73
v 68.00 87.20 -0.73
v 68.00 87.00 0.17
v 68.60 87.00 0.18
v 68.60 87.20 0.17
v 68.00 87.20 0.17
v 193.00 87.00 0.97
v 193.20 87.00 0.97
v 193.20 87.20 0.97
v 193.00 87.20 0.97
v 193.00 87.00 1.87
v 193.20 87.00 1.87
v 193.20 87.20 1.87
v 193.00 87.20 1.87
v 194.20 87.00 0.97
v 195.00 87.00 0.97
v 195.00 87.20 0.97
v 194.20 87.20 0.96
v 194.20 87.00 1.87
v 195.00 87.00 1.87
v 195.00 87.20 1.87
v 194.20 87.20 1.86
v 117.40 86.80 0.45
v 117.80 86.80 0.46
v 117.80 87.00 0.46
v 117.40 87.00 0.45
v 117.40 86.80 1.35
v 117.80 86.80 1.36
v 117.80 87.00 1.36
v 117.40 87.00 1.35
v 83.40 86.80 -0.44
v 85.00 86.80 -0.40
v 85.00 87.00 -0.40
v 83.40 87.00 -0.44
v 83.40 86.80 0.46
v 85.00 86.80 0.50
v 85.00 87.00 0.50
v 83.40 87.00 0.46
v 118.60 86.80 0.48
v 118.80 86.80 0.49
v 118.80 87.00 0.48
v 118.60 87.00 0.48
v 118.60 86.80 1.38
v 118.80 86.80 1.39
v 118.80 87.00 1.38
v 118.60 87.00 1.38
v 102.20 86.80 0.08
v 102.80 86.80 0.09
v 102.80 87.00 0.09
v 102.20 87.00 0.07
v 102.20 86.80 0.98
v 102.80 86.80 0.99
v 102.80 87.00 0.99
v 102.20 87.00 0.97
v 68.20 86.80 -0.73
v 68.60 86.80 -0.72
v 68.60 87.00 -0.72
v 68.20 87.00 -0.73
v 68.20 86.80 0.17
v 68.60 86.80 0.18
v 68.60 87.00 0.18
v 68.20 87.00 0.17
v 192.60 86.80 0.97
v 193.00 86.80 0.97
v 193.00 87.00 0.97
v 192.60 87.00 0.97
v 192.60 86.80 1.87
v 193.00 86.80 1.87
v 193.00 87.00 1.87
v 192.60 87.00 1.87
v 82.60 86.60 -0.45
v 82.80 86.60 -0.44
v 82.80 86.80 -0.45
v 82.60 86.80 -0.46
v 82.60 86.60 0.45
v 82.80 86.60 0.46
v 82.80 86.80 0.45
v 82.60 86.80 0.44
v 115.60 86.60 0.41
v 115.80 86.60 0.42
v 115.80 86.80 0.41
v 115.60 86.80 0.41
v 115.60 86.60 1.31
v 115.80 86.60 1.32
v 115.80 86.80 1.31
v 115.60 86.80 1.31
v 83.00 86.60 -0.44
v 83.20 86.60 -0.43
v 83.20 86.80 -0.44
v 83.00 86.80 -0.45
v 83.00 86.60 0.46
v 83.20 86.60 0.47
v 83.20 86.80 0.46
v 83.00 86.80 0.45
v 83.40 86.60 -0.43
v 83.80 86.60 -0.42
v 83.80 86.80 -0.43
v 83.40 86.80 -0.44
v 83.40 86.60 0.47
v 83.80 86.60 0.48
v 83.80 86.80 0.47
v 83.40 86.80 0.46
v 68.40 86.60 -0.72
v 68.80 86.60 -0.71
v 68.80 86.80 -0.72
v 68.40 86.80 -0.72
v 68.40 86.60 0.18
v 68.80 86.60 0.19
v 68.80 86.80 0.18
v 68.40 86.80 0.18
v 192.80 86.60 0.97
v 193.00 86.60 0.97
v 193.00 86.80 0.97
v 192.80 86.80 0.97
v 192.80 86.60 1.87
v 193.00 86.60 1.87
v 193.00 86.80 1.87
v 192.80 86.80 1.87
v 115.40 86.40 0.41
v 116.00 86.40 0.43
v 116.00 86.60 0.42
v 115.40 86.60 0.40
v 115.40 86.40 1.31
v 116.00 86.40 1.33
v 116.00 86.60 1.32
v 115.40 86.60 1.30
v 83.00 86.20 -0.43
v 84.00 86.20 -0.40
v 84.00 86.60 -0.41
v 83.00 86.60 -0.44
v 83.00 86.20 0.47
v 84.00 86.20 0.50
v 84.00 86.60 0.49
v 83.00 86.60 0.46
v 68.00 86.20 -0.72
v 68.20 86.20 -0.71
v 68.20 86.40 -0.72
v 68.00 86.40 -0.72
v 68.00 86.20 0.18
v 68.20 86.20 0.19
v 68.20 86.40 0.18
v 68.00 86.40 0.18
v 115.60 86.20 0.42
v 116.40 86.20 0.44
v 116.40 86.40 0.44
v 115.60 86.40 0.41
v 115.60 86.20 1.32
v 116.40 86.20 1.34
v 116.40 86.40 1.34
v 115.60 86.40 1.31
v 116.20 86.00 0.44
v 116.40 86.00 0.44
v 116.40 86.20 0.44
v 116.20 86.20 0.44
v 116.20 86.00 1.34
v 116.40 86.00 1.34
v 116.40 86.20 1.34
v 116.20 86.20 1.34
v 79.40 86.00 -0.51
v 79.80 86.00 -0.50
v 79.80 86.20 -0.50
v 79.40 86.20 -0.51
v 79.40 86.00 0.39
v 79.80 86.00 0.40
v 79.80 86.20 0.40
v 79.40 86.20 0.39
v 112.80 86.00 0.35
v 113.00 86.00 0.36
v 113.00 86.20 0.35
v 112.80 86.20 0.35
v 112.80 86.00 1.25
v 113.00 86.00 1.26
v 113.00 86.20 1.25
v 112.80 86.20 1.25
v 83.40 86.00 -0.41
v 84.00 86.00 -0.40
v 84.00 86.20 -0.40
v 83.40 86.20 -0.42
v 83.40 86.00 0.49
v 84.00 86.00 0.50
v 84.00 86.20 0.50
v 83.40 86.20 0.48
v 193.80 86.00 0.97
v 194.20 86.00 0.97
v 194.20 86.20 0.97
v 193.80 86.20 0.97
v 193.80 86.00 1.87
v 194.20 86.00 1.87
v 194.20 86.20 1.87
v 193.80 86.20 1.87
v 67.80 86.00 -0.72
v 68.20 86.00 -0.71
v 68.20 86.20 -0.71
v 67.80 86.20 -0.72
v 67.80 86.00 0.18
v 68.20 86.00 0.19
v 68.20 86.20 0.19
v 67.80 86.20 0.18
v 112.80 85.80 0.36
v 113.20 85.80 0.37
v 113.20 86.00 0.36
v 112.80 86.00 0.35
v 112.80 85.80 1.26
v 113.20 85.80 1.27
v 113.20 86.00 1.26
v 112.80 86.00 1.25
v 67.60 85.80 -0.72
v 68.00 85.80 -0.71
v 68.00 86.00 -0.71
v 67.60 86.00 -0.72
v 67.60 85.80 0.18
v 68.00 85.80 0.19
v 68.00 86.00 0.19
v 67.60 86.00 0.18
v 79.60 85.80 -0.50
v 80.20 85.80 -0.48
v 80.20 86.00 -0.49
v 79.60 86.00 -0.50
v 79.60 85.80 0.40
v 80.20 85.80 0.42
v 80.20 86.00 0.41
v 79.60 86.00 0.40
v 126.20 85.60 0.70
v 126.40 85.60 0.71
v 126.40 86.00 0.70
v 126.20 86.00 0.70
v 126.20 85.60 1.60
v 126.40 85.60 1.61
v 126.40 86.00 1.60
v 126.20 86.00 1.60
v 67.40 85.60 -0.72
v 67.60 85.60 -0.71
v 67.60 85.80 -0.72
v 67.40 85.80 -0.72
v 67.40 85.60 0.18
v 67.60 85.60 0.19
v 67.60 85.80 0.18
v 67.40 85.80 0.18
v 79.60 85.60 -0.49
v 80.00 85.60 -0.48
v 80.00 85.80 -0.49
v 79.60 85.80 -0.50
v 79.60 85.60 0.41
v 80.00 85.60 0.42
v 80.00 85.80 0.41
v 79.60 85.80 0.40
v 194.00 85.40 0.97
v 194.20 85.40 0.97
v 194.20 86.00 0.97
v 194.00 86.00 0.97
v 194.00 85.40 1.87
v 194.20 85.40 1.87
v 194.20 86.00 1.87
v 194.00 86.00 1.87
v 125.60 85.40 0.69
v 125.80 85.40 0.70
v 125.80 85.80 0.69
v 125.60 85.80 0.68
v 125.60 85.40 1.59
v 125.80 85.40 1.60
v 125.80 85.80 1.59
v 125.60 85.80 1.58
v 69.20 85.20 -0.68
v 69.40 85.20 -0.68
v 69.40 85.40 -0.68
v 69.20 85.40 -0.69
v 69.20 85.20 0.22
v 69.40 85.20 0.22
v 69.40 85.40 0.22
v 69.20 85.40 0.21
v 194.20 85.20 0.97
v 194.40 85.20 0.96
v 194.40 85.40 0.96
v 194.20 85.40 0.97
v 194.20 85.20 1.87
v 194.40 85.20 1.86
v 194.40 85.40 1.86
v 194.20 85.40 1.87
v 69.00 85.00 -0.68
v 69.60 85.00 -0.67
v 69.60 85.20 -0.68
v 69.00 85.20 -0.68
v 69.00 85.00 0.22
v 69.60 85.00 0.23
v 69.60 85.20 0.22
v 69.00 85.20 0.22
v 67.00 85.00 -0.71
v 67.40 85.00 -0.71
v 67.40 85.20 -0.71
v 67.00 85.20 -0.71
v 67.00 85.00 0.19
v 67.40 85.00 0.19
v 67.40 85.20 0.19
v 67.00 85.20 0.19
v 66.80 84.80 -0.71
v 67.20 84.80 -0.70
v 67.20 85.00 -0.71
v 66.80 85.00 -0.71
v 66.80 84.80 0.19
v 67.20 84.80 0.20
v 67.20 85.00 0.19
v 66.80 85.00 0.19
v 68.80 84.80 -0.68
v 69.40 84.80 -0.67
v 69.40 85.00 -0.67
v 68.80 85.00 -0.68
v 68.80 84.80 0.22
v 69.40 84.80 0.23
v 69.40 85.00 0.23
v 68.80 85.00 0.22
v 66.40 84.80 -0.72
v 66.60 84.80 -0.71
v 66.60 85.00 -0.72
v 66.40 85.00 -0.72
v 66.40 84.80 0.18
v 66.60 84.80 0.19
v 66.60 85.00 0.18
v 66.40 85.00 0.18
v 66.20 84.60 -0.72
v 67.00 84.60 -0.70
v 67.00 84.80 -0.71
v 66.20 84.80 -0.72
v 66.20 84.60 0.18
v 67.00 84.60 0.20
v 67.00 84.80 0.19
v 66.20 84.80 0.18
v 194.00 84.40 0.97
v 194.40 84.40 0.97
v 194.40 85.20 0.96
v 194.00 85.20 0.97
v 194.00 84.40 1.87
v 194.40 84.40 1.87
v 194.40 85.20 1.86
v 194.00 85.20 1.87
v 66.00 84.40 -0.72
v 67.00 84.40 -0.70
v 67.00 84.60 -0.70
v 66.00 84.60 -0.72
v 66.00 84.40 0.18
v 67.00 84.40 0.20
v 67.00 84.60 0.20
v 66.00 84.60 0.18
v 118.00 84.40 0.52
v 118.20 84.40 0.53
v 118.20 84.60 0.52
v 118.00 84.60 0.52
v 118.00 84.40 1.42
v 118.20 84.40 1.43
v 118.20 84.60 1.42
v 118.00 84.60 1.42
v 117.60 84.40 0.51
v 117.80 84.40 0.52
v 117.80 84.60 0.51
v 117.60 84.60 0.51
v 117.60 84.40 1.41
v 117.80 84.40 1.42
v 117.80 84.60 1.41
v 117.60 84.60 1.41
v 68.20 84.20 -0.68
v 68.80 84.20 -0.67
v 68.80 84.40 -0.67
v 68.20 84.40 -0.68
v 68.20 84.20 0.22
v 68.80 84.20 0.23
v 68.80 84.40 0.23
v 68.20 84.40 0.22
v 117.80 84.20 0.52
v 118.20 84.20 0.53
v 118.20 84.40 0.53
v 117.80 84.40 0.52
v 117.80 84.20 1.42
v 118.20 84.20 1.43
v 118.20 84.40 1.43
v 117.80 84.40 1.42
v 65.60 84.20 -0.72
v 66.60 84.20 -0.70
v 66.60 84.40 -0.71
v 65.60 84.40 -0.72
v 65.60 84.20 0.18
v 66.60 84.20 0.20
v 66.60 84.40 0.19
v 65.60 84.40 0.18
v 193.80 84.20 0.98
v 194.40 84.20 0.97
v 194.40 84.40 0.97
v 193.80 84.40 0.97
v 193.80 84.20 1.88
v 194.40 84.20 1.87
v 194.40 84.40 1.87
v 193.80 84.40 1.87
v 65.60 84.00 -0.71
v 66.40 84.00 -0.70
v 66.40 84.20 -0.71
v 65.60 84.20 -0.72
v 65.60 84.00 0.19
v 66.40 84.00 0.20
v 66.40 84.20 0.19
v 65.60 84.20 0.18
v 66.60 84.00 -0.70
v 66.80 84.00 -0.70
v 66.80 84.20 -0.70
v 66.60 84.20 -0.70
v 66.60 84.00 0.20
v 66.80 84.00 0.20
v 66.80 84.20 0.20
v 66.60 84.20 0.20
v 68.00 84.00 -0.68
v 68.60 84.00 -0.67
v 68.60 84.20 -0.67
v 68.00 84.20 -0.68
v 68.00 84.00 0.22
v 68.60 84.00 0.23
v 68.60 84.20 0.23
v 68.00 84.20 0.22
v 65.80 83.80 -0.71
v 66.20 83.80 -0.70
v 66.20 84.00 -0.71
v 65.80 84.00 -0.71
v 65.80 83.80 0.19
v 66.20 83.80 0.20
v 66.20 84.00 0.19
v 65.80 84.00 0.19
v 67.60 83.80 -0.68
v 68.20 83.80 -0.67
v 68.20 84.00 -0.67
v 67.60 84.00 -0.68
v 67.60 83.80 0.22
v 68.20 83.80 0.23
v 68.20 84.00 0.23
v 67.60 84.00 0.22
v 66.40 83.80 -0.70
v 66.60 83.80 -0.70
v 66.60 84.00 -0.70
v 66.40 84.00 -0.70
v 66.40 83.80 0.20
v 66.60 83.80 0.20
v 66.60 84.00 0.20
v 66.40 84.00 0.20
v 65.60 83.60 -0.71
v 66.00 83.60 -0.70
v 66.00 83.80 -0.70
v 65.60 83.80 -0.71
v 65.60 83.60 0.19
v 66.00 83.60 0.20
v 66.00 83.80 0.20
v 65.60 83.80 0.19
v 67.40 83.60 -0.68
v 68.00 83.60 -0.67
v 68.00 83.80 -0.67
v 67.40 83.80 -0.68
v 67.40 83.60 0.22
v 68.00 83.60 0.23
v 68.00 83.80 0.23
v 67.40 83.80 0.22
v 65.40 83.40 -0.71
v 66.00 83.40 -0.70
v 66.00 83.60 -0.70
v 65.40 83.60 -0.71
v 65.40 83.40 0.19
v 66.00 83.40 0.20
v 66.00 83.60 0.20
v 65.40 83.60 0.19
v 67.20 83.40 -0.68
v 67.80 83.40 -0.67
v 67.80 83.60 -0.67
v 67.20 83.60 -0.68
v 67.20 83.40 0.22
v 67.80 83.40 0.23
v 67.80 83.60 0.23
v 67.20 83.60 0.22
v 66.80 83.20 -0.68
v 67.60 83.20 -0.67
v 67.60 83.40 -0.67
v 66.80 83.40 -0.68
v 66.80 83.20 0.22
v 67.60 83.20 0.23
v 67.60 83.40 0.23
v 66.80 83.40 0.22
v 66.80 83.00 -0.68
v 67.40 83.00 -0.67
v 67.40 83.20 -0.67
v 66.80 83.20 -0.68
v 66.80 83.00 0.22
v 67.40 83.00 0.23
v 67.40 83.20 0.23
v 66.80 83.20 0.22
v 65.40 82.80 -0.69
v 65.80 82.80 -0.69
v 65.80 83.40 -0.70
v 65.40 83.40 -0.71
v 65.40 82.80 0.21
v 65.80 82.80 0.21
v 65.80 83.40 0.20
v 65.40 83.40 0.19
v 66.80 82.80 -0.67
v 67.00 82.80 -0.67
v 67.00 83.00 -0.67
v 66.80 83.00 -0.68
v 66.80 82.80 0.23
v 67.00 82.80 0.23
v 67.00 83.00 0.23
v 66.80 83.00 0.22
v 65.60 82.60 -0.69
v 65.80 82.60 -0.68
v 65.80 82.80 -0.69
v 65.60 82.80 -0.69
v 65.60 82.60 0.21
v 65.80 82.60 0.22
v 65.80 82.80 0.21
v 65.60 82.80 0.21
v 66.20 82.40 -0.67
v 66.40 82.40 -0.67
v 66.40 82.60 -0.67
v 66.20 82.60 -0.68
v 66.20 82.40 0.23
v 66.40 82.40 0.23
v 66.40 82.60 0.23
v 66.20 82.60 0.22
v 199.20 81.00 0.96
v 199.40 81.00 0.96
v 199.40 81.20 0.96
v 199.20 81.20 0.96
v 199.20 81.00 1.86
v 199.40 81.00 1.86
v 199.40 81.20 1.86
v 199.20 81.20 1.86
v 198.40 80.80 0.96
v 198.60 80.80 0.96
v 198.60 81.20 0.96
v 198.40 81.20 0.96
v 198.40 80.80 1.86
v 198.60 80.80 1.86
v 198.60 81.20 1.86
v 198.40 81.20 1.86
v 199.00 80.80 0.96
v 199.60 80.80 0.96
v 199.60 81.00 0.96
v 199.00 81.00 0.96
v 199.00 80.80 1.86
v 199.60 80.80 1.86
v 199.60 81.00 1.86
v 199.00 81.00 1.86
v 198.40 80.60 0.97
v 198.80 80.60 0.96
v 198.80 80.80 0.96
v 198.40 80.80 0.96
v 198.40 80.60 1.87
v 198.80 80.60 1.86
v 198.80 80.80 1.86
v 198.40 80.80 1.86
v 199.00 80.60 0.96
v 200.20 80.60 0.96
v 200.20 80.80 0.96
v 199.00 80.80 0.96
v 199.00 80.60 1.86
v 200.20 80.60 1.86
v 200.20 80.80 1.86
v 199.00 80.80 1.86
v 200.40 80.60 0.96
v 200.60 80.60 0.97
v 200.60 80.80 0.97
v 200.40 80.80 0.96
v 200.40 80.60 1.86
v 200.60 80.60 1.87
v 200.60 80.80 1.87
v 200.40 80.80 1.86
v 198.20 80.40 0.97
v 199.00 80.40 0.96
v 199.00 80.60 0.96
v 198.20 80.60 0.97
v 198.20 80.40 1.87
v 199.00 80.40 1.86
v 199.00 80.60 1.86
v 198.20 80.60 1.87
v 200.20 80.40 0.96
v 200.80 80.40 0.97
v 200.80 80.60 0.97
v 200.20 80.60 0.96
v 200.20 80.40 1.86
v 200.80 80.40 1.87
v 200.80 80.60 1.87
v 200.20 80.60 1.86
v 200.40 80.20 0.96
v 201.00 80.20 0.97
v 201.00 80.40 0.97
v 200.40 80.40 0.96
v 200.40 80.20 1.86
v 201.00 80.20 1.87
v 201.00 80.40 1.87
v 200.40 80.40 1.86
v 198.60 80.20 0.97
v 199.20 80.20 0.96
v 199.20 80.40 0.96
v 198.60 80.40 0.97
v 198.60 80.20 1.87
v 199.20 80.20 1.86
v 199.20 80.40 1.86
v 198.60 80.40 1.87
v 200.60 80.00 0.97
v 200.80 80.00 0.97
v 200.80 80.20 0.97
v 200.60 80.20 0.97
v 200.60 80.00 1.87
v 200.80 80.00 1.87
v 200.80 80.20 1.87
v 200.60 80.20 1.87
v 198.80 80.00 0.96
v 199.20 80.00 0.96
v 199.20 80.20 0.96
v 198.80 80.20 0.96
v 198.80 80.00 1.86
v 199.20 80.00 1.86
v 199.20 80.20 1.86
v 198.80 80.20 1.86
v 199.80 79.80 0.96
v 200.40 79.80 0.96
v 200.40 80.00 0.96
v 199.80 80.00 0.96
v 199.80 79.80 1.86
v 200.40 79.80 1.86
v 200.40 80.00 1.86
v 199.80 80.00 1.86
v 198.60 79.80 0.97
v 198.80 79.80 0.97
v 198.80 80.00 0.96
v 198.60 80.00 0.97
v 198.60 79.80 1.87
v 198.80 79.80 1.87
v 198.80 80.00 1.86
v 198.60 80.00 1.87
v 60.40 79.60 -0.71
v 60.60 79.60 -0.70
v 60.60 80.00 -0.71
v 60.40 80.00 -0.71
v 60.40 79.60 0.19
v 60.60 79.60 0.20
v 60.60 80.00 0.19
v 60.40 80.00 0.19
v 200.00 79.60 0.96
v 200.20 79.60 0.96
v 200.20 79.80 0.96
v 200.00 79.80 0.96
v 200.00 79.60 1.86
v 200.20 79.60 1.86
v 200.20 79.80 1.86
v 200.00 79.80 1.86
v 74.00 79.60 -0.46
v 74.20 79.60 -0.45
v 74.20 79.80 -0.46
v 74.00 79.80 -0.46
v 74.00 79.60 0.44
v 74.20 79.60 0.45
v 74.20 79.80 0.44
v 74.00 79.80 0.44
v 198.80 79.60 0.97
v 199.00 79.60 0.97
v 199.00 79.80 0.96
v 198.80 79.80 0.97
v 198.80 79.60 1.87
v 199.00 79.60 1.87
v 199.00 79.80 1.86
v 198.80 79.80 1.87
v 199.20 79.40 0.97
v 199.40 79.40 0.97
v 199.40 79.80 0.96
v 199.20 79.80 0.96
v 199.20 79.40 1.87
v 199.40 79.40 1.87
v 199.40 79.80 1.86
v 199.20 79.80 1.86
v 74.20 79.40 -0.44
v 74.40 79.40 -0.44
v 74.40 79.60 -0.45
v 74.20 79.60 -0.45
v 74.20 79.40 0.46
v 74.40 79.40 0.46
v 74.40 79.60 0.45
v 74.20 79.60 0.45
v 60.40 79.40 -0.70
v 61.00 79.40 -0.69
v 61.00 79.60 -0.70
v 60.40 79.60 -0.71
v 60.40 79.40 0.20
v 61.00 79.40 0.21
v 61.00 79.60 0.20
v 60.40 79.60 0.19
v 74.20 79.20 -0.44
v 74.60 79.20 -0.43
v 74.60 79.40 -0.43
v 74.20 79.40 -0.44
v 74.20 79.20 0.46
v 74.60 79.20 0.47
v 74.60 79.40 0.47
v 74.20 79.40 0.46
v 73.80 79.20 -0.45
v 74.00 79.20 -0.44
v 74.00 79.40 -0.45
v 73.80 79.40 -0.45
v 73.80 79.20 0.45
v 74.00 79.20 0.46
v 74.00 79.40 0.45
v 73.80 79.40 0.45
v 74.40 79.00 -0.43
v 74.80 79.00 -0.42
v 74.80 79.20 -0.42
v 74.40 79.20 -0.43
v 74.40 79.00 0.47
v 74.80 79.00 0.48
v 74.80 79.20 0.48
v 74.40 79.20 0.47
v 73.80 78.80 -0.44
v 74.20 78.80 -0.43
v 74.20 79.00 -0.43
v 73.80 79.00 -0.44
v 73.80 78.80 0.46
v 74.20 78.80 0.47
v 74.20 79.00 0.47
v 73.80 79.00 0.46
v 74.00 78.60 -0.43
v 74.20 78.60 -0.42
v 74.20 78.80 -0.43
v 74.00 78.80 -0.43
v 74.00 78.60 0.47
v 74.20 78.60 0.48
v 74.20 78.80 0.47
v 74.00 78.80 0.47
v 73.00 78.40 -0.44
v 73.20 78.40 -0.44
v 73.20 78.80 -0.45
v 73.00 78.80 -0.46
v 73.00 78.40 0.46
v 73.20 78.40 0.46
v 73.20 78.80 0.45
v 73.00 78.80 0.44
v 73.80 78.40 -0.43
v 74.20 78.40 -0.41
v 74.20 78.60 -0.42
v 73.80 78.60 -0.43
v 73.80 78.40 0.47
v 74.20 78.40 0.49
v 74.20 78.60 0.48
v 73.80 78.60 0.47
v 73.80 78.00 -0.41
v 74.00 78.00 -0.41
v 74.00 78.20 -0.41
v 73.80 78.20 -0.42
v 73.80 78.00 0.49
v 74.00 78.00 0.49
v 74.00 78.20 0.49
v 73.80 78.20 0.48
v 95.40 77.80 0.18
v 95.60 77.80 0.18
v 95.60 78.20 0.17
v 95.40 78.20 0.16
v 95.40 77.80 1.08
v 95.60 77.80 1.08
v 95.60 78.20 1.07
v 95.40 78.20 1.06
v 94.80 77.80 0.16
v 95.20 77.80 0.17
v 95.20 78.00 0.16
v 94.80 78.00 0.15
v 94.80 77.80 1.06
v 95.20 77.80 1.07
v 95.20 78.00 1.06
v 94.80 78.00 1.05
v 73.60 77.60 -0.40
v 73.80 77.60 -0.40
v 73.80 77.80 -0.41
v 73.60 77.80 -0.41
v 73.60 77.60 0.50
v 73.80 77.60 0.50
v 73.80 77.80 0.49
v 73.60 77.80 0.49
v 96.20 77.40 0.21
v 96.40 77.40 0.21
v 96.40 77.60 0.21
v 96.20 77.60 0.20
v 96.20 77.40 1.11
v 96.40 77.40 1.11
v 96.40 77.60 1.11
v 96.20 77.60 1.10
v 73.40 77.40 -0.40
v 73.60 77.40 -0.40
v 73.60 77.60 -0.40
v 73.40 77.60 -0.41
v 73.40 77.40 0.50
v 73.60 77.40 0.50
v 73.60 77.60 0.50
v 73.40 77.60 0.49
v 96.00 77.20 0.21
v 96.20 77.20 0.21
v 96.20 77.40 0.21
v 96.00 77.40 0.20
v 96.00 77.20 1.11
v 96.20 77.20 1.11
v 96.20 77.40 1.11
v 96.00 77.40 1.10
v 95.60 76.80 0.21
v 96.00 76.80 0.22
v 96.00 77.20 0.21
v 95.60 77.20 0.20
v 95.60 76.80 1.11
v 96.00 76.80 1.12
v 96.00 77.20 1.11
v 95.60 77.20 1.10
v 204.00 76.80 0.98
v 204.40 76.80 0.98
v 204.40 77.00 0.98
v 204.00 77.00 0.98
v 204.00 76.80 1.88
v 204.40 76.80 1.88
v 204.40 77.00 1.88
v 204.00 77.00 1.88
v 204.40 76.60 0.98
v 204.60 76.60 0.98
v 204.60 76.80 0.98
v 204.40 76.80 0.98
v 204.40 76.60 1.88
v 204.60 76.60 1.88
v 204.60 76.80 1.88
v 204.40 76.80 1.88
v 74.20 76.60 -0.36
v 74.40 76.60 -0.35
v 74.40 76.80 -0.36
v 74.20 76.80 -0.36
v 74.20 76.60 0.54
v 74.40 76.60 0.55
v 74.40 76.80 0.54
v 74.20 76.80 0.54
v 95.20 76.60 0.21
v 95.60 76.60 0.22
v 95.60 76.80 0.21
v 95.20 76.80 0.20
v 95.20 76.60 1.11
v 95.60 76.60 1.12
v 95.60 76.80 1.11
v 95.20 76.80 1.10
v 204.00 76.40 0.97
v 204.20 76.40 0.97
v 204.20 76.80 0.98
v 204.00 76.80 0.98
v 204.00 76.40 1.87
v 204.20 76.40 1.87
v 204.20 76.80 1.88
v 204.00 76.80 1.88
v 204.40 76.40 0.98
v 204.80 76.40 0.98
v 204.80 76.60 0.98
v 204.40 76.60 0.98
v 204.40 76.40 1.88
v 204.80 76.40 1.88
v 204.80 76.60 1.88
v 204.40 76.60 1.88
v 74.00 76.40 -0.36
v 74.60 76.40 -0.34
v 74.60 76.60 -0.35
v 74.00 76.60 -0.36
v 74.00 76.40 0.54
v 74.60 76.40 0.56
v 74.60 76.60 0.55
v 74.00 76.60 0.54
v 74.00 76.20 -0.35
v 74.80 76.20 -0.34
v 74.80 76.40 -0.34
v 74.00 76.40 -0.36
v 74.00 76.20 0.55
v 74.80 76.20 0.56
v 74.80 76.40 0.56
v 74.00 76.40 0.54
v 204.20 76.20 0.97
v 204.80 76.20 0.98
v 204.80 76.40 0.98
v 204.20 76.40 0.97
v 204.20 76.20 1.87
v 204.80 76.20 1.88
v 204.80 76.40 1.88
v 204.20 76.40 1.87
v 204.20 76.00 0.97
v 205.00 76.00 0.98
v 205.00 76.20 0.98
v 204.20 76.20 0.97
v 204.20 76.00 1.87
v 205.00 76.00 1.88
v 205.00 76.20 1.88
v 204.20 76.20 1.87
v 204.40 75.80 0.98
v 205.20 75.80 0.98
v 205.20 76.00 0.98
v 204.40 76.00 0.98
v 204.40 75.80 1.88
v 205.20 75.80 1.88
v 205.20 76.00 1.88
v 204.40 76.00 1.88
v 204.20 75.60 0.98
v 205.20 75.60 0.98
v 205.20 75.80 0.98
v 204.20 75.80 0.97
v 204.20 75.60 1.88
v 205.20 75.60 1.88
v 205.20 75.80 1.88
v 204.20 75.80 1.87
v 204.20 75.40 0.98
v 205.00 75.40 0.98
v 205.00 75.60 0.98
v 204.20 75.60 0.98
v 204.20 75.40 1.88
v 205.00 75.40 1.88
v 205.00 75.60 1.88
v 204.20 75.60 1.88
v 204.20 75.20 0.98
v 204.40 75.20 0.98
v 204.40 75.40 0.98
v 204.20 75.40 0.98
v 204.20 75.20 1.88
v 204.40 75.20 1.88
v 204.40 75.40 1.88
v 204.20 75.40 1.88
v 205.60 75.20 0.99
v 205.80 75.20 0.99
v 205.80 75.40 0.99
v 205.60 75.40 0.99
v 205.60 75.20 1.89
v 205.80 75.20 1.89
v 205.80 75.40 1.89
v 205.60 75.40 1.89
v 204.60 75.20 0.98
v 205.40 75.20 0.99
v 205.40 75.40 0.99
v 204.60 75.40 0.98
v 204.60 75.20 1.88
v 205.40 75.20 1.89
v 205.40 75.40 1.89
v 204.60 75.40 1.88
v 204.00 75.00 0.98
v 205.00 75.00 0.98
v 205.00 75.20 0.98
v 204.00 75.20 0.98
v 204.00 75.00 1.88
v 205.00 75.00 1.88
v 205.00 75.20 1.88
v 204.00 75.20 1.88
v 203.00 74.80 0.98
v 203.20 74.80 0.98
v 203.20 75.00 0.98
v 203.00 75.00 0.98
v 203.00 74.80 1.88
v 203.20 74.80 1.88
v 203.20 75.00 1.88
v 203.00 75.00 1.88
v 204.00 74.80 0.98
v 204.60 74.80 0.98
v 204.60 75.00 0.98
v 204.00 75.00 0.98
v 204.00 74.80 1.88
v 204.60 74.80 1.88
v 204.60 75.00 1.88
v 204.00 75.00 1.88
v 203.40 74.80 0.98
v 203.60 74.80 0.98
v 203.60 75.00 0.98
v 203.40 75.00 0.98
v 203.40 74.80 1.88
v 203.60 74.80 1.88
v 203.60 75.00 1.88
v 203.40 75.00 1.88
v 205.20 74.60 0.98
v 206.00 74.60 0.98
v 206.00 75.20 0.99
v 205.20 75.20 0.99
v 205.20 74.60 1.88
v 206.00 74.60 1.88
v 206.00 75.20 1.89
v 205.20 75.20 1.89
v 203.60 74.60 0.98
v 204.00 74.60 0.98
v 204.00 74.80 0.98
v 203.60 74.80 0.98
v 203.60 74.60 1.88
v 204.00 74.60 1.88
v 204.00 74.80 1.88
v 203.60 74.80 1.88
v 203.20 74.40 0.99
v 203.40 74.40 0.99
v 203.40 74.80 0.98
v 203.20 74.80 0.98
v 203.20 74.40 1.89
v 203.40 74.40 1.89
v 203.40 74.80 1.88
v 203.20 74.80 1.88
v 202.40 74.40 0.99
v 202.80 74.40 0.99
v 202.80 74.60 0.99
v 202.40 74.60 0.99
v 202.40 74.40 1.89
v 202.80 74.40 1.89
v 202.80 74.60 1.89
v 202.40 74.60 1.89
v 203.60 74.40 0.98
v 204.20 74.40 0.99
v 204.20 74.60 0.98
v 203.60 74.60 0.98
v 203.60 74.40 1.88
v 204.20 74.40 1.89
v 204.20 74.60 1.88
v 203.60 74.60 1.88
v 205.60 74.20 0.98
v 205.80 74.20 0.98
v 205.80 74.60 0.98
v 205.60 74.60 0.98
v 205.60 74.20 1.88
v 205.80 74.20 1.88
v 205.80 74.60 1.88
v 205.60 74.60 1.88
v 203.80 74.20 0.99
v 204.00 74.20 0.99
v 204.00 74.40 0.98
v 203.80 74.40 0.98
v 203.80 74.20 1.89
v 204.00 74.20 1.89
v 204.00 74.40 1.88
v 203.80 74.40 1.88
v 202.20 74.20 0.99
v 202.40 74.20 0.99
v 202.40 74.40 0.99
v 202.20 74.40 0.99
v 202.20 74.20 1.89
v 202.40 74.20 1.89
v 202.40 74.40 1.89
v 202.20 74.40 1.89
v 202.60 74.20 0.99
v 202.80 74.20 0.99
v 202.80 74.40 0.99
v 202.60 74.40 0.99
v 202.60 74.20 1.89
v 202.80 74.20 1.89
v 202.80 74.40 1.89
v 202.60 74.40 1.89
v 203.40 74.00 0.99
v 203.60 74.00 0.99
v 203.60 74.40 0.98
v 203.40 74.40 0.99
v 203.40 74.00 1.89
v 203.60 74.00 1.89
v 203.60 74.40 1.88
v 203.40 74.40 1.89
v 204.40 74.00 0.99
v 204.60 74.00 0.98
v 204.60 74.40 0.98
v 204.40 74.40 0.99
v 204.40 74.00 1.89
v 204.60 74.00 1.88
v 204.60 74.40 1.88
v 204.40 74.40 1.89
v 203.80 73.60 0.99
v 204.00 73.60 0.99
v 204.00 73.80 0.99
v 203.80 73.80 0.99
v 203.80 73.60 1.89
v 204.00 73.60 1.89
v 204.00 73.80 1.89
v 203.80 73.80 1.89
v 203.60 73.40 0.99
v 203.80 73.40 0.99
v 203.80 73.60 0.99
v 203.60 73.60 0.99
v 203.60 73.40 1.89
v 203.80 73.40 1.89
v 203.80 73.60 1.89
v 203.60 73.60 1.89
v 206.20 73.20 0.98
v 206.60 73.20 0.99
v 206.60 73.60 0.98
v 206.20 73.60 0.98
v 206.20 73.20 1.88
v 206.60 73.20 1.89
v 206.60 73.60 1.88
v 206.20 73.60 1.88
v 205.60 73.20 0.98
v 206.00 73.20 0.98
v 206.00 73.40 0.98
v 205.60 73.40 0.98
v 205.60 73.20 1.88
v 206.00 73.20 1.88
v 206.00 73.40 1.88
v 205.60 73.40 1.88
v 203.40 73.20 0.99
v 203.60 73.20 0.99
v 203.60 73.40 0.99
v 203.40 73.40 0.99
v 203.40 73.20 1.89
v 203.60 73.20 1.89
v 203.60 73.40 1.89
v 203.40 73.40 1.89
v 203.60 73.00 0.99
v 203.80 73.00 0.99
v 203.80 73.20 0.99
v 203.60 73.20 0.99
v 203.60 73.00 1.89
v 203.80 73.00 1.89
v 203.80 73.20 1.89
v 203.60 73.20 1.89
v 205.60 73.00 0.99
v 205.80 73.00 0.98
v 205.80 73.20 0.98
v 205.60 73.20 0.98
v 205.60 73.00 1.89
v 205.80 73.00 1.88
v 205.80 73.20 1.88
v 205.60 73.20 1.88
v 206.40 73.00 0.99
v 206.60 73.00 0.99
v 206.60 73.20 0.99
v 206.40 73.20 0.98
v 206.40 73.00 1.89
v 206.60 73.00 1.89
v 206.60 73.20 1.89
v 206.40 73.20 1.88
v 203.80 72.80 0.99
v 204.00 72.80 0.99
v 204.00 73.00 0.99
v 203.80 73.00 0.99
v 203.80 72.80 1.89
v 204.00 72.80 1.89
v 204.00 73.00 1.89
v 203.80 73.00 1.89
v 84.80 72.80 0.04
v 85.20 72.80 0.05
v 85.20 73.00 0.04
v 84.80 73.00 0.03
v 84.80 72.80 0.94
v 85.20 72.80 0.95
v 85.20 73.00 0.94
v 84.80 73.00 0.93
v 205.40 72.80 0.99
v 205.60 72.80 0.99
v 205.60 73.00 0.99
v 205.40 73.00 0.99
v 205.40 72.80 1.89
v 205.60 72.80 1.89
v 205.60 73.00 1.89
v 205.40 73.00 1.89
v 206.00 72.80 0.99
v 207.20 72.80 0.99
v 207.20 73.00 0.99
v 206.00 73.00 0.98
v 206.00 72.80 1.89
v 207.20 72.80 1.89
v 207.20 73.00 1.89
v 206.00 73.00 1.88
v 206.20 72.60 0.99
v 207.20 72.60 0.98
v 207.20 72.80 0.99
v 206.20 72.80 0.99
v 206.20 72.60 1.89
v 207.20 72.60 1.88
v 207.20 72.80 1.89
v 206.20 72.80 1.89
v 85.00 72.60 0.05
v 85.20 72.60 0.06
v 85.20 72.80 0.05
v 85.00 72.80 0.05
v 85.00 72.60 0.95
v 85.20 72.60 0.96
v 85.20 72.80 0.95
v 85.00 72.80 0.95
v 205.40 72.60 0.99
v 206.00 72.60 0.99
v 206.00 72.80 0.99
v 205.40 72.80 0.99
v 205.40 72.60 1.89
v 206.00 72.60 1.89
v 206.00 72.80 1.89
v 205.40 72.80 1.89
v 205.60 72.40 0.99
v 207.20 72.40 0.98
v 207.20 72.60 0.98
v 205.60 72.60 0.99
v 205.60 72.40 1.89
v 207.20 72.40 1.88
v 207.20 72.60 1.88
v 205.60 72.60 1.89
v 205.20 72.40 0.99
v 205.40 72.40 0.99
v 205.40 72.60 0.99
v 205.20 72.60 0.99
v 205.20 72.40 1.89
v 205.40 72.40 1.89
v 205.40 72.60 1.89
v 205.20 72.60 1.89
v 206.20 72.20 0.99
v 207.40 72.20 0.98
v 207.40 72.40 0.98
v 206.20 72.40 0.99
v 206.20 72.20 1.89
v 207.40 72.20 1.88
v 207.40 72.40 1.88
v 206.20 72.40 1.89
v 207.60 72.20 0.98
v 208.20 72.20 0.98
v 208.20 72.40 0.98
v 207.60 72.40 0.98
v 207.60 72.20 1.88
v 208.20 72.20 1.88
v 208.20 72.40 1.88
v 207.60 72.40 1.88
v 205.40 72.00 0.99
v 205.60 72.00 0.99
v 205.60 72.40 0.99
v 205.40 72.40 0.99
v 205.40 72.00 1.89
v 205.60 72.00 1.89
v 205.60 72.40 1.89
v 205.40 72.40 1.89
v 206.80 72.00 0.99
v 207.00 72.00 0.98
v 207.00 72.20 0.98
v 206.80 72.20 0.99
v 206.80 72.00 1.89
v 207.00 72.00 1.88
v 207.00 72.20 1.88
v 206.80 72.20 1.89
v 207.20 72.00 0.98
v 208.20 72.00 0.98
v 208.20 72.20 0.98
v 207.20 72.20 0.98
v 207.20 72.00 1.88
v 208.20 72.00 1.88
v 208.20 72.20 1.88
v 207.20 72.20 1.88
v 207.20 71.80 0.98
v 208.60 71.80 0.98
v 208.60 72.00 0.98
v 207.20 72.00 0.98
v 207.20 71.80 1.88
v 208.60 71.80 1.88
v 208.60 72.00 1.88
v 207.20 72.00 1.88
v 206.40 71.80 0.99
v 206.60 71.80 0.99
v 206.60 72.00 0.99
v 206.40 72.00 0.99
v 206.40 71.80 1.89
v 206.60 71.80 1.89
v 206.60 72.00 1.89
v 206.40 72.00 1.89
v 207.40 71.60 0.98
v 208.40 71.60 0.98
v 208.40 71.80 0.98
v 207.40 71.80 0.98
v 207.40 71.60 1.88
v 208.40 71.60 1.88
v 208.40 71.80 1.88
v 207.40 71.80 1.88
v 206.20 71.60 0.99
v 206.40 71.60 0.99
v 206.40 71.80 0.99
v 206.20 71.80 0.99
v 206.20 71.60 1.89
v 206.40 71.60 1.89
v 206.40 71.80 1.89
v 206.20 71.80 1.89
v 205.00 71.40 1.00
v 205.20 71.40 1.00
v 205.20 72.00 0.99
v 205.00 72.00 0.99
v 205.00 71.40 1.90
v 205.20 71.40 1.90
v 205.20 72.00 1.89
v 205.00 72.00 1.89
v 207.20 71.40 0.98
v 208.40 71.40 0.98
v 208.40 71.60 0.98
v 207.20 71.60 0.98
v 207.20 71.40 1.88
v 208.40 71.40 1.88
v 208.40 71.60 1.88
v 207.20 71.60 1.88
v 208.00 71.20 0.98
v 209.00 71.20 0.98
v 209.00 71.40 0.98
v 208.00 71.40 0.98
v 208.00 71.20 1.88
v 209.00 71.20 1.88
v 209.00 71.40 1.88
v 208.00 71.40 1.88
v 67.80 71.20 -0.34
v 68.00 71.20 -0.34
v 68.00 71.40 -0.34
v 67.80 71.40 -0.35
v 67.80 71.20 0.56
v 68.00 71.20 0.56
v 68.00 71.40 0.56
v 67.80 71.40 0.55
v 208.40 71.00 0.98
v 209.00 71.00 0.98
v 209.00 71.20 0.98
v 208.40 71.20 0.98
v 208.40 71.00 1.88
v 209.00 71.00 1.88
v 209.00 71.20 1.88
v 208.40 71.20 1.88
v 208.40 70.80 0.98
v 209.60 70.80 0.98
v 209.60 71.00 0.98
v 208.40 71.00 0.98
v 208.40 70.80 1.88
v 209.60 70.80 1.88
v 209.60 71.00 1.88
v 208.40 71.00 1.88
v 208.80 70.60 0.98
v 209.80 70.60 0.98
v 209.80 70.80 0.98
v 208.80 70.80 0.98
v 208.80 70.60 1.88
v 209.80 70.60 1.88
v 209.80 70.80 1.88
v 208.80 70.80 1.88
v 209.00 70.40 0.98
v 209.80 70.40 0.98
v 209.80 70.60 0.98
v 209.00 70.60 0.98
v 209.00 70.40 1.88
v 209.80 70.40 1.88
v 209.80 70.60 1.88
v 209.00 70.60 1.88
v 206.20 70.00 1.00
v 206.60 70.00 1.00
v 206.60 70.20 1.00
v 206.20 70.20 1.00
v 206.20 70.00 1.90
v 206.60 70.00 1.90
v 206.60 70.20 1.90
v 206.20 70.20 1.90
v 210.40 69.80 0.98
v 210.60 69.80 0.98
v 210.60 70.00 0.98
v 210.40 70.00 0.98
v 210.40 69.80 1.88
v 210.60 69.80 1.88
v 210.60 70.00 1.88
v 210.40 70.00 1.88
v 206.40 69.80 1.00
v 206.60 69.80 1.00
v 206.60 70.00 1.00
v 206.40 70.00 1.00
v 206.40 69.80 1.90
v 206.60 69.80 1.90
v 206.60 70.00 1.90
v 206.40 70.00 1.90
v 206.00 69.80 1.00
v 206.20 69.80 1.00
v 206.20 70.00 1.00
v 206.00 70.00 1.00
v 206.00 69.80 1.90
v 206.20 69.80 1.90
v 206.20 70.00 1.90
v 206.00 70.00 1.90
v 206.40 69.60 1.00
v 206.80 69.60 1.00
v 206.80 69.80 1.00
v 206.40 69.80 1.00
v 206.40 69.60 1.90
v 206.80 69.60 1.90
v 206.80 69.80 1.90
v 206.40 69.80 1.90
v 206.60 69.40 1.00
v 207.00 69.40 1.00
v 207.00 69.60 1.00
v 206.60 69.60 1.00
v 206.60 69.40 1.90
v 207.00 69.40 1.90
v 207.00 69.60 1.90
v 206.60 69.60 1.90
v 206.80 69.20 1.00
v 207.40 69.20 1.00
v 207.40 69.40 1.00
v 206.80 69.40 1.00
v 206.80 69.20 1.90
v 207.40 69.20 1.90
v 207.40 69.40 1.90
v 206.80 69.40 1.90
v 207.20 69.00 1.00
v 207.40 69.00 1.00
v 207.40 69.20 1.00
v 207.20 69.20 1.00
v 207.20 69.00 1.90
v 207.40 69.00 1.90
v 207.40 69.20 1.90
v 207.20 69.20 1.90
v 209.80 69.00 0.98
v 210.60 69.00 0.98
v 210.60 69.20 0.98
v 209.80 69.20 0.98
v 209.80 69.00 1.88
v 210.60 69.00 1.88
v 210.60 69.20 1.88
v 209.80 69.20 1.88
v 77.20 68.80 -0.06
v 77.40 68.80 -0.06
v 77.40 69.00 -0.07
v 77.20 69.00 -0.07
v 77.20 68.80 0.84
v 77.40 68.80 0.84
v 77.40 69.00 0.83
v 77.20 69.00 0.83
v 206.80 68.80 1.01
v 207.60 68.80 1.00
v 207.60 69.00 1.00
v 206.80 69.00 1.00
v 206.80 68.80 1.91
v 207.60 68.80 1.90
v 207.60 69.00 1.90
v 206.80 69.00 1.90
v 210.40 68.60 0.98
v 210.60 68.60 0.98
v 210.60 69.00 0.98
v 210.40 69.00 0.98
v 210.40 68.60 1.88
v 210.60 68.60 1.88
v 210.60 69.00 1.88
v 210.40 69.00 1.88
v 207.60 68.60 1.00
v 208.00 68.60 1.00
v 208.00 68.80 1.00
v 207.60 68.80 1.00
v 207.60 68.60 1.90
v 208.00 68.60 1.90
v 208.00 68.80 1.90
v 207.60 68.80 1.90
v 63.60 67.40 -0.30
v 63.80 67.40 -0.30
v 63.80 67.60 -0.30
v 63.60 67.60 -0.31
v 63.60 67.40 0.60
v 63.80 67.40 0.60
v 63.80 67.60 0.60
v 63.60 67.60 0.59
v 211.00 67.40 0.99
v 211.20 67.40 0.99
v 211.20 67.60 0.99
v 211.00 67.60 0.99
v 211.00 67.40 1.89
v 211.20 67.40 1.89
v 211.20 67.60 1.89
v 211.00 67.60 1.89
v 63.20 67.20 -0.30
v 63.80 67.20 -0.29
v 63.80 67.40 -0.30
v 63.20 67.40 -0.31
v 63.20 67.20 0.60
v 63.80 67.20 0.61
v 63.80 67.40 0.60
v 63.20 67.40 0.59
v 211.00 67.20 1.00
v 211.40 67.20 0.99
v 211.40 67.40 0.99
v 211.00 67.40 0.99
v 211.00 67.20 1.90
v 211.40 67.20 1.89
v 211.40 67.40 1.89
v 211.00 67.40 1.89
v 211.00 67.00 1.00
v 211.60 67.00 0.99
v 211.60 67.20 0.99
v 211.00 67.20 1.00
v 211.00 67.00 1.90
v 211.60 67.00 1.89
v 211.60 67.20 1.89
v 211.00 67.20 1.90
v 63.40 67.00 -0.29
v 63.80 67.00 -0.28
v 63.80 67.20 -0.29
v 63.40 67.20 -0.30
v 63.40 67.00 0.61
v 63.80 67.00 0.62
v 63.80 67.20 0.61
v 63.40 67.20 0.60
v 63.00 66.80 -0.30
v 63.20 66.80 -0.29
v 63.20 67.00 -0.30
v 63.00 67.00 -0.30
v 63.00 66.80 0.60
v 63.20 66.80 0.61
v 63.20 67.00 0.60
v 63.00 67.00 0.60
v 211.20 66.80 1.00
v 211.80 66.80 0.99
v 211.80 67.00 0.99
v 211.20 67.00 0.99
v 211.20 66.80 1.90
v 211.80 66.80 1.89
v 211.80 67.00 1.89
v 211.20 67.00 1.89
v 209.20 66.60 1.01
v 209.40 66.60 1.01
v 209.40 67.00 1.00
v 209.20 67.00 1.00
v 209.20 66.60 1.91
v 209.40 66.60 1.91
v 209.40 67.00 1.90
v 209.20 67.00 1.90
v 211.00 66.60 1.00
v 211.20 66.60 1.00
v 211.20 66.80 1.00
v 211.00 66.80 1.00
v 211.00 66.60 1.90
v 211.20 66.60 1.90
v 211.20 66.80 1.90
v 211.00 66.80 1.90
v 62.40 66.60 -0.30
v 62.60 66.60 -0.30
v 62.60 66.80 -0.30
v 62.40 66.80 -0.31
v 62.40 66.60 0.60
v 62.60 66.60 0.60
v 62.60 66.80 0.60
v 62.40 66.80 0.59
v 211.60 66.60 0.99
v 211.80 66.60 0.99
v 211.80 66.80 0.99
v 211.60 66.80 0.99
v 211.60 66.60 1.89
v 211.80 66.60 1.89
v 211.80 66.80 1.89
v 211.60 66.80 1.89
v 208.60 66.60 1.01
v 209.00 66.60 1.01
v 209.00 66.80 1.01
v 208.60 66.80 1.01
v 208.60 66.60 1.91
v 209.00 66.60 1.91
v 209.00 66.80 1.91
v 208.60 66.80 1.91
v 62.40 66.40 -0.30
v 62.80 66.40 -0.29
v 62.80 66.60 -0.29
v 62.40 66.60 -0.30
v 62.40 66.40 0.60
v 62.80 66.40 0.61
v 62.80 66.60 0.61
v 62.40 66.60 0.60
v 62.00 66.20 -0.30
v 62.80 66.20 -0.28
v 62.80 66.40 -0.29
v 62.00 66.40 -0.31
v 62.00 66.20 0.60
v 62.80 66.20 0.62
v 62.80 66.40 0.61
v 62.00 66.40 0.59
v 212.40 66.20 0.99
v 212.60 66.20 0.99
v 212.60 66.40 0.99
v 212.40 66.40 0.99
v 212.40 66.20 1.89
v 212.60 66.20 1.89
v 212.60 66.40 1.89
v 212.40 66.40 1.89
v 212.40 66.00 1.00
v 212.80 66.00 1.00
v 212.80 66.20 0.99
v 212.40 66.20 0.99
v 212.40 66.00 1.90
v 212.80 66.00 1.90
v 212.80 66.20 1.89
v 212.40 66.20 1.89
v 62.20 66.00 -0.29
v 62.80 66.00 -0.27
v 62.80 66.20 -0.28
v 62.20 66.20 -0.29
v 62.20 66.00 0.61
v 62.80 66.00 0.63
v 62.80 66.20 0.62
v 62.20 66.20 0.61
v 209.60 65.80 1.01
v 209.80 65.80 1.01
v 209.80 66.00 1.01
v 209.60 66.00 1.01
v 209.60 65.80 1.91
v 209.80 65.80 1.91
v 209.80 66.00 1.91
v 209.60 66.00 1.91
v 210.20 65.60 1.01
v 210.40 65.60 1.01
v 210.40 65.80 1.01
v 210.20 65.80 1.01
v 210.20 65.60 1.91
v 210.40 65.60 1.91
v 210.40 65.80 1.91
v 210.20 65.80 1.91
v 213.60 65.60 1.00
v 213.80 65.60 1.00
v 213.80 65.80 1.00
v 213.60 65.80 1.00
v 213.60 65.60 1.90
v 213.80 65.60 1.90
v 213.80 65.80 1.90
v 213.60 65.80 1.90
v 209.80 65.40 1.02
v 210.00 65.40 1.02
v 210.00 65.60 1.01
v 209.80 65.60 1.01
v 209.80 65.40 1.92
v 210.00 65.40 1.92
v 210.00 65.60 1.91
v 209.80 65.60 1.91
v 74.00 65.20 0.02
v 74.20 65.20 0.02
v 74.20 65.40 0.01
v 74.00 65.40 0.01
v 74.00 65.20 0.92
v 74.20 65.20 0.92
v 74.20 65.40 0.91
v 74.00 65.40 0.91
v 213.80 64.80 1.00
v 214.00 64.80 1.00
v 214.00 65.40 1.00
v 213.80 65.40 1.00
v 213.80 64.80 1.90
v 214.00 64.80 1.90
v 214.00 65.40 1.90
v 213.80 65.40 1.90
v 212.00 64.80 1.01
v 212.20 64.80 1.01
v 212.20 65.00 1.01
v 212.00 65.00 1.01
v 212.00 64.80 1.91
v 212.20 64.80 1.91
v 212.20 65.00 1.91
v 212.00 65.00 1.91
v 213.60 64.60 1.01
v 213.80 64.60 1.01
v 213.80 64.80 1.00
v 213.60 64.80 1.00
v 213.60 64.60 1.91
v 213.80 64.60 1.91
v 213.80 64.80 1.90
v 213.60 64.80 1.90
v 211.60 64.40 1.02
v 211.80 64.40 1.02
v 211.80 64.60 1.02
v 211.60 64.60 1.02
v 211.60 64.40 1.92
v 211.80 64.40 1.92
v 211.80 64.60 1.92
v 211.60 64.60 1.92
v 226.20 64.40 1.14
v 226.40 64.40 1.14
v 226.40 64.60 1.14
v 226.20 64.60 1.14
v 226.20 64.40 2.04
v 226.40 64.40 2.04
v 226.40 64.60 2.04
v 226.20 64.60 2.04
v 213.00 64.40 1.01
v 213.20 64.40 1.01
v 213.20 64.60 1.01
v 213.00 64.60 1.01
v 213.00 64.40 1.91
v 213.20 64.40 1.91
v 213.20 64.60 1.91
v 213.00 64.60 1.91
v 211.20 64.20 1.02
v 211.60 64.20 1.02
v 211.60 64.40 1.02
v 211.20 64.40 1.02
v 211.20 64.20 1.92
v 211.60 64.20 1.92
v 211.60 64.40 1.92
v 211.20 64.40 1.92
v 93.20 64.20 0.50
v 93.40 64.20 0.51
v 93.40 64.40 0.50
v 93.20 64.40 0.50
v 93.20 64.20 1.40
v 93.40 64.20 1.41
v 93.40 64.40 1.40
v 93.20 64.40 1.40
v 211.40 64.00 1.02
v 212.20 64.00 1.02
v 212.20 64.20 1.02
v 211.40 64.20 1.02
v 211.40 64.00 1.92
v 212.20 64.00 1.92
v 212.20 64.20 1.92
v 211.40 64.20 1.92
v 212.40 64.00 1.02
v 212.60 64.00 1.02
v 212.60 64.20 1.02
v 212.40 64.20 1.02
v 212.40 64.00 1.92
v 212.60 64.00 1.92
v 212.60 64.20 1.92
v 212.40 64.20 1.92
v 93.00 64.00 0.51
v 93.40 64.00 0.51
v 93.40 64.20 0.51
v 93.00 64.20 0.50
v 93.00 64.00 1.41
v 93.40 64.00 1.41
v 93.40 64.20 1.41
v 93.00 64.20 1.40
v 211.40 63.80 1.03
v 212.60 63.80 1.02
v 212.60 64.00 1.02
v 211.40 64.00 1.02
v 211.40 63.80 1.93
v 212.60 63.80 1.92
v 212.60 64.00 1.92
v 211.40 64.00 1.92
v 93.00 63.80 0.51
v 93.60 63.80 0.52
v 93.60 64.00 0.52
v 93.00 64.00 0.51
v 93.00 63.80 1.41
v 93.60 63.80 1.42
v 93.60 64.00 1.42
v 93.00 64.00 1.41
v 211.80 63.60 1.03
v 213.20 63.60 1.02
v 213.20 63.80 1.02
v 211.80 63.80 1.02
v 211.80 63.60 1.93
v 213.20 63.60 1.92
v 213.20 63.80 1.92
v 211.80 63.80 1.92
v 92.80 63.40 0.53
v 93.40 63.40 0.53
v 93.40 63.80 0.52
v 92.80 63.80 0.51
v 92.80 63.40 1.43
v 93.40 63.40 1.43
v 93.40 63.80 1.42
v 92.80 63.80 1.41
v 212.20 63.40 1.03
v 213.20 63.40 1.03
v 213.20 63.60 1.02
v 212.20 63.60 1.03
v 212.20 63.40 1.93
v 213.20 63.40 1.93
v 213.20 63.60 1.92
v 212.20 63.60 1.93
v 92.40 63.20 0.53
v 93.20 63.20 0.54
v 93.20 63.40 0.53
v 92.40 63.40 0.52
v 92.40 63.20 1.43
v 93.20 63.20 1.44
v 93.20 63.40 1.43
v 92.40 63.40 1.42
v 212.40 63.00 1.03
v 213.20 63.00 1.03
v 213.20 63.40 1.03
v 212.40 63.40 1.03
v 212.40 63.00 1.93
v 213.20 63.00 1.93
v 213.20 63.40 1.93
v 212.40 63.40 1.93
v 92.40 63.00 0.53
v 92.80 63.00 0.54
v 92.80 63.20 0.53
v 92.40 63.20 0.53
v 92.40 63.00 1.43
v 92.80 63.00 1.44
v 92.80 63.20 1.43
v 92.40 63.20 1.43
v 212.60 62.80 1.04
v 213.40 62.80 1.04
v 213.40 63.00 1.03
v 212.60 63.00 1.03
v 212.60 62.80 1.94
v 213.40 62.80 1.94
v 213.40 63.00 1.93
v 212.60 63.00 1.93
v 92.60 62.80 0.54
v 93.00 62.80 0.55
v 93.00 63.00 0.54
v 92.60 63.00 0.54
v 92.60 62.80 1.44
v 93.00 62.80 1.45
v 93.00 63.00 1.44
v 92.60 63.00 1.44
v 212.80 62.60 1.04
v 213.40 62.60 1.04
v 213.40 62.80 1.04
v 212.80 62.80 1.04
v 212.80 62.60 1.94
v 213.40 62.60 1.94
v 213.40 62.80 1.94
v 212.80 62.80 1.94
v 93.00 62.60 0.56
v 93.20 62.60 0.56
v 93.20 62.80 0.55
v 93.00 62.80 0.55
v 93.00 62.60 1.46
v 93.20 62.60 1.46
v 93.20 62.80 1.45
v 93.00 62.80 1.45
v 213.00 62.40 1.04
v 213.40 62.40 1.04
v 213.40 62.60 1.04
v 213.00 62.60 1.04
v 213.00 62.40 1.94
v 213.40 62.40 1.94
v 213.40 62.60 1.94
v 213.00 62.60 1.94
v 96.60 62.40 0.61
v 97.00 62.40 0.61
v 97.00 62.60 0.60
v 96.60 62.60 0.60
v 96.60 62.40 1.51
v 97.00 62.40 1.51
v 97.00 62.60 1.50
v 96.60 62.60 1.50
v 92.80 62.40 0.56
v 93.20 62.40 0.57
v 93.20 62.60 0.56
v 92.80 62.60 0.55
v 92.80 62.40 1.46
v 93.20 62.40 1.47
v 93.20 62.60 1.46
v 92.80 62.60 1.45
v 213.20 62.20 1.04
v 213.40 62.20 1.04
v 213.40 62.40 1.04
v 213.20 62.40 1.04
v 213.20 62.20 1.94
v 213.40 62.20 1.94
v 213.40 62.40 1.94
v 213.20 62.40 1.94
v 93.00 62.20 0.57
v 93.40 62.20 0.58
v 93.40 62.40 0.57
v 93.00 62.40 0.56
v 93.00 62.20 1.47
v 93.40 62.20 1.48
v 93.40 62.40 1.47
v 93.00 62.40 1.46
v 228.20 62.20 1.17
v 228.40 62.20 1.18
v 228.40 62.40 1.18
v 228.20 62.40 1.17
v 228.20 62.20 2.07
v 228.40 62.20 2.08
v 228.40 62.40 2.08
v 228.20 62.40 2.07
v 96.40 62.20 0.61
v 96.80 62.20 0.61
v 96.80 62.40 0.61
v 96.40 62.40 0.60
v 96.40 62.20 1.51
v 96.80 62.20 1.51
v 96.80 62.40 1.51
v 96.40 62.40 1.50
v 93.20 62.00 0.58
v 93.60 62.00 0.59
v 93.60 62.20 0.58
v 93.20 62.20 0.57
v 93.20 62.00 1.48
v 93.60 62.00 1.49
v 93.60 62.20 1.48
v 93.20 62.20 1.47
v 96.20 62.00 0.62
v 96.60 62.00 0.62
v 96.60 62.20 0.61
v 96.20 62.20 0.61
v 96.20 62.00 1.52
v 96.60 62.00 1.52
v 96.60 62.20 1.51
v 96.20 62.20 1.51
v 212.80 61.80 1.05
v 213.00 61.80 1.05
v 213.00 62.00 1.05
v 212.80 62.00 1.05
v 212.80 61.80 1.95
v 213.00 61.80 1.95
v 213.00 62.00 1.95
v 212.80 62.00 1.95
v 93.40 61.80 0.59
v 93.80 61.80 0.60
v 93.80 62.00 0.59
v 93.40 62.00 0.58
v 93.40 61.80 1.49
v 93.80 61.80 1.50
v 93.80 62.00 1.49
v 93.40 62.00 1.48
v 96.00 61.80 0.62
v 96.40 61.80 0.62
v 96.40 62.00 0.62
v 96.00 62.00 0.61
v 96.00 61.80 1.52
v 96.40 61.80 1.52
v 96.40 62.00 1.52
v 96.00 62.00 1.51
v 212.60 61.60 1.06
v 212.80 61.60 1.05
v 212.80 61.80 1.05
v 212.60 61.80 1.05
v 212.60 61.60 1.96
v 212.80 61.60 1.95
v 212.80 61.80 1.95
v 212.60 61.80 1.95
v 95.60 61.60 0.62
v 96.20 61.60 0.63
v 96.20 61.80 0.62
v 95.60 61.80 0.62
v 95.60 61.60 1.52
v 96.20 61.60 1.53
v 96.20 61.80 1.52
v 95.60 61.80 1.52
v 70.00 61.60 0.07
v 70.40 61.60 0.08
v 70.40 61.80 0.08
v 70.00 61.80 0.07
v 70.00 61.60 0.97
v 70.40 61.60 0.98
v 70.40 61.80 0.98
v 70.00 61.80 0.97
v 93.40 61.60 0.60
v 94.00 61.60 0.61
v 94.00 61.80 0.60
v 93.40 61.80 0.59
v 93.40 61.60 1.50
v 94.00 61.60 1.51
v 94.00 61.80 1.50
v 93.40 61.80 1.49
v 69.80 61.40 0.07
v 70.20 61.40 0.09
v 70.20 61.60 0.08
v 69.80 61.60 0.07
v 69.80 61.40 0.97
v 70.20 61.40 0.99
v 70.20 61.60 0.98
v 69.80 61.60 0.97
v 95.40 61.40 0.63
v 96.00 61.40 0.63
v 96.00 61.60 0.63
v 95.40 61.60 0.62
v 95.40 61.40 1.53
v 96.00 61.40 1.53
v 96.00 61.60 1.53
v 95.40 61.60 1.52
v 93.60 61.40 0.61
v 94.20 61.40 0.61
v 94.20 61.60 0.61
v 93.60 61.60 0.60
v 93.60 61.40 1.51
v 94.20 61.40 1.51
v 94.20 61.60 1.51
v 93.60 61.60 1.50
v 77.20 61.20 0.26
v 77.40 61.20 0.26
v 77.40 61.40 0.25
v 77.20 61.40 0.25
v 77.20 61.20 1.16
v 77.40 61.20 1.16
v 77.40 61.40 1.15
v 77.20 61.40 1.15
v 82.00 61.20 0.39
v 82.40 61.20 0.40
v 82.40 61.40 0.40
v 82.00 61.40 0.39
v 82.00 61.20 1.29
v 82.40 61.20 1.30
v 82.40 61.40 1.30
v 82.00 61.40 1.29
v 95.20 61.20 0.63
v 95.80 61.20 0.64
v 95.80 61.40 0.63
v 95.20 61.40 0.63
v 95.20 61.20 1.53
v 95.80 61.20 1.54
v 95.80 61.40 1.53
v 95.20 61.40 1.53
v 93.80 61.20 0.62
v 94.40 61.20 0.62
v 94.40 61.40 0.62
v 93.80 61.40 0.61
v 93.80 61.20 1.52
v 94.40 61.20 1.52
v 94.40 61.40 1.52
v 93.80 61.40 1.51
v 94.00 61.00 0.63
v 94.60 61.00 0.63
v 94.60 61.20 0.63
v 94.00 61.20 0.62
v 94.00 61.00 1.53
v 94.60 61.00 1.53
v 94.60 61.20 1.53
v 94.00 61.20 1.52
v 94.80 61.00 0.63
v 95.40 61.00 0.64
v 95.40 61.20 0.63
v 94.80 61.20 0.63
v 94.80 61.00 1.53
v 95.40 61.00 1.54
v 95.40 61.20 1.53
v 94.80 61.20 1.53
v 94.80 60.80 0.64
v 95.20 60.80 0.65
v 95.20 61.00 0.64
v 94.80 61.00 0.63
v 94.80 60.80 1.54
v 95.20 60.80 1.55
v 95.20 61.00 1.54
v 94.80 61.00 1.53
v 211.60 60.80 1.07
v 211.80 60.80 1.07
v 211.80 61.00 1.06
v 211.60 61.00 1.06
v 211.60 60.80 1.97
v 211.80 60.80 1.97
v 211.80 61.00 1.96
v 211.60 61.00 1.96
v 94.20 60.80 0.64
v 94.60 60.80 0.64
v 94.60 61.00 0.63
v 94.20 61.00 0.63
v 94.20 60.80 1.54
v 94.60 60.80 1.54
v 94.60 61.00 1.53
v 94.20 61.00 1.53
v 78.20 60.80 0.30
v 78.40 60.80 0.31
v 78.40 61.00 0.30
v 78.20 61.00 0.29
v 78.20 60.80 1.20
v 78.40 60.80 1.21
v 78.40 61.00 1.20
v 78.20 61.00 1.19
v 94.40 60.60 0.64
v 95.00 60.60 0.65
v 95.00 60.80 0.64
v 94.40 60.80 0.64
v 94.40 60.60 1.54
v 95.00 60.60 1.55
v 95.00 60.80 1.54
v 94.40 60.80 1.54
v 211.40 60.60 1.07
v 211.60 60.60 1.07
v 211.60 60.80 1.07
v 211.40 60.80 1.07
v 211.40 60.60 1.97
v 211.60 60.60 1.97
v 211.60 60.80 1.97
v 211.40 60.80 1.97
v 79.20 60.60 0.34
v 79.40 60.60 0.34
v 79.40 60.80 0.34
v 79.20 60.80 0.33
v 79.20 60.60 1.24
v 79.40 60.60 1.24
v 79.40 60.80 1.24
v 79.20 60.80 1.23
v 71.60 60.40 0.15
v 71.80 60.40 0.16
v 71.80 60.60 0.15
v 71.60 60.60 0.15
v 71.60 60.40 1.05
v 71.80 60.40 1.06
v 71.80 60.60 1.05
v 71.60 60.60 1.05
v 81.20 60.40 0.40
v 81.40 60.40 0.41
v 81.40 60.60 0.40
v 81.20 60.60 0.40
v 81.20 60.40 1.30
v 81.40 60.40 1.31
v 81.40 60.60 1.30
v 81.20 60.60 1.30
v 80.60 60.20 0.39
v 81.40 60.20 0.42
v 81.40 60.40 0.41
v 80.60 60.40 0.39
v 80.60 60.20 1.29
v 81.40 60.20 1.32
v 81.40 60.40 1.31
v 80.60 60.40 1.29
v 79.80 60.20 0.37
v 80.20 60.20 0.38
v 80.20 60.40 0.37
v 79.80 60.40 0.36
v 79.80 60.20 1.27
v 80.20 60.20 1.28
v 80.20 60.40 1.27
v 79.80 60.40 1.26
v 83.20 60.20 0.46
v 83.40 60.20 0.47
v 83.40 60.40 0.46
v 83.20 60.40 0.46
v 83.20 60.20 1.36
v 83.40 60.20 1.37
v 83.40 60.40 1.36
v 83.20 60.40 1.36
v 77.20 60.20 0.31
v 77.60 60.20 0.32
v 77.60 60.40 0.31
v 77.20 60.40 0.29
v 77.20 60.20 1.21
v 77.60 60.20 1.22
v 77.60 60.40 1.21
v 77.20 60.40 1.19
v 71.40 60.20 0.15
v 72.20 60.20 0.18
v 72.20 60.40 0.17
v 71.40 60.40 0.15
v 71.40 60.20 1.05
v 72.20 60.20 1.08
v 72.20 60.40 1.07
v 71.40 60.40 1.05
v 77.40 60.00 0.32
v 77.80 60.00 0.33
v 77.80 60.20 0.32
v 77.40 60.20 0.31
v 77.40 60.00 1.22
v 77.80 60.00 1.23
v 77.80 60.20 1.22
v 77.40 60.20 1.21
v 210.80 60.00 1.08
v 211.00 60.00 1.08
v 211.00 60.20 1.08
v 210.80 60.20 1.08
v 210.80 60.00 1.98
v 211.00 60.00 1.98
v 211.00 60.20 1.98
v 210.80 60.20 1.98
v 230.00 60.00 1.21
v 230.20 60.00 1.22
v 230.20 60.20 1.21
v 230.00 60.20 1.21
v 230.00 60.00 2.11
v 230.20 60.00 2.12
v 230.20 60.20 2.11
v 230.00 60.20 2.11
v 87.80 60.00 0.57
v 88.00 60.00 0.57
v 88.00 60.20 0.57
v 87.80 60.20 0.56
v 87.80 60.00 1.47
v 88.00 60.00 1.47
v 88.00 60.20 1.47
v 87.80 60.20 1.46
v 81.20 60.00 0.42
v 81.60 60.00 0.43
v 81.60 60.20 0.42
v 81.20 60.20 0.41
v 81.20 60.00 1.32
v 81.60 60.00 1.33
v 81.60 60.20 1.32
v 81.20 60.20 1.31
v 87.40 60.00 0.56
v 87.60 60.00 0.57
v 87.60 60.20 0.56
v 87.40 60.20 0.55
v 87.40 60.00 1.46
v 87.60 60.00 1.47
v 87.60 60.20 1.46
v 87.40 60.20 1.45
v 72.00 60.00 0.18
v 72.40 60.00 0.19
v 72.40 60.20 0.18
v 72.00 60.20 0.17
v 72.00 60.00 1.08
v 72.40 60.00 1.09
v 72.40 60.20 1.08
v 72.00 60.20 1.07
v 82.80 59.80 0.47
v 83.40 59.80 0.48
v 83.40 60.20 0.47
v 82.80 60.20 0.45
v 82.80 59.80 1.37
v 83.40 59.80 1.38
v 83.40 60.20 1.37
v 82.80 60.20 1.35
v 87.00 59.80 0.56
v 87.40 59.80 0.57
v 87.40 60.00 0.56
v 87.00 60.00 0.55
v 87.00 59.80 1.46
v 87.40 59.80 1.47
v 87.40 60.00 1.46
v 87.00 60.00 1.45
v 79.40 59.80 0.38
v 79.80 59.80 0.39
v 79.80 60.00 0.38
v 79.40 60.00 0.37
v 79.40 59.80 1.28
v 79.80 59.80 1.29
v 79.80 60.00 1.28
v 79.40 60.00 1.27
v 210.60 59.80 1.08
v 210.80 59.80 1.08
v 210.80 60.00 1.08
v 210.60 60.00 1.08
v 210.60 59.80 1.98
v 210.80 59.80 1.98
v 210.80 60.00 1.98
v 210.60 60.00 1.98
v 72.20 59.80 0.19
v 72.40 59.80 0.20
v 72.40 60.00 0.19
v 72.20 60.00 0.18
v 72.20 59.80 1.09
v 72.40 59.80 1.10
v 72.40 60.00 1.09
v 72.20 60.00 1.08
v 77.60 59.80 0.34
v 78.00 59.80 0.35
v 78.00 60.00 0.34
v 77.60 60.00 0.33
v 77.60 59.80 1.24
v 78.00 59.80 1.25
v 78.00 60.00 1.24
v 77.60 60.00 1.23
v 81.40 59.80 0.43
v 81.80 59.80 0.44
v 81.80 60.00 0.44
v 81.40 60.00 0.42
v 81.40 59.80 1.33
v 81.80 59.80 1.34
v 81.80 60.00 1.34
v 81.40 60.00 1.32
v 81.60 59.60 0.45
v 82.20 59.60 0.46
v 82.20 59.80 0.45
v 81.60 59.80 0.44
v 81.60 59.60 1.35
v 82.20 59.60 1.36
v 82.20 59.80 1.35
v 81.60 59.80 1.34
v 79.00 59.60 0.37
v 79.80 59.60 0.39
v 79.80 59.80 0.39
v 79.00 59.80 0.37
v 79.00 59.60 1.27
v 79.80 59.60 1.29
v 79.80 59.80 1.29
v 79.00 59.80 1.27
v 83.20 59.60 0.49
v 83.60 59.60 0.50
v 83.60 59.80 0.49
v 83.20 59.80 0.48
v 83.20 59.60 1.39
v 83.60 59.60 1.40
v 83.60 59.80 1.39
v 83.20 59.80 1.38
v 210.20 59.60 1.09
v 210.80 59.60 1.09
v 210.80 59.80 1.08
v 210.20 59.80 1.08
v 210.20 59.60 1.99
v 210.80 59.60 1.99
v 210.80 59.80 1.98
v 210.20 59.80 1.98
v 77.80 59.60 0.35
v 78.20 59.60 0.36
v 78.20 59.80 0.35
v 77.80 59.80 0.34
v 77.80 59.60 1.25
v 78.20 59.60 1.26
v 78.20 59.80 1.25
v 77.80 59.80 1.24
v 72.00 59.60 0.19
v 72.60 59.60 0.21
v 72.60 59.80 0.20
v 72.00 59.80 0.18
v 72.00 59.60 1.09
v 72.60 59.60 1.11
v 72.60 59.80 1.10
v 72.00 59.80 1.08
v 78.80 59.40 0.38
v 79.80 59.40 0.40
v 79.80 59.60 0.39
v 78.80 59.60 0.37
v 78.80 59.40 1.28
v 79.80 59.40 1.30
v 79.80 59.60 1.29
v 78.80 59.60 1.27
v 78.00 59.40 0.36
v 78.40 59.40 0.37
v 78.40 59.60 0.36
v 78.00 59.60 0.35
v 78.00 59.40 1.26
v 78.40 59.40 1.27
v 78.40 59.60 1.26
v 78.00 59.60 1.25
v 210.20 59.40 1.09
v 210.60 59.40 1.09
v 210.60 59.60 1.09
v 210.20 59.60 1.09
v 210.20 59.40 1.99
v 210.60 59.40 1.99
v 210.60 59.60 1.99
v 210.20 59.60 1.99
v 71.80 59.40 0.19
v 72.20 59.40 0.20
v 72.20 59.60 0.20
v 71.80 59.60 0.19
v 71.80 59.40 1.09
v 72.20 59.40 1.10
v 72.20 59.60 1.10
v 71.80 59.60 1.09
v 83.40 59.40 0.50
v 83.80 59.40 0.51
v 83.80 59.60 0.50
v 83.40 59.60 0.49
v 83.40 59.40 1.40
v 83.80 59.40 1.41
v 83.80 59.60 1.40
v 83.40 59.60 1.39
v 72.40 59.20 0.22
v 72.60 59.20 0.22
v 72.60 59.60 0.21
v 72.40 59.60 0.20
v 72.40 59.20 1.12
v 72.60 59.20 1.12
v 72.60 59.60 1.11
v 72.40 59.60 1.10
v 78.40 59.20 0.38
v 79.80 59.20 0.41
v 79.80 59.40 0.40
v 78.40 59.40 0.37
v 78.40 59.20 1.28
v 79.80 59.20 1.31
v 79.80 59.40 1.30
v 78.40 59.40 1.27
v 210.00 59.20 1.09
v 210.20 59.20 1.09
v 210.20 59.40 1.09
v 210.00 59.40 1.09
v 210.00 59.20 1.99
v 210.20 59.20 1.99
v 210.20 59.40 1.99
v 210.00 59.40 1.99
v 72.00 59.00 0.21
v 72.20 59.00 0.22
v 72.20 59.40 0.20
v 72.00 59.40 0.20
v 72.00 59.00 1.11
v 72.20 59.00 1.12
v 72.20 59.40 1.10
v 72.00 59.40 1.10
v 72.40 59.00 0.22
v 72.80 59.00 0.23
v 72.80 59.20 0.23
v 72.40 59.20 0.22
v 72.40 59.00 1.12
v 72.80 59.00 1.13
v 72.80 59.20 1.13
v 72.40 59.20 1.12
v 209.60 59.00 1.09
v 210.00 59.00 1.09
v 210.00 59.20 1.09
v 209.60 59.20 1.09
v 209.60 59.00 1.99
v 210.00 59.00 1.99
v 210.00 59.20 1.99
v 209.60 59.20 1.99
v 70.60 59.00 0.17
v 70.80 59.00 0.18
v 70.80 59.20 0.17
v 70.60 59.20 0.16
v 70.60 59.00 1.07
v 70.80 59.00 1.08
v 70.80 59.20 1.07
v 70.60 59.20 1.06
v 79.60 59.00 0.41
v 79.80 59.00 0.42
v 79.80 59.20 0.41
v 79.60 59.20 0.40
v 79.60 59.00 1.31
v 79.80 59.00 1.32
v 79.80 59.20 1.31
v 79.60 59.20 1.30
v 78.60 59.00 0.39
v 78.80 59.00 0.39
v 78.80 59.20 0.38
v 78.60 59.20 0.38
v 78.60 59.00 1.29
v 78.80 59.00 1.29
v 78.80 59.20 1.28
v 78.60 59.20 1.28
v 208.00 58.80 1.09
v 208.20 58.80 1.09
v 208.20 59.20 1.09
v 208.00 59.20 1.09
v 208.00 58.80 1.99
v 208.20 58.80 1.99
v 208.20 59.20 1.99
v 208.00 59.20 1.99
v 79.00 58.80 0.40
v 79.80 58.80 0.43
v 79.80 59.00 0.42
v 79.00 59.00 0.40
v 79.00 58.80 1.30
v 79.80 58.80 1.33
v 79.80 59.00 1.32
v 79.00 59.00 1.30
v 72.40 58.80 0.23
v 72.60 58.80 0.23
v 72.60 59.00 0.23
v 72.40 59.00 0.22
v 72.40 58.80 1.13
v 72.60 58.80 1.13
v 72.60 59.00 1.13
v 72.40 59.00 1.12
v 69.60 58.80 0.15
v 70.80 58.80 0.18
v 70.80 59.00 0.18
v 69.60 59.00 0.15
v 69.60 58.80 1.05
v 70.80 58.80 1.08
v 70.80 59.00 1.08
v 69.60 59.00 1.05
v 82.60 58.80 0.50
v 83.00 58.80 0.51
v 83.00 59.00 0.51
v 82.60 59.00 0.50
v 82.60 58.80 1.40
v 83.00 58.80 1.41
v 83.00 59.00 1.41
v 82.60 59.00 1.40
v 209.40 58.80 1.09
v 209.80 58.80 1.10
v 209.80 59.00 1.09
v 209.40 59.00 1.09
v 209.40 58.80 1.99
v 209.80 58.80 2.00
v 209.80 59.00 1.99
v 209.40 59.00 1.99
v 70.00 58.60 0.17
v 70.80 58.60 0.19
v 70.80 58.80 0.18
v 70.00 58.80 0.16
v 70.00 58.60 1.07
v 70.80 58.60 1.09
v 70.80 58.80 1.08
v 70.00 58.80 1.06
v 83.00 58.60 0.52
v 83.40 58.60 0.53
v 83.40 58.80 0.52
v 83.00 58.80 0.51
v 83.00 58.60 1.42
v 83.40 58.60 1.43
v 83.40 58.80 1.42
v 83.00 58.80 1.41
v 72.20 58.60 0.23
v 72.40 58.60 0.24
v 72.40 58.80 0.23
v 72.20 58.80 0.22
v 72.20 58.60 1.13
v 72.40 58.60 1.14
v 72.40 58.80 1.13
v 72.20 58.80 1.12
v 69.60 58.60 0.16
v 69.80 58.60 0.16
v 69.80 58.80 0.16
v 69.60 58.80 0.15
v 69.60 58.60 1.06
v 69.80 58.60 1.06
v 69.80 58.80 1.06
v 69.60 58.80 1.05
v 209.20 58.60 1.10
v 209.60 58.60 1.10
v 209.60 58.80 1.10
v 209.20 58.80 1.09
v 209.20 58.60 2.00
v 209.60 58.60 2.00
v 209.60 58.80 2.00
v 209.20 58.80 1.99
v 83.00 58.40 0.53
v 83.60 58.40 0.54
v 83.60 58.60 0.54
v 83.00 58.60 0.52
v 83.00 58.40 1.43
v 83.60 58.40 1.44
v 83.60 58.60 1.44
v 83.00 58.60 1.42
v 70.20 58.40 0.18
v 70.80 58.40 0.19
v 70.80 58.60 0.19
v 70.20 58.60 0.17
v 70.20 58.40 1.08
v 70.80 58.40 1.09
v 70.80 58.60 1.09
v 70.20 58.60 1.07
v 73.00 58.40 0.26
v 73.20 58.40 0.27
v 73.20 58.60 0.26
v 73.00 58.60 0.25
v 73.00 58.40 1.16
v 73.20 58.40 1.17
v 73.20 58.60 1.16
v 73.00 58.60 1.15
v 208.80 58.40 1.10
v 209.40 58.40 1.10
v 209.40 58.60 1.10
v 208.80 58.60 1.10
v 208.80 58.40 2.00
v 209.40 58.40 2.00
v 209.40 58.60 2.00
v 208.80 58.60 2.00
v 83.80 58.40 0.55
v 84.20 58.40 0.56
v 84.20 58.60 0.55
v 83.80 58.60 0.54
v 83.80 58.40 1.45
v 84.20 58.40 1.46
v 84.20 58.60 1.45
v 83.80 58.60 1.44
v 208.40 58.40 1.10
v 208.60 58.40 1.10
v 208.60 58.60 1.10
v 208.40 58.60 1.10
v 208.40 58.40 2.00
v 208.60 58.40 2.00
v 208.60 58.60 2.00
v 208.40 58.60 2.00
v 73.40 58.20 0.28
v 73.60 58.20 0.28
v 73.60 58.60 0.27
v 73.40 58.60 0.27
v 73.40 58.20 1.18
v 73.60 58.20 1.18
v 73.60 58.60 1.17
v 73.40 58.60 1.17
v 83.00 58.20 0.54
v 84.20 58.20 0.56
v 84.20 58.40 0.56
v 83.00 58.40 0.53
v 83.00 58.20 1.44
v 84.20 58.20 1.46
v 84.20 58.40 1.46
v 83.00 58.40 1.43
v 208.40 58.20 1.10
v 209.20 58.20 1.10
v 209.20 58.40 1.10
v 208.40 58.40 1.10
v 208.40 58.20 2.00
v 209.20 58.20 2.00
v 209.20 58.40 2.00
v 208.40 58.40 2.00
v 70.40 58.20 0.19
v 70.60 58.20 0.19
v 70.60 58.40 0.19
v 70.40 58.40 0.18
v 70.40 58.20 1.09
v 70.60 58.20 1.09
v 70.60 58.40 1.09
v 70.40 58.40 1.08
v 73.40 58.00 0.28
v 73.80 58.00 0.30
v 73.80 58.20 0.29
v 73.40 58.20 0.28
v 73.40 58.00 1.18
v 73.80 58.00 1.20
v 73.80 58.20 1.19
v 73.40 58.20 1.18
v 83.20 58.00 0.55
v 84.40 58.00 0.57
v 84.40 58.20 0.57
v 83.20 58.20 0.54
v 83.20 58.00 1.45
v 84.40 58.00 1.47
v 84.40 58.20 1.47
v 83.20 58.20 1.44
v 84.60 58.00 0.58
v 85.20 58.00 0.59
v 85.20 58.20 0.58
v 84.60 58.20 0.57
v 84.60 58.00 1.48
v 85.20 58.00 1.49
v 85.20 58.20 1.48
v 84.60 58.20 1.47
v 83.20 57.80 0.56
v 83.80 57.80 0.57
v 83.80 58.00 0.56
v 83.20 58.00 0.55
v 83.20 57.80 1.46
v 83.80 57.80 1.47
v 83.80 58.00 1.46
v 83.20 58.00 1.45
v 84.80 57.80 0.59
v 85.20 57.80 0.60
v 85.20 58.00 0.59
v 84.80 58.00 0.58
v 84.80 57.80 1.49
v 85.20 57.80 1.50
v 85.20 58.00 1.49
v 84.80 58.00 1.48
v 83.40 57.60 0.57
v 83.60 57.60 0.57
v 83.60 57.80 0.57
v 83.40 57.80 0.56
v 83.40 57.60 1.47
v 83.60 57.60 1.47
v 83.60 57.80 1.47
v 83.40 57.80 1.46
v 85.00 57.60 0.60
v 85.20 57.60 0.61
v 85.20 57.80 0.60
v 85.00 57.80 0.59
v 85.00 57.60 1.50
v 85.20 57.60 1.51
v 85.20 57.80 1.50
v 85.00 57.80 1.49
v 85.00 57.40 0.61
v 85.40 57.40 0.62
v 85.40 57.60 0.61
v 85.00 57.60 0.60
v 85.00 57.40 1.51
v 85.40 57.40 1.52
v 85.40 57.60 1.51
v 85.00 57.60 1.50
v 84.40 57.40 0.60
v 84.60 57.40 0.60
v 84.60 57.60 0.59
v 84.40 57.60 0.59
v 84.40 57.40 1.50
v 84.60 57.40 1.50
v 84.60 57.60 1.49
v 84.40 57.60 1.49
v 84.20 57.20 0.60
v 84.80 57.20 0.61
v 84.80 57.40 0.60
v 84.20 57.40 0.59
v 84.20 57.20 1.50
v 84.80 57.20 1.51
v 84.80 57.40 1.50
v 84.20 57.40 1.49
v 84.00 57.00 0.60
v 84.80 57.00 0.62
v 84.80 57.20 0.61
v 84.00 57.20 0.60
v 84.00 57.00 1.50
v 84.80 57.00 1.52
v 84.80 57.20 1.51
v 84.00 57.20 1.50
v 51.20 56.80 -0.37
v 51.60 56.80 -0.36
v 51.60 57.00 -0.36
v 51.20 57.00 -0.38
v 51.20 56.80 0.53
v 51.60 56.80 0.54
v 51.60 57.00 0.54
v 51.20 57.00 0.52
v 51.00 56.60 -0.38
v 51.60 56.60 -0.36
v 51.60 56.80 -0.36
v 51.00 56.80 -0.38
v 51.00 56.60 0.52
v 51.60 56.60 0.54
v 51.60 56.80 0.54
v 51.00 56.80 0.52
v 51.20 56.40 -0.37
v 51.40 56.40 -0.36
v 51.40 56.60 -0.36
v 51.20 56.60 -0.37
v 51.20 56.40 0.53
v 51.40 56.40 0.54
v 51.40 56.60 0.54
v 51.20 56.60 0.53
v 84.20 56.20 0.64
v 84.60 56.20 0.64
v 84.60 56.40 0.63
v 84.20 56.40 0.63
v 84.20 56.20 1.54
v 84.60 56.20 1.54
v 84.60 56.40 1.53
v 84.20 56.40 1.53
v 75.80 56.00 0.42
v 76.80 56.00 0.45
v 76.80 56.20 0.45
v 75.80 56.20 0.41
v 75.80 56.00 1.32
v 76.80 56.00 1.35
v 76.80 56.20 1.35
v 75.80 56.20 1.31
v 76.40 55.80 0.45
v 76.80 55.80 0.46
v 76.80 56.00 0.45
v 76.40 56.00 0.44
v 76.40 55.80 1.35
v 76.80 55.80 1.36
v 76.80 56.00 1.35
v 76.40 56.00 1.34
v 76.40 55.40 0.46
v 76.60 55.40 0.46
v 76.60 55.80 0.45
v 76.40 55.80 0.45
v 76.40 55.40 1.36
v 76.60 55.40 1.36
v 76.60 55.80 1.35
v 76.40 55.80 1.35
v 50.40 55.40 -0.38
v 50.60 55.40 -0.37
v 50.60 55.60 -0.37
v 50.40 55.60 -0.38
v 50.40 55.40 0.52
v 50.60 55.40 0.53
v 50.60 55.60 0.53
v 50.40 55.60 0.52
v 75.60 55.40 0.43
v 75.80 55.40 0.44
v 75.80 55.60 0.43
v 75.60 55.60 0.42
v 75.60 55.40 1.33
v 75.80 55.40 1.34
v 75.80 55.60 1.33
v 75.60 55.60 1.32
v 76.20 55.20 0.45
v 76.40 55.20 0.46
v 76.40 55.40 0.46
v 76.20 55.40 0.45
v 76.20 55.20 1.35
v 76.40 55.20 1.36
v 76.40 55.40 1.36
v 76.20 55.40 1.35
v 75.40 54.80 0.44
v 75.60 54.80 0.44
v 75.60 55.20 0.43
v 75.40 55.20 0.43
v 75.40 54.80 1.34
v 75.60 54.80 1.34
v 75.60 55.20 1.33
v 75.40 55.20 1.33
v 76.20 54.80 0.46
v 76.40 54.80 0.47
v 76.40 55.00 0.47
v 76.20 55.00 0.46
v 76.20 54.80 1.36
v 76.40 54.80 1.37
v 76.40 55.00 1.37
v 76.20 55.00 1.36
v 74.60 54.60 0.41
v 74.80 54.60 0.42
v 74.80 55.00 0.41
v 74.60 55.00 0.41
v 74.60 54.60 1.31
v 74.80 54.60 1.32
v 74.80 55.00 1.31
v 74.60 55.00 1.31
v 74.40 54.40 0.41
v 74.80 54.40 0.43
v 74.80 54.60 0.42
v 74.40 54.60 0.41
v 74.40 54.40 1.31
v 74.80 54.40 1.33
v 74.80 54.60 1.32
v 74.40 54.60 1.31
v 75.60 54.00 0.46
v 75.80 54.00 0.47
v 75.80 54.20 0.46
v 75.60 54.20 0.46
v 75.60 54.00 1.36
v 75.80 54.00 1.37
v 75.80 54.20 1.36
v 75.60 54.20 1.36
v 74.40 53.60 0.43
v 74.60 53.60 0.44
v 74.60 54.40 0.42
v 74.40 54.40 0.41
v 74.40 53.60 1.33
v 74.60 53.60 1.34
v 74.60 54.40 1.32
v 74.40 54.40 1.31
v 75.60 53.40 0.47
v 76.20 53.40 0.49
v 76.20 53.60 0.49
v 75.60 53.60 0.47
v 75.60 53.40 1.37
v 76.20 53.40 1.39
v 76.20 53.60 1.39
v 75.60 53.60 1.37
v 75.80 53.20 0.48
v 76.00 53.20 0.49
v 76.00 53.40 0.49
v 75.80 53.40 0.48
v 75.80 53.20 1.38
v 76.00 53.20 1.39
v 76.00 53.40 1.39
v 75.80 53.40 1.38
v 79.80 53.00 0.62
v 80.20 53.00 0.64
v 80.20 53.20 0.63
v 79.80 53.20 0.62
v 79.80 53.00 1.52
v 80.20 53.00 1.54
v 80.20 53.20 1.53
v 79.80 53.20 1.52
v 79.40 52.80 0.61
v 80.00 52.80 0.63
v 80.00 53.00 0.63
v 79.40 53.00 0.61
v 79.40 52.80 1.51
v 80.00 52.80 1.53
v 80.00 53.00 1.53
v 79.40 53.00 1.51
v 79.20 52.60 0.61
v 79.60 52.60 0.62
v 79.60 52.80 0.62
v 79.20 52.80 0.61
v 79.20 52.60 1.51
v 79.60 52.60 1.52
v 79.60 52.80 1.52
v 79.20 52.80 1.51
v 75.60 52.60 0.49
v 75.80 52.60 0.50
v 75.80 52.80 0.49
v 75.60 52.80 0.49
v 75.60 52.60 1.39
v 75.80 52.60 1.40
v 75.80 52.80 1.39
v 75.60 52.80 1.39
v 79.00 52.40 0.60
v 79.40 52.40 0.62
v 79.40 52.60 0.61
v 79.00 52.60 0.60
v 79.00 52.40 1.50
v 79.40 52.40 1.52
v 79.40 52.60 1.51
v 79.00 52.60 1.50
v 80.40 52.20 0.65
v 80.80 52.20 0.67
v 80.80 52.40 0.66
v 80.40 52.40 0.65
v 80.40 52.20 1.55
v 80.80 52.20 1.57
v 80.80 52.40 1.56
v 80.40 52.40 1.55
v 78.80 52.20 0.60
v 79.20 52.20 0.61
v 79.20 52.40 0.61
v 78.80 52.40 0.60
v 78.80 52.20 1.50
v 79.20 52.20 1.51
v 79.20 52.40 1.51
v 78.80 52.40 1.50
v 78.40 52.00 0.59
v 78.80 52.00 0.60
v 78.80 52.20 0.60
v 78.40 52.20 0.59
v 78.40 52.00 1.49
v 78.80 52.00 1.50
v 78.80 52.20 1.50
v 78.40 52.20 1.49
v 80.40 51.80 0.66
v 80.60 51.80 0.66
v 80.60 52.20 0.66
v 80.40 52.20 0.65
v 80.40 51.80 1.56
v 80.60 51.80 1.56
v 80.60 52.20 1.56
v 80.40 52.20 1.55
v 78.40 51.80 0.59
v 78.60 51.80 0.60
v 78.60 52.00 0.60
v 78.40 52.00 0.59
v 78.40 51.80 1.49
v 78.60 51.80 1.50
v 78.60 52.00 1.50
v 78.40 52.00 1.49
v 80.40 51.60 0.66
v 80.80 51.60 0.67
v 80.80 51.80 0.67
v 80.40 51.80 0.66
v 80.40 51.60 1.56
v 80.80 51.60 1.57
v 80.80 51.80 1.57
v 80.40 51.80 1.56
v 80.60 51.40 0.67
v 81.00 51.40 0.68
v 81.00 51.60 0.68
v 80.60 51.60 0.67
v 80.60 51.40 1.57
v 81.00 51.40 1.58
v 81.00 51.60 1.58
v 80.60 51.60 1.57
v 218.20 51.20 1.18
v 218.60 51.20 1.18
v 218.60 51.40 1.17
v 218.20 51.40 1.17
v 218.20 51.20 2.08
v 218.60 51.20 2.08
v 218.60 51.40 2.07
v 218.20 51.40 2.07
v 80.80 51.20 0.68
v 81.20 51.20 0.69
v 81.20 51.40 0.69
v 80.80 51.40 0.68
v 80.80 51.20 1.58
v 81.20 51.20 1.59
v 81.20 51.40 1.59
v 80.80 51.40 1.58
v 79.80 51.20 0.65
v 80.00 51.20 0.65
v 80.00 51.40 0.65
v 79.80 51.40 0.65
v 79.80 51.20 1.55
v 80.00 51.20 1.55
v 80.00 51.40 1.55
v 79.80 51.40 1.55
v 81.00 51.00 0.69
v 81.20 51.00 0.69
v 81.20 51.20 0.69
v 81.00 51.20 0.69
v 81.00 51.00 1.59
v 81.20 51.00 1.59
v 81.20 51.20 1.59
v 81.00 51.20 1.59
v 79.60 51.00 0.64
v 79.80 51.00 0.65
v 79.80 51.20 0.65
v 79.60 51.20 0.64
v 79.60 51.00 1.54
v 79.80 51.00 1.55
v 79.80 51.20 1.55
v 79.60 51.20 1.54
v 80.00 51.00 0.66
v 80.20 51.00 0.66
v 80.20 51.20 0.66
v 80.00 51.20 0.65
v 80.00 51.00 1.56
v 80.20 51.00 1.56
v 80.20 51.20 1.56
v 80.00 51.20 1.55
v 80.80 50.60 0.69
v 81.00 50.60 0.69
v 81.00 50.80 0.69
v 80.80 50.80 0.69
v 80.80 50.60 1.59
v 81.00 50.60 1.59
v 81.00 50.80 1.59
v 80.80 50.80 1.59
v 79.00 50.60 0.63
v 79.60 50.60 0.65
v 79.60 50.80 0.65
v 79.00 50.80 0.63
v 79.00 50.60 1.53
v 79.60 50.60 1.55
v 79.60 50.80 1.55
v 79.00 50.80 1.53
v 78.40 50.20 0.62
v 79.00 50.20 0.64
v 79.00 50.40 0.63
v 78.40 50.40 0.62
v 78.40 50.20 1.52
v 79.00 50.20 1.54
v 79.00 50.40 1.53
v 78.40 50.40 1.52
v 80.20 50.20 0.67
v 80.60 50.20 0.69
v 80.60 50.40 0.68
v 80.20 50.40 0.67
v 80.20 50.20 1.57
v 80.60 50.20 1.59
v 80.60 50.40 1.58
v 80.20 50.40 1.57
v 58.60 50.00 0.04
v 59.00 50.00 0.05
v 59.00 50.20 0.04
v 58.60 50.20 0.04
v 58.60 50.00 0.94
v 59.00 50.00 0.95
v 59.00 50.20 0.94
v 58.60 50.20 0.94
v 79.40 50.00 0.65
v 80.20 50.00 0.68
v 80.20 50.20 0.67
v 79.40 50.20 0.65
v 79.40 50.00 1.55
v 80.20 50.00 1.58
v 80.20 50.20 1.57
v 79.40 50.20 1.55
v 59.40 49.80 0.06
v 59.60 49.80 0.06
v 59.60 50.00 0.06
v 59.40 50.00 0.06
v 59.40 49.80 0.96
v 59.60 49.80 0.96
v 59.60 50.00 0.96
v 59.40 50.00 0.96
v 58.60 49.80 0.04
v 59.20 49.80 0.05
v 59.20 50.00 0.05
v 58.60 50.00 0.04
v 58.60 49.80 0.94
v 59.20 49.80 0.95
v 59.20 50.00 0.95
v 58.60 50.00 0.94
v 78.80 49.80 0.64
v 79.40 49.80 0.66
v 79.40 50.00 0.65
v 78.80 50.00 0.63
v 78.80 49.80 1.54
v 79.40 49.80 1.56
v 79.40 50.00 1.55
v 78.80 50.00 1.53
v 78.60 49.60 0.63
v 79.00 49.60 0.64
v 79.00 49.80 0.64
v 78.60 49.80 0.63
v 78.60 49.60 1.53
v 79.00 49.60 1.54
v 79.00 49.80 1.54
v 78.60 49.80 1.53
v 58.40 49.40 0.04
v 59.20 49.40 0.06
v 59.20 49.80 0.05
v 58.40 49.80 0.04
v 58.40 49.40 0.94
v 59.20 49.40 0.96
v 59.20 49.80 0.95
v 58.40 49.80 0.94
v 78.20 49.40 0.62
v 78.60 49.40 0.63
v 78.60 49.60 0.63
v 78.20 49.60 0.62
v 78.20 49.40 1.52
v 78.60 49.40 1.53
v 78.60 49.60 1.53
v 78.20 49.60 1.52
v 59.60 49.20 0.07
v 59.80 49.20 0.07
v 59.80 49.40 0.07
v 59.60 49.40 0.07
v 59.60 49.20 0.97
v 59.80 49.20 0.97
v 59.80 49.40 0.97
v 59.60 49.40 0.97
v 78.00 49.20 0.62
v 78.40 49.20 0.63
v 78.40 49.40 0.63
v 78.00 49.40 0.62
v 78.00 49.20 1.52
v 78.40 49.20 1.53
v 78.40 49.40 1.53
v 78.00 49.40 1.52
v 58.40 49.20 0.04
v 59.40 49.20 0.06
v 59.40 49.40 0.06
v 58.40 49.40 0.04
v 58.40 49.20 0.94
v 59.40 49.20 0.96
v 59.40 49.40 0.96
v 58.40 49.40 0.94
v 78.00 49.00 0.62
v 78.20 49.00 0.63
v 78.20 49.20 0.62
v 78.00 49.20 0.62
v 78.00 49.00 1.52
v 78.20 49.00 1.53
v 78.20 49.20 1.52
v 78.00 49.20 1.52
v 59.20 49.00 0.06
v 59.60 49.00 0.07
v 59.60 49.20 0.07
v 59.20 49.20 0.06
v 59.20 49.00 0.96
v 59.60 49.00 0.97
v 59.60 49.20 0.97
v 59.20 49.20 0.96
v 58.40 48.80 0.04
v 59.00 48.80 0.06
v 59.00 49.20 0.05
v 58.40 49.20 0.04
v 58.40 48.80 0.94
v 59.00 48.80 0.96
v 59.00 49.20 0.95
v 58.40 49.20 0.94
v 58.40 48.40 0.04
v 58.60 48.40 0.05
v 58.60 48.80 0.05
v 58.40 48.80 0.04
v 58.40 48.40 0.94
v 58.60 48.40 0.95
v 58.60 48.80 0.95
v 58.40 48.80 0.94
v 99.00 47.00 1.08
v 99.20 47.00 1.08
v 99.20 47.20 1.08
v 99.00 47.20 1.08
v 99.00 47.00 1.98
v 99.20 47.00 1.98
v 99.20 47.20 1.98
v 99.00 47.20 1.98
v 207.40 42.20 1.33
v 208.20 42.20 1.33
v 208.20 42.40 1.32
v 207.40 42.40 1.33
v 207.40 42.20 2.23
v 208.20 42.20 2.23
v 208.20 42.40 2.22
v 207.40 42.40 2.23
v 214.20 42.20 1.31
v 214.60 42.20 1.31
v 214.60 42.40 1.31
v 214.20 42.40 1.31
v 214.20 42.20 2.21
v 214.60 42.20 2.21
v 214.60 42.40 2.21
v 214.20 42.40 2.21
v 207.40 42.00 1.33
v 207.60 42.00 1.33
v 207.60 42.20 1.33
v 207.40 42.20 1.33
v 207.40 42.00 2.23
v 207.60 42.00 2.23
v 207.60 42.20 2.23
v 207.40 42.20 2.23
v 214.40 42.00 1.31
v 214.60 42.00 1.31
v 214.60 42.20 1.31
v 214.40 42.20 1.31
v 214.40 42.00 2.21
v 214.60 42.00 2.21
v 214.60 42.20 2.21
v 214.40 42.20 2.21
v 207.20 41.80 1.34
v 207.40 41.80 1.34
v 207.40 42.00 1.33
v 207.20 42.00 1.34
v 207.20 41.80 2.24
v 207.40 41.80 2.24
v 207.40 42.00 2.23
v 207.20 42.00 2.24
v 207.00 41.60 1.34
v 207.40 41.60 1.34
v 207.40 41.80 1.34
v 207.00 41.80 1.34
v 207.00 41.60 2.24
v 207.40 41.60 2.24
v 207.40 41.80 2.24
v 207.00 41.80 2.24
v 208.00 41.40 1.34
v 208.20 41.40 1.34
v 208.20 41.60 1.33
v 208.00 41.60 1.33
v 208.00 41.40 2.24
v 208.20 41.40 2.24
v 208.20 41.60 2.23
v 208.00 41.60 2.23
v 206.20 41.20 1.35
v 206.40 41.20 1.35
v 206.40 41.40 1.35
v 206.20 41.40 1.35
v 206.20 41.20 2.25
v 206.40 41.20 2.25
v 206.40 41.40 2.25
v 206.20 41.40 2.25
v 206.00 41.00 1.35
v 206.60 41.00 1.35
v 206.60 41.20 1.35
v 206.00 41.20 1.35
v 206.00 41.00 2.25
v 206.60 41.00 2.25
v 206.60 41.20 2.25
v 206.00 41.20 2.25
v 206.40 40.80 1.35
v 206.60 40.80 1.35
v 206.60 41.00 1.35
v 206.40 41.00 1.35
v 206.40 40.80 2.25
v 206.60 40.80 2.25
v 206.60 41.00 2.25
v 206.40 41.00 2.25
v 206.00 40.80 1.35
v 206.20 40.80 1.35
v 206.20 41.00 1.35
v 206.00 41.00 1.35
v 206.00 40.80 2.25
v 206.20 40.80 2.25
v 206.20 41.00 2.25
v 206.00 41.00 2.25
v 208.60 40.60 1.34
v 208.80 40.60 1.34
v 208.80 40.80 1.34
v 208.60 40.80 1.34
v 208.60 40.60 2.24
v 208.80 40.60 2.24
v 208.80 40.80 2.24
v 208.60 40.80 2.24
v 205.80 40.60 1.35
v 206.00 40.60 1.35
v 206.00 40.80 1.35
v 205.80 40.80 1.35
v 205.80 40.60 2.25
v 206.00 40.60 2.25
v 206.00 40.80 2.25
v 205.80 40.80 2.25
v 205.60 40.40 1.36
v 206.20 40.40 1.35
v 206.20 40.60 1.35
v 205.60 40.60 1.36
v 205.60 40.40 2.26
v 206.20 40.40 2.25
v 206.20 40.60 2.25
v 205.60 40.60 2.26
v 206.80 40.20 1.35
v 207.00 40.20 1.35
v 207.00 40.40 1.35
v 206.80 40.40 1.35
v 206.80 40.20 2.25
v 207.00 40.20 2.25
v 207.00 40.40 2.25
v 206.80 40.40 2.25
v 205.60 40.20 1.36
v 206.00 40.20 1.36
v 206.00 40.40 1.35
v 205.60 40.40 1.36
v 205.60 40.20 2.26
v 206.00 40.20 2.26
v 206.00 40.40 2.25
v 205.60 40.40 2.26
v 206.60 40.00 1.35
v 207.00 40.00 1.35
v 207.00 40.20 1.35
v 206.60 40.20 1.35
v 206.60 40.00 2.25
v 207.00 40.00 2.25
v 207.00 40.20 2.25
v 206.60 40.20 2.25
v 205.40 40.00 1.36
v 206.00 40.00 1.36
v 206.00 40.20 1.36
v 205.40 40.20 1.36
v 205.40 40.00 2.26
v 206.00 40.00 2.26
v 206.00 40.20 2.26
v 205.40 40.20 2.26
v 78.20 40.00 0.66
v 78.40 40.00 0.67
v 78.40 40.20 0.67
v 78.20 40.20 0.66
v 78.20 40.00 1.56
v 78.40 40.00 1.57
v 78.40 40.20 1.57
v 78.20 40.20 1.56
v 205.80 39.80 1.36
v 206.00 39.80 1.36
v 206.00 40.00 1.36
v 205.80 40.00 1.36
v 205.80 39.80 2.26
v 206.00 39.80 2.26
v 206.00 40.00 2.26
v 205.80 40.00 2.26
v 78.00 39.80 0.66
v 78.40 39.80 0.67
v 78.40 40.00 0.67
v 78.00 40.00 0.66
v 78.00 39.80 1.56
v 78.40 39.80 1.57
v 78.40 40.00 1.57
v 78.00 40.00 1.56
v 204.80 39.60 1.37
v 205.00 39.60 1.36
v 205.00 39.80 1.36
v 204.80 39.80 1.36
v 204.80 39.60 2.27
v 205.00 39.60 2.26
v 205.00 39.80 2.26
v 204.80 39.80 2.26
v 77.20 39.00 0.62
v 77.60 39.00 0.64
v 77.60 39.40 0.64
v 77.20 39.40 0.62
v 77.20 39.00 1.52
v 77.60 39.00 1.54
v 77.60 39.40 1.54
v 77.20 39.40 1.52
v 77.00 38.80 0.61
v 77.60 38.80 0.64
v 77.60 39.00 0.64
v 77.00 39.00 0.61
v 77.00 38.80 1.51
v 77.60 38.80 1.54
v 77.60 39.00 1.54
v 77.00 39.00 1.51
v 202.20 36.80 1.38
v 202.40 36.80 1.38
v 202.40 37.00 1.38
v 202.20 37.00 1.38
v 202.20 36.80 2.28
v 202.40 36.80 2.28
v 202.40 37.00 2.28
v 202.20 37.00 2.28
v 201.80 36.60 1.39
v 202.20 36.60 1.38
v 202.20 36.80 1.38
v 201.80 36.80 1.39
v 201.80 36.60 2.29
v 202.20 36.60 2.28
v 202.20 36.80 2.28
v 201.80 36.80 2.29
v 200.80 36.00 1.39
v 201.00 36.00 1.39
v 201.00 36.40 1.39
v 200.80 36.40 1.39
v 200.80 36.00 2.29
v 201.00 36.00 2.29
v 201.00 36.40 2.29
v 200.80 36.40 2.29
v 174.40 30.80 1.25
v 174.60 30.80 1.25
v 174.60 31.00 1.25
v 174.40 31.00 1.25
v 174.40 30.80 2.15
v 174.60 30.80 2.15
v 174.60 31.00 2.15
v 174.40 31.00 2.15
v 174.00 30.60 1.24
v 174.80 30.60 1.25
v 174.80 30.80 1.25
v 174.00 30.80 1.24
v 174.00 30.60 2.14
v 174.80 30.60 2.15
v 174.80 30.80 2.15
v 174.00 30.80 2.14
v 174.00 30.40 1.24
v 175.00 30.40 1.25
v 175.00 30.60 1.25
v 174.00 30.60 1.24
v 174.00 30.40 2.14
v 175.00 30.40 2.15
v 175.00 30.60 2.15
v 174.00 30.60 2.14
v 174.40 30.20 1.24
v 175.20 30.20 1.25
v 175.20 30.40 1.25
v 174.40 30.40 1.24
v 174.40 30.20 2.14
v 175.20 30.20 2.15
v 175.20 30.40 2.15
v 174.40 30.40 2.14
v 173.40 30.20 1.24
v 174.20 30.20 1.24
v 174.20 30.40 1.24
v 173.40 30.40 1.24
v 173.40 30.20 2.14
v 174.20 30.20 2.14
v 174.20 30.40 2.14
v 173.40 30.40 2.14
v 174.80 30.00 1.25
v 175.40 30.00 1.25
v 175.40 30.20 1.25
v 174.80 30.20 1.25
v 174.80 30.00 2.15
v 175.40 30.00 2.15
v 175.40 30.20 2.15
v 174.80 30.20 2.15
v 174.20 30.00 1.24
v 174.40 30.00 1.24
v 174.40 30.20 1.24
v 174.20 30.20 1.24
v 174.20 30.00 2.14
v 174.40 30.00 2.14
v 174.40 30.20 2.14
v 174.20 30.20 2.14
v 111.80 30.00 1.11
v 112.00 30.00 1.11
v 112.00 30.20 1.11
v 111.80 30.20 1.11
v 111.80 30.00 2.01
v 112.00 30.00 2.01
v 112.00 30.20 2.01
v 111.80 30.20 2.01
v 173.20 30.00 1.24
v 174.00 30.00 1.24
v 174.00 30.20 1.24
v 173.20 30.20 1.24
v 173.20 30.00 2.14
v 174.00 30.00 2.14
v 174.00 30.20 2.14
v 173.20 30.20 2.14
v 112.00 29.80 1.11
v 112.20 29.80 1.11
v 112.20 30.00 1.11
v 112.00 30.00 1.11
v 112.00 29.80 2.01
v 112.20 29.80 2.01
v 112.20 30.00 2.01
v 112.00 30.00 2.01
v 174.60 29.80 1.24
v 175.40 29.80 1.25
v 175.40 30.00 1.25
v 174.60 30.00 1.24
v 174.60 29.80 2.14
v 175.40 29.80 2.15
v 175.40 30.00 2.15
v 174.60 30.00 2.14
v 173.20 29.80 1.24
v 173.80 29.80 1.24
v 173.80 30.00 1.24
v 173.20 30.00 1.24
v 173.20 29.80 2.14
v 173.80 29.80 2.14
v 173.80 30.00 2.14
v 173.20 30.00 2.14
v 173.00 29.60 1.23
v 173.40 29.60 1.24
v 173.40 29.80 1.24
v 173.00 29.80 1.23
v 173.00 29.60 2.13
v 173.40 29.60 2.14
v 173.40 29.80 2.14
v 173.00 29.80 2.13
v 175.00 29.60 1.25
v 175.40 29.60 1.25
v 175.40 29.80 1.25
v 175.00 29.80 1.25
v 175.00 29.60 2.15
v 175.40 29.60 2.15
v 175.40 29.80 2.15
v 175.00 29.80 2.15
v 112.20 29.60 1.11
v 112.60 29.60 1.11
v 112.60 29.80 1.11
v 112.20 29.80 1.11
v 112.20 29.60 2.01
v 112.60 29.60 2.01
v 112.60 29.80 2.01
v 112.20 29.80 2.01
v 172.60 29.40 1.23
v 173.20 29.40 1.23
v 173.20 29.60 1.24
v 172.60 29.60 1.23
v 172.60 29.40 2.13
v 173.20 29.40 2.13
v 173.20 29.60 2.14
v 172.60 29.60 2.13
v 112.80 29.40 1.11
v 113.00 29.40 1.11
v 113.00 29.60 1.11
v 112.80 29.60 1.11
v 112.80 29.40 2.01
v 113.00 29.40 2.01
v 113.00 29.60 2.01
v 112.80 29.60 2.01
v 172.40 29.20 1.23
v 173.00 29.20 1.23
v 173.00 29.40 1.23
v 172.40 29.40 1.23
v 172.40 29.20 2.13
v 173.00 29.20 2.13
v 173.00 29.40 2.13
v 172.40 29.40 2.13
v 113.20 29.00 1.11
v 113.40 29.00 1.11
v 113.40 29.20 1.11
v 113.20 29.20 1.11
v 113.20 29.00 2.01
v 113.40 29.00 2.01
v 113.40 29.20 2.01
v 113.20 29.20 2.01
v 172.20 29.00 1.23
v 172.80 29.00 1.23
v 172.80 29.20 1.23
v 172.20 29.20 1.23
v 172.20 29.00 2.13
v 172.80 29.00 2.13
v 172.80 29.20 2.13
v 172.20 29.20 2.13
v 172.00 28.80 1.22
v 172.40 28.80 1.23
v 172.40 29.00 1.23
v 172.00 29.00 1.22
v 172.00 28.80 2.12
v 172.40 28.80 2.13
v 172.40 29.00 2.13
v 172.00 29.00 2.12
v 171.60 28.60 1.22
v 172.20 28.60 1.23
v 172.20 28.80 1.23
v 171.60 28.80 1.22
v 171.60 28.60 2.12
v 172.20 28.60 2.13
v 172.20 28.80 2.13
v 171.60 28.80 2.12
v 171.40 28.40 1.22
v 172.00 28.40 1.23
v 172.00 28.60 1.22
v 171.40 28.60 1.22
v 171.40 28.40 2.12
v 172.00 28.40 2.13
v 172.00 28.60 2.12
v 171.40 28.60 2.12
v 171.40 28.20 1.22
v 171.80 28.20 1.22
v 171.80 28.40 1.22
v 171.40 28.40 1.22
v 171.40 28.20 2.12
v 171.80 28.20 2.12
v 171.80 28.40 2.12
v 171.40 28.40 2.12
v 168.40 28.00 1.19
v 168.80 28.00 1.19
v 168.80 28.20 1.19
v 168.40 28.20 1.19
v 168.40 28.00 2.09
v 168.80 28.00 2.09
v 168.80 28.20 2.09
v 168.40 28.20 2.09
v 170.80 28.00 1.21
v 171.80 28.00 1.22
v 171.80 28.20 1.22
v 170.80 28.20 1.21
v 170.80 28.00 2.11
v 171.80 28.00 2.12
v 171.80 28.20 2.12
v 170.80 28.20 2.11
v 171.20 27.80 1.22
v 171.40 27.80 1.22
v 171.40 28.00 1.22
v 171.20 28.00 1.22
v 171.20 27.80 2.12
v 171.40 27.80 2.12
v 171.40 28.00 2.12
v 171.20 28.00 2.12
v 168.40 27.80 1.19
v 169.00 27.80 1.20
v 169.00 28.00 1.19
v 168.40 28.00 1.19
v 168.40 27.80 2.09
v 169.00 27.80 2.10
v 169.00 28.00 2.09
v 168.40 28.00 2.09
v 168.00 27.60 1.19
v 168.60 27.60 1.19
v 168.60 27.80 1.19
v 168.00 27.80 1.19
v 168.00 27.60 2.09
v 168.60 27.60 2.09
v 168.60 27.80 2.09
v 168.00 27.80 2.09
v 168.00 27.40 1.19
v 168.40 27.40 1.19
v 168.40 27.60 1.19
v 168.00 27.60 1.19
v 168.00 27.40 2.09
v 168.40 27.40 2.09
v 168.40 27.60 2.09
v 168.00 27.60 2.09
v 170.20 27.20 1.21
v 170.60 27.20 1.21
v 170.60 27.60 1.21
v 170.20 27.60 1.21
v 170.20 27.20 2.11
v 170.60 27.20 2.11
v 170.60 27.60 2.11
v 170.20 27.60 2.11
v 170.20 27.00 1.21
v 170.40 27.00 1.21
v 170.40 27.20 1.21
v 170.20 27.20 1.21
v 170.20 27.00 2.11
v 170.40 27.00 2.11
v 170.40 27.20 2.11
v 170.20 27.20 2.11
v 169.80 26.80 1.21
v 170.00 26.80 1.21
v 170.00 27.00 1.21
v 169.80 27.00 1.21
v 169.80 26.80 2.11
v 170.00 26.80 2.11
v 170.00 27.00 2.11
v 169.80 27.00 2.11
v 169.40 26.60 1.21
v 169.80 26.60 1.21
v 169.80 26.80 1.21
v 169.40 26.80 1.20
v 169.40 26.60 2.11
v 169.80 26.60 2.11
v 169.80 26.80 2.11
v 169.40 26.80 2.10
v 169.00 26.40 1.20
v 169.60 26.40 1.21
v 169.60 26.60 1.21
v 169.00 26.60 1.20
v 169.00 26.40 2.10
v 169.60 26.40 2.11
v 169.60 26.60 2.11
v 169.00 26.60 2.10
v 168.80 26.20 1.20
v 169.40 26.20 1.21
v 169.40 26.40 1.21
v 168.80 26.40 1.20
v 168.80 26.20 2.10
v 169.40 26.20 2.11
v 169.40 26.40 2.11
v 168.80 26.40 2.10
v 168.60 26.00 1.20
v 169.20 26.00 1.21
v 169.20 26.20 1.20
v 168.60 26.20 1.20
v 168.60 26.00 2.10
v 169.20 26.00 2.11
v 169.20 26.20 2.10
v 168.60 26.20 2.10
v 168.20 25.80 1.20
v 169.00 25.80 1.20
v 169.00 26.00 1.20
v 168.20 26.00 1.20
v 168.20 25.80 2.10
v 169.00 25.80 2.10
v 169.00 26.00 2.10
v 168.20 26.00 2.10
v 168.20 25.60 1.20
v 168.80 25.60 1.20
v 168.80 25.80 1.20
v 168.20 25.80 1.20
v 168.20 25.60 2.10
v 168.80 25.60 2.10
v 168.80 25.80 2.10
v 168.20 25.80 2.10
v 168.00 25.40 1.20
v 168.60 25.40 1.20
v 168.60 25.60 1.20
v 168.00 25.60 1.20
v 168.00 25.40 2.10
v 168.60 25.40 2.10
v 168.60 25.60 2.10
v 168.00 25.60 2.10
v 167.60 25.20 1.20
v 168.20 25.20 1.20
v 168.20 25.40 1.20
v 167.60 25.40 1.20
v 167.60 25.20 2.10
v 168.20 25.20 2.10
v 168.20 25.40 2.10
v 167.60 25.40 2.10
v 167.40 25.00 1.20
v 168.00 25.00 1.20
v 168.00 25.20 1.20
v 167.40 25.20 1.20
v 167.40 25.00 2.10
v 168.00 25.00 2.10
v 168.00 25.20 2.10
v 167.40 25.20 2.10
v 167.20 24.80 1.20
v 167.80 24.80 1.20
v 167.80 25.00 1.20
v 167.20 25.00 1.20
v 167.20 24.80 2.10
v 167.80 24.80 2.10
v 167.80 25.00 2.10
v 167.20 25.00 2.10
v 166.80 24.60 1.20
v 167.40 24.60 1.20
v 167.40 24.80 1.20
v 166.80 24.80 1.20
v 166.80 24.60 2.10
v 167.40 24.60 2.10
v 167.40 24.80 2.10
v 166.80 24.80 2.10
v 166.60 24.40 1.20
v 167.20 24.40 1.20
v 167.20 24.60 1.20
v 166.60 24.60 1.20
v 166.60 24.40 2.10
v 167.20 24.40 2.10
v 167.20 24.60 2.10
v 166.60 24.60 2.10
v 166.40 24.20 1.20
v 167.00 24.20 1.20
v 167.00 24.40 1.20
v 166.40 24.40 1.20
v 166.40 24.20 2.10
v 167.00 24.20 2.10
v 167.00 24.40 2.10
v 166.40 24.40 2.10
v 166.20 24.00 1.20
v 166.60 24.00 1.20
v 166.60 24.20 1.20
v 166.20 24.20 1.20
v 166.20 24.00 2.10
v 166.60 24.00 2.10
v 166.60 24.20 2.10
v 166.20 24.20 2.10
v 165.80 23.80 1.20
v 166.40 23.80 1.20
v 166.40 24.00 1.20
v 165.80 24.00 1.20
v 165.80 23.80 2.10
v 166.40 23.80 2.10
v 166.40 24.00 2.10
v 165.80 24.00 2.10
v 165.80 23.60 1.20
v 166.20 23.60 1.20
v 166.20 23.80 1.20
v 165.80 23.80 1.20
v 165.80 23.60 2.10
v 166.20 23.60 2.10
v 166.20 23.80 2.10
v 165.80 23.80 2.10
v 115.00 23.40 1.08
v 115.20 23.40 1.09
v 115.20 23.60 1.09
v 115.00 23.60 1.08
v 115.00 23.40 1.98
v 115.20 23.40 1.99
v 115.20 23.60 1.99
v 115.00 23.60 1.98
v 165.60 23.40 1.20
v 166.00 23.40 1.20
v 166.00 23.60 1.20
v 165.60 23.60 1.20
v 165.60 23.40 2.10
v 166.00 23.40 2.10
v 166.00 23.60 2.10
v 165.60 23.60 2.10
v 115.00 23.20 1.08
v 115.40 23.20 1.09
v 115.40 23.40 1.09
v 115.00 23.40 1.08
v 115.00 23.20 1.98
v 115.40 23.20 1.99
v 115.40 23.40 1.99
v 115.00 23.40 1.98
v 165.20 23.20 1.20
v 165.80 23.20 1.20
v 165.80 23.40 1.20
v 165.20 23.40 1.20
v 165.20 23.20 2.10
v 165.80 23.20 2.10
v 165.80 23.40 2.10
v 165.20 23.40 2.10
v 114.80 23.00 1.08
v 115.20 23.00 1.08
v 115.20 23.20 1.08
v 114.80 23.20 1.08
v 114.80 23.00 1.98
v 115.20 23.00 1.98
v 115.20 23.20 1.98
v 114.80 23.20 1.98
v 165.00 23.00 1.20
v 165.40 23.00 1.20
v 165.40 23.20 1.20
v 165.00 23.20 1.20
v 165.00 23.00 2.10
v 165.40 23.00 2.10
v 165.40 23.20 2.10
v 165.00 23.20 2.10
v 115.00 22.80 1.08
v 115.40 22.80 1.08
v 115.40 23.00 1.08
v 115.00 23.00 1.08
v 115.00 22.80 1.98
v 115.40 22.80 1.98
v 115.40 23.00 1.98
v 115.00 23.00 1.98
v 164.80 22.80 1.20
v 165.40 22.80 1.20
v 165.40 23.00 1.20
v 164.80 23.00 1.19
v 164.80 22.80 2.10
v 165.40 22.80 2.10
v 165.40 23.00 2.10
v 164.80 23.00 2.09
v 115.00 22.60 1.08
v 115.80 22.60 1.09
v 115.80 22.80 1.09
v 115.00 22.80 1.08
v 115.00 22.60 1.98
v 115.80 22.60 1.99
v 115.80 22.80 1.99
v 115.00 22.80 1.98
v 116.60 22.60 1.09
v 117.00 22.60 1.09
v 117.00 22.80 1.09
v 116.60 22.80 1.09
v 116.60 22.60 1.99
v 117.00 22.60 1.99
v 117.00 22.80 1.99
v 116.60 22.80 1.99
v 164.40 22.60 1.19
v 165.20 22.60 1.20
v 165.20 22.80 1.20
v 164.40 22.80 1.19
v 164.40 22.60 2.09
v 165.20 22.60 2.10
v 165.20 22.80 2.10
v 164.40 22.80 2.09
v 164.20 22.40 1.19
v 164.80 22.40 1.20
v 164.80 22.60 1.20
v 164.20 22.60 1.19
v 164.20 22.40 2.09
v 164.80 22.40 2.10
v 164.80 22.60 2.10
v 164.20 22.60 2.09
v 116.80 22.40 1.09
v 117.00 22.40 1.09
v 117.00 22.60 1.09
v 116.80 22.60 1.09
v 116.80 22.40 1.99
v 117.00 22.40 1.99
v 117.00 22.60 1.99
v 116.80 22.60 1.99
v 115.40 22.40 1.08
v 115.80 22.40 1.08
v 115.80 22.60 1.09
v 115.40 22.60 1.08
v 115.40 22.40 1.98
v 115.80 22.40 1.98
v 115.80 22.60 1.99
v 115.40 22.60 1.98
v 164.00 22.20 1.19
v 164.40 22.20 1.19
v 164.40 22.40 1.19
v 164.00 22.40 1.19
v 164.00 22.20 2.09
v 164.40 22.20 2.09
v 164.40 22.40 2.09
v 164.00 22.40 2.09
v 115.60 22.20 1.08
v 116.20 22.20 1.09
v 116.20 22.40 1.09
v 115.60 22.40 1.08
v 115.60 22.20 1.98
v 116.20 22.20 1.99
v 116.20 22.40 1.99
v 115.60 22.40 1.98
v 116.80 22.20 1.09
v 117.20 22.20 1.09
v 117.20 22.40 1.09
v 116.80 22.40 1.09
v 116.80 22.20 1.99
v 117.20 22.20 1.99
v 117.20 22.40 1.99
v 116.80 22.40 1.99
v 163.80 22.00 1.19
v 164.40 22.00 1.20
v 164.40 22.20 1.19
v 163.80 22.20 1.19
v 163.80 22.00 2.09
v 164.40 22.00 2.10
v 164.40 22.20 2.09
v 163.80 22.20 2.09
v 116.80 22.00 1.09
v 117.40 22.00 1.09
v 117.40 22.20 1.09
v 116.80 22.20 1.09
v 116.80 22.00 1.99
v 117.40 22.00 1.99
v 117.40 22.20 1.99
v 116.80 22.20 1.99
v 115.80 22.00 1.08
v 116.20 22.00 1.09
v 116.20 22.20 1.09
v 115.80 22.20 1.08
v 115.80 22.00 1.98
v 116.20 22.00 1.99
v 116.20 22.20 1.99
v 115.80 22.20 1.98
v 163.40 21.80 1.19
v 164.00 21.80 1.20
v 164.00 22.00 1.19
v 163.40 22.00 1.19
v 163.40 21.80 2.09
v 164.00 21.80 2.10
v 164.00 22.00 2.09
v 163.40 22.00 2.09
v 117.00 21.80 1.09
v 117.60 21.80 1.09
v 117.60 22.00 1.09
v 117.00 22.00 1.09
v 117.00 21.80 1.99
v 117.60 21.80 1.99
v 117.60 22.00 1.99
v 117.00 22.00 1.99
v 117.40 21.60 1.09
v 118.00 21.60 1.09
v 118.00 21.80 1.09
v 117.40 21.80 1.09
v 117.40 21.60 1.99
v 118.00 21.60 1.99
v 118.00 21.80 1.99
v 117.40 21.80 1.99
v 163.20 21.60 1.20
v 164.00 21.60 1.20
v 164.00 21.80 1.20
v 163.20 21.80 1.19
v 163.20 21.60 2.10
v 164.00 21.60 2.10
v 164.00 21.80 2.10
v 163.20 21.80 2.09
v 117.60 21.40 1.09
v 118.00 21.40 1.09
v 118.00 21.60 1.09
v 117.60 21.60 1.09
v 117.60 21.40 1.99
v 118.00 21.40 1.99
v 118.00 21.60 1.99
v 117.60 21.60 1.99
v 163.00 21.40 1.20
v 163.60 21.40 1.20
v 163.60 21.60 1.20
v 163.00 21.60 1.20
v 163.00 21.40 2.10
v 163.60 21.40 2.10
v 163.60 21.60 2.10
v 163.00 21.60 2.10
v 162.80 21.20 1.20
v 163.20 21.20 1.20
v 163.20 21.40 1.20
v 162.80 21.40 1.20
v 162.80 21.20 2.10
v 163.20 21.20 2.10
v 163.20 21.40 2.10
v 162.80 21.40 2.10
v 117.80 21.20 1.09
v 118.40 21.20 1.09
v 118.40 21.40 1.09
v 117.80 21.40 1.09
v 117.80 21.20 1.99
v 118.40 21.20 1.99
v 118.40 21.40 1.99
v 117.80 21.40 1.99
v 118.80 21.20 1.09
v 119.00 21.20 1.09
v 119.00 21.40 1.09
v 118.80 21.40 1.09
v 118.80 21.20 1.99
v 119.00 21.20 1.99
v 119.00 21.40 1.99
v 118.80 21.40 1.99
v 117.60 21.00 1.09
v 118.40 21.00 1.09
v 118.40 21.20 1.09
v 117.60 21.20 1.09
v 117.60 21.00 1.99
v 118.40 21.00 1.99
v 118.40 21.20 1.99
v 117.60 21.20 1.99
v 162.60 21.00 1.20
v 163.00 21.00 1.20
v 163.00 21.20 1.20
v 162.60 21.20 1.20
v 162.60 21.00 2.10
v 163.00 21.00 2.10
v 163.00 21.20 2.10
v 162.60 21.20 2.10
v 119.00 20.80 1.09
v 119.20 20.80 1.09
v 119.20 21.20 1.09
v 119.00 21.20 1.09
v 119.00 20.80 1.99
v 119.20 20.80 1.99
v 119.20 21.20 1.99
v 119.00 21.20 1.99
v 118.20 20.80 1.09
v 118.60 20.80 1.09
v 118.60 21.00 1.09
v 118.20 21.00 1.09
v 118.20 20.80 1.99
v 118.60 20.80 1.99
v 118.60 21.00 1.99
v 118.20 21.00 1.99
v 162.20 20.80 1.20
v 162.80 20.80 1.21
v 162.80 21.00 1.20
v 162.20 21.00 1.20
v 162.20 20.80 2.10
v 162.80 20.80 2.11
v 162.80 21.00 2.10
v 162.20 21.00 2.10
v 119.20 20.60 1.09
v 119.60 20.60 1.09
v 119.60 20.80 1.09
v 119.20 20.80 1.09
v 119.20 20.60 1.99
v 119.60 20.60 1.99
v 119.60 20.80 1.99
v 119.20 20.80 1.99
v 162.20 20.60 1.21
v 162.60 20.60 1.21
v 162.60 20.80 1.21
v 162.20 20.80 1.20
v 162.20 20.60 2.11
v 162.60 20.60 2.11
v 162.60 20.80 2.11
v 162.20 20.80 2.10
v 118.40 20.60 1.09
v 118.80 20.60 1.09
v 118.80 20.80 1.09
v 118.40 20.80 1.09
v 118.40 20.60 1.99
v 118.80 20.60 1.99
v 118.80 20.80 1.99
v 118.40 20.80 1.99
v 119.40 20.40 1.09
v 119.80 20.40 1.09
v 119.80 20.60 1.09
v 119.40 20.60 1.09
v 119.40 20.40 1.99
v 119.80 20.40 1.99
v 119.80 20.60 1.99
v 119.40 20.60 1.99
v 162.00 20.40 1.21
v 162.60 20.40 1.21
v 162.60 20.60 1.21
v 162.00 20.60 1.20
v 162.00 20.40 2.11
v 162.60 20.40 2.11
v 162.60 20.60 2.11
v 162.00 20.60 2.10
v 118.60 20.40 1.09
v 119.00 20.40 1.09
v 119.00 20.60 1.09
v 118.60 20.60 1.09
v 118.60 20.40 1.99
v 119.00 20.40 1.99
v 119.00 20.60 1.99
v 118.60 20.60 1.99
v 119.60 20.20 1.09
v 119.80 20.20 1.09
v 119.80 20.40 1.09
v 119.60 20.40 1.09
v 119.60 20.20 1.99
v 119.80 20.20 1.99
v 119.80 20.40 1.99
v 119.60 20.40 1.99
v 161.60 20.20 1.21
v 162.40 20.20 1.21
v 162.40 20.40 1.21
v 161.60 20.40 1.20
v 161.60 20.20 2.11
v 162.40 20.20 2.11
v 162.40 20.40 2.11
v 161.60 20.40 2.10
v 118.80 20.20 1.09
v 119.20 20.20 1.09
v 119.20 20.40 1.09
v 118.80 20.40 1.09
v 118.80 20.20 1.99
v 119.20 20.20 1.99
v 119.20 20.40 1.99
v 118.80 20.40 1.99
v 118.80 20.00 1.09
v 119.40 20.00 1.09
v 119.40 20.20 1.09
v 118.80 20.20 1.09
v 118.80 20.00 1.99
v 119.40 20.00 1.99
v 119.40 20.20 1.99
v 118.80 20.20 1.99
v 161.40 20.00 1.20
v 162.00 20.00 1.21
v 162.00 20.20 1.21
v 161.40 20.20 1.20
v 161.40 20.00 2.10
v 162.00 20.00 2.11
v 162.00 20.20 2.11
v 161.40 20.20 2.10
v 119.80 20.00 1.09
v 120.00 20.00 1.09
v 120.00 20.20 1.09
v 119.80 20.20 1.09
v 119.80 20.00 1.99
v 120.00 20.00 1.99
v 120.00 20.20 1.99
v 119.80 20.20 1.99
v 120.40 19.80 1.09
v 120.60 19.80 1.09
v 120.60 20.00 1.09
v 120.40 20.00 1.09
v 120.40 19.80 1.99
v 120.60 19.80 1.99
v 120.60 20.00 1.99
v 120.40 20.00 1.99
v 161.00 19.80 1.20
v 161.60 19.80 1.21
v 161.60 20.00 1.21
v 161.00 20.00 1.20
v 161.00 19.80 2.10
v 161.60 19.80 2.11
v 161.60 20.00 2.11
v 161.00 20.00 2.10
v 119.00 19.80 1.09
v 119.40 19.80 1.09
v 119.40 20.00 1.09
v 119.00 20.00 1.09
v 119.00 19.80 1.99
v 119.40 19.80 1.99
v 119.40 20.00 1.99
v 119.00 20.00 1.99
v 119.80 19.80 1.09
v 120.20 19.80 1.09
v 120.20 20.00 1.09
v 119.80 20.00 1.09
v 119.80 19.80 1.99
v 120.20 19.80 1.99
v 120.20 20.00 1.99
v 119.80 20.00 1.99
v 161.00 19.60 1.20
v 161.40 19.60 1.21
v 161.40 19.80 1.21
v 161.00 19.80 1.20
v 161.00 19.60 2.10
v 161.40 19.60 2.11
v 161.40 19.80 2.11
v 161.00 19.80 2.10
v 120.00 19.60 1.09
v 120.40 19.60 1.09
v 120.40 19.80 1.09
v 120.00 19.80 1.09
v 120.00 19.60 1.99
v 120.40 19.60 1.99
v 120.40 19.80 1.99
v 120.00 19.80 1.99
v 160.80 19.40 1.20
v 161.20 19.40 1.21
v 161.20 19.60 1.21
v 160.80 19.60 1.20
v 160.80 19.40 2.10
v 161.20 19.40 2.11
v 161.20 19.60 2.11
v 160.80 19.60 2.10
v 160.40 19.20 1.20
v 161.00 19.20 1.21
v 161.00 19.40 1.21
v 160.40 19.40 1.20
v 160.40 19.20 2.10
v 161.00 19.20 2.11
v 161.00 19.40 2.11
v 160.40 19.40 2.10
v 160.20 19.00 1.20
v 160.60 19.00 1.20
v 160.60 19.20 1.20
v 160.20 19.20 1.20
v 160.20 19.00 2.10
v 160.60 19.00 2.10
v 160.60 19.20 2.10
v 160.20 19.20 2.10
v 120.80 18.80 1.09
v 121.00 18.80 1.09
v 121.00 19.00 1.09
v 120.80 19.00 1.09
v 120.80 18.80 1.99
v 121.00 18.80 1.99
v 121.00 19.00 1.99
v 120.80 19.00 1.99
v 160.00 18.80 1.20
v 160.40 18.80 1.20
v 160.40 19.00 1.20
v 160.00 19.00 1.20
v 160.00 18.80 2.10
v 160.40 18.80 2.10
v 160.40 19.00 2.10
v 160.00 19.00 2.10
v 159.60 18.60 1.20
v 160.40 18.60 1.20
v 160.40 18.80 1.20
v 159.60 18.80 1.20
v 159.60 18.60 2.10
v 160.40 18.60 2.10
v 160.40 18.80 2.10
v 159.60 18.80 2.10
v 159.40 18.40 1.20
v 160.20 18.40 1.20
v 160.20 18.60 1.20
v 159.40 18.60 1.20
v 159.40 18.40 2.10
v 160.20 18.40 2.10
v 160.20 18.60 2.10
v 159.40 18.60 2.10
v 159.20 18.20 1.19
v 159.60 18.20 1.20
v 159.60 18.40 1.20
v 159.20 18.40 1.19
v 159.20 18.20 2.09
v 159.60 18.20 2.10
v 159.60 18.40 2.10
v 159.20 18.40 2.09
v 159.00 18.00 1.19
v 159.60 18.00 1.20
v 159.60 18.20 1.20
v 159.00 18.20 1.19
v 159.00 18.00 2.09
v 159.60 18.00 2.10
v 159.60 18.20 2.10
v 159.00 18.20 2.09
v 158.40 17.80 1.19
v 159.20 17.80 1.20
v 159.20 18.00 1.19
v 158.40 18.00 1.19
v 158.40 17.80 2.09
v 159.20 17.80 2.10
v 159.20 18.00 2.09
v 158.40 18.00 2.09
v 158.20 17.60 1.19
v 159.00 17.60 1.19
v 159.00 17.80 1.19
v 158.20 17.80 1.19
v 158.20 17.60 2.09
v 159.00 17.60 2.09
v 159.00 17.80 2.09
v 158.20 17.80 2.09
v 158.40 17.20 1.19
v 158.60 17.20 1.19
v 158.60 17.60 1.19
v 158.40 17.60 1.19
v 158.40 17.20 2.09
v 158.60 17.20 2.09
v 158.60 17.60 2.09
v 158.40 17.60 2.09
v 157.80 17.00 1.20
v 158.00 17.00 1.20
v 158.00 17.20 1.19
v 157.80 17.20 1.19
v 157.80 17.00 2.10
v 158.00 17.00 2.10
v 158.00 17.20 2.09
v 157.80 17.20 2.09
v 157.60 16.80 1.20
v 158.00 16.80 1.20
v 158.00 17.00 1.20
v 157.60 17.00 1.20
v 157.60 16.80 2.10
v 158.00 16.80 2.10
v 158.00 17.00 2.10
v 157.60 17.00 2.10
v 157.40 16.60 1.20
v 158.00 16.60 1.20
v 158.00 16.80 1.20
v 157.40 16.80 1.20
v 157.40 16.60 2.10
v 158.00 16.60 2.10
v 158.00 16.80 2.10
v 157.40 16.80 2.10
v 157.20 16.40 1.20
v 157.80 16.40 1.20
v 157.80 16.60 1.20
v 157.20 16.60 1.20
v 157.20 16.40 2.10
v 157.80 16.40 2.10
v 157.80 16.60 2.10
v 157.20 16.60 2.10
v 157.00 16.20 1.20
v 157.60 16.20 1.20
v 157.60 16.40 1.20
v 157.00 16.40 1.20
v 157.00 16.20 2.10
v 157.60 16.20 2.10
v 157.60 16.40 2.10
v 157.00 16.40 2.10
v 156.60 16.00 1.19
v 157.20 16.00 1.20
v 157.20 16.20 1.20
v 156.60 16.20 1.19
v 156.60 16.00 2.09
v 157.20 16.00 2.10
v 157.20 16.20 2.10
v 156.60 16.20 2.09
v 156.60 15.80 1.19
v 157.00 15.80 1.19
v 157.00 16.00 1.19
v 156.60 16.00 1.19
v 156.60 15.80 2.09
v 157.00 15.80 2.09
v 157.00 16.00 2.09
v 156.60 16.00 2.09
v 156.20 15.20 1.19
v 156.40 15.20 1.19
v 156.40 15.40 1.19
v 156.20 15.40 1.19
v 156.20 15.20 2.09
v 156.40 15.20 2.09
v 156.40 15.40 2.09
v 156.20 15.40 2.09
v 155.40 15.00 1.18
v 155.60 15.00 1.18
v 155.60 15.20 1.18
v 155.40 15.20 1.18
v 155.40 15.00 2.08
v 155.60 15.00 2.08
v 155.60 15.20 2.08
v 155.40 15.20 2.08
v 155.20 14.80 1.18
v 155.40 14.80 1.18
v 155.40 15.00 1.18
v 155.20 15.00 1.18
v 155.20 14.80 2.08
v 155.40 14.80 2.08
v 155.40 15.00 2.08
v 155.20 15.00 2.08
v 154.00 13.60 1.18
v 154.20 13.60 1.18
v 154.20 13.80 1.18
v 154.00 13.80 1.18
v 154.00 13.60 2.08
v 154.20 13.60 2.08
v 154.20 13.80 2.08
v 154.00 13.80 2.08
v 153.80 13.40 1.18
v 154.00 13.40 1.18
v 154.00 13.60 1.18
v 153.80 13.60 1.18
v 153.80 13.40 2.08
v 154.00 13.40 2.08
v 154.00 13.60 2.08
v 153.80 13.60 2.08
v 153.60 13.20 1.18
v 154.00 13.20 1.18
v 154.00 13.40 1.18
v 153.60 13.40 1.18
v 153.60 13.20 2.08
v 154.00 13.20 2.08
v 154.00 13.40 2.08
v 153.60 13.40 2.08
v 153.40 13.00 1.18
v 153.80 13.00 1.18
v 153.80 13.20 1.18
v 153.40 13.20 1.18
v 153.40 13.00 2.08
v 153.80 13.00 2.08
v 153.80 13.20 2.08
v 153.40 13.20 2.08
v 152.80 12.60 1.18
v 153.20 12.60 1.18
v 153.20 12.80 1.18
v 152.80 12.80 1.18
v 152.80 12.60 2.08
v 153.20 12.60 2.08
v 153.20 12.80 2.08
v 152.80 12.80 2.08
v 152.40 12.40 1.18
v 153.00 12.40 1.18
v 153.00 12.60 1.18
v 152.40 12.60 1.18
v 152.40 12.40 2.08
v 153.00 12.40 2.08
v 153.00 12.60 2.08
v 152.40 12.60 2.08
v 152.40 12.20 1.18
v 152.80 12.20 1.18
v 152.80 12.40 1.18
v 152.40 12.40 1.18
v 152.40 12.20 2.08
v 152.80 12.20 2.08
v 152.80 12.40 2.08
v 152.40 12.40 2.08
v 151.40 11.80 1.17
v 151.80 11.80 1.17
v 151.80 12.00 1.18
v 151.40 12.00 1.18
v 151.40 11.80 2.07
v 151.80 11.80 2.07
v 151.80 12.00 2.08
v 151.40 12.00 2.08
v 151.20 11.60 1.17
v 152.00 11.60 1.17
v 152.00 11.80 1.18
v 151.20 11.80 1.17
v 151.20 11.60 2.07
v 152.00 11.60 2.07
v 152.00 11.80 2.08
v 151.20 11.80 2.07
v 151.40 11.40 1.17
v 151.80 11.40 1.17
v 151.80 11.60 1.17
v 151.40 11.60 1.17
v 151.40 11.40 2.07
v 151.80 11.40 2.07
v 151.80 11.60 2.07
v 151.40 11.60 2.07
v 151.00 11.20 1.16
v 151.60 11.20 1.17
v 151.60 11.40 1.17
v 151.00 11.40 1.16
v 151.00 11.20 2.06
v 151.60 11.20 2.07
v 151.60 11.40 2.07
v 151.00 11.40 2.06
v 150.80 11.00 1.16
v 151.40 11.00 1.16
v 151.40 11.20 1.16
v 150.80 11.20 1.16
v 150.80 11.00 2.06
v 151.40 11.00 2.06
v 151.40 11.20 2.06
v 150.80 11.20 2.06
v 126.80 11.00 1.04
v 127.00 11.00 1.04
v 127.00 11.20 1.04
v 126.80 11.20 1.04
v 126.80 11.00 1.94
v 127.00 11.00 1.94
v 127.00 11.20 1.94
v 126.80 11.20 1.94
v 150.60 10.80 1.17
v 151.00 10.80 1.16
v 151.00 11.00 1.16
v 150.60 11.00 1.17
v 150.60 10.80 2.07
v 151.00 10.80 2.06
v 151.00 11.00 2.06
v 150.60 11.00 2.07
v 126.80 10.80 1.04
v 127.20 10.80 1.04
v 127.20 11.00 1.04
v 126.80 11.00 1.04
v 126.80 10.80 1.94
v 127.20 10.80 1.94
v 127.20 11.00 1.94
v 126.80 11.00 1.94
v 150.60 10.60 1.17
v 150.80 10.60 1.17
v 150.80 10.80 1.17
v 150.60 10.80 1.17
v 150.60 10.60 2.07
v 150.80 10.60 2.07
v 150.80 10.80 2.07
v 150.60 10.80 2.07
v 152.60 10.40 1.17
v 152.80 10.40 1.17
v 152.80 10.60 1.17
v 152.60 10.60 1.17
v 152.60 10.40 2.07
v 152.80 10.40 2.07
v 152.80 10.60 2.07
v 152.60 10.60 2.07
v 150.40 10.40 1.18
v 150.80 10.40 1.17
v 150.80 10.60 1.17
v 150.40 10.60 1.18
v 150.40 10.40 2.08
v 150.80 10.40 2.07
v 150.80 10.60 2.07
v 150.40 10.60 2.08
v 150.40 10.20 1.18
v 150.60 10.20 1.17
v 150.60 10.40 1.17
v 150.40 10.40 1.18
v 150.40 10.20 2.08
v 150.60 10.20 2.07
v 150.60 10.40 2.07
v 150.40 10.40 2.08
v 152.80 10.20 1.17
v 153.00 10.20 1.17
v 153.00 10.40 1.17
v 152.80 10.40 1.17
v 152.80 10.20 2.07
v 153.00 10.20 2.07
v 153.00 10.40 2.07
v 152.80 10.40 2.07
v 152.80 9.80 1.16
v 153.00 9.80 1.16
v 153.00 10.00 1.17
v 152.80 10.00 1.16
v 152.80 9.80 2.06
v 153.00 9.80 2.06
v 153.00 10.00 2.07
v 152.80 10.00 2.06
v 153.00 9.40 1.16
v 153.20 9.40 1.16
v 153.20 9.80 1.17
v 153.00 9.80 1.16
v 153.00 9.40 2.06
v 153.20 9.40 2.06
v 153.20 9.80 2.07
v 153.00 9.80 2.06
v 153.80 9.00 1.16
v 154.00 9.00 1.16
v 154.00 9.20 1.16
v 153.80 9.20 1.16
v 153.80 9.00 2.06
v 154.00 9.00 2.06
v 154.00 9.20 2.06
v 153.80 9.20 2.06
v 90.20 8.60 0.64
v 90.60 8.60 0.65
v 90.60 8.80 0.65
v 90.20 8.80 0.65
v 90.20 8.60 1.54
v 90.60 8.60 1.55
v 90.60 8.80 1.55
v 90.20 8.80 1.55
v 90.40 8.20 0.65
v 90.80 8.20 0.65
v 90.80 8.60 0.66
v 90.40 8.60 0.65
v 90.40 8.20 1.55
v 90.80 8.20 1.55
v 90.80 8.60 1.56
v 90.40 8.60 1.55
v 147.40 7.60 1.13
v 147.60 7.60 1.12
v 147.60 7.80 1.13
v 147.40 7.80 1.13
v 147.40 7.60 2.03
v 147.60 7.60 2.02
v 147.60 7.80 2.03
v 147.40 7.80 2.03
v 147.20 7.40 1.13
v 147.80 7.40 1.12
v 147.80 7.60 1.12
v 147.20 7.60 1.13
v 147.20 7.40 2.03
v 147.80 7.40 2.02
v 147.80 7.60 2.02
v 147.20 7.60 2.03
v 90.20 7.20 0.63
v 90.40 7.20 0.64
v 90.40 7.80 0.64
v 90.20 7.80 0.64
v 90.20 7.20 1.53
v 90.40 7.20 1.54
v 90.40 7.80 1.54
v 90.20 7.80 1.54
v 147.60 7.20 1.12
v 147.80 7.20 1.12
v 147.80 7.40 1.12
v 147.60 7.40 1.12
v 147.60 7.20 2.02
v 147.80 7.20 2.02
v 147.80 7.40 2.02
v 147.60 7.40 2.02
v 147.60 7.00 1.12
v 148.00 7.00 1.12
v 148.00 7.20 1.12
v 147.60 7.20 1.12
v 147.60 7.00 2.02
v 148.00 7.00 2.02
v 148.00 7.20 2.02
v 147.60 7.20 2.02
v 147.20 6.80 1.12
v 147.80 6.80 1.12
v 147.80 7.00 1.12
v 147.20 7.00 1.12
v 147.20 6.80 2.02
v 147.80 6.80 2.02
v 147.80 7.00 2.02
v 147.20 7.00 2.02
v 165.20 6.60 1.18
v 165.40 6.60 1.18
v 165.40 6.80 1.18
v 165.20 6.80 1.18
v 165.20 6.60 2.08
v 165.40 6.60 2.08
v 165.40 6.80 2.08
v 165.20 6.80 2.08
v 147.20 6.60 1.12
v 147.60 6.60 1.12
v 147.60 6.80 1.12
v 147.20 6.80 1.12
v 147.20 6.60 2.02
v 147.60 6.60 2.02
v 147.60 6.80 2.02
v 147.20 6.80 2.02
v 165.00 6.40 1.18
v 165.20 6.40 1.18
v 165.20 6.60 1.18
v 165.00 6.60 1.18
v 165.00 6.40 2.08
v 165.20 6.40 2.08
v 165.20 6.60 2.08
v 165.00 6.60 2.08
v 147.00 6.40 1.12
v 147.40 6.40 1.12
v 147.40 6.60 1.12
v 147.00 6.60 1.12
v 147.00 6.40 2.02
v 147.40 6.40 2.02
v 147.40 6.60 2.02
v 147.00 6.60 2.02
v 164.80 6.20 1.18
v 165.20 6.20 1.18
v 165.20 6.40 1.18
v 164.80 6.40 1.18
v 164.80 6.20 2.08
v 165.20 6.20 2.08
v 165.20 6.40 2.08
v 164.80 6.40 2.08
v 164.60 6.00 1.18
v 164.80 6.00 1.18
v 164.80 6.20 1.18
v 164.60 6.20 1.18
v 164.60 6.00 2.08
v 164.80 6.00 2.08
v 164.80 6.20 2.08
v 164.60 6.20 2.08
v 146.40 5.80 1.13
v 146.60 5.80 1.12
v 146.60 6.20 1.13
v 146.40 6.20 1.13
v 146.40 5.80 2.03
v 146.60 5.80 2.02
v 146.60 6.20 2.03
v 146.40 6.20 2.03
v 164.40 5.80 1.18
v 164.60 5.80 1.18
v 164.60 6.00 1.18
v 164.40 6.00 1.18
v 164.40 5.80 2.08
v 164.60 5.80 2.08
v 164.60 6.00 2.08
v 164.40 6.00 2.08
v 145.20 5.60 1.13
v 145.40 5.60 1.13
v 145.40 5.80 1.13
v 145.20 5.80 1.13
v 145.20 5.60 2.03
v 145.40 5.60 2.03
v 145.40 5.80 2.03
v 145.20 5.80 2.03
v 146.00 5.60 1.13
v 146.20 5.60 1.13
v 146.20 5.80 1.13
v 146.00 5.80 1.13
v 146.00 5.60 2.03
v 146.20 5.60 2.03
v 146.20 5.80 2.03
v 146.00 5.80 2.03
v 164.40 5.60 1.18
v 164.80 5.60 1.18
v 164.80 5.80 1.18
v 164.40 5.80 1.18
v 164.40 5.60 2.08
v 164.80 5.60 2.08
v 164.80 5.80 2.08
v 164.40 5.80 2.08
v 145.60 5.40 1.13
v 146.00 5.40 1.13
v 146.00 5.60 1.13
v 145.60 5.60 1.13
v 145.60 5.40 2.03
v 146.00 5.40 2.03
v 146.00 5.60 2.03
v 145.60 5.60 2.03
v 164.00 5.40 1.18
v 164.40 5.40 1.18
v 164.40 5.60 1.18
v 164.00 5.60 1.18
v 164.00 5.40 2.08
v 164.40 5.40 2.08
v 164.40 5.60 2.08
v 164.00 5.60 2.08
v 145.40 5.20 1.13
v 145.80 5.20 1.13
v 145.80 5.40 1.13
v 145.40 5.40 1.13
v 145.40 5.20 2.03
v 145.80 5.20 2.03
v 145.80 5.40 2.03
v 145.40 5.40 2.03
v 163.80 5.20 1.18
v 164.20 5.20 1.18
v 164.20 5.40 1.18
v 163.80 5.40 1.18
v 163.80 5.20 2.08
v 164.20 5.20 2.08
v 164.20 5.40 2.08
v 163.80 5.40 2.08
v 163.60 5.00 1.18
v 163.80 5.00 1.18
v 163.80 5.20 1.18
v 163.60 5.20 1.18
v 163.60 5.00 2.08
v 163.80 5.00 2.08
v 163.80 5.20 2.08
v 163.60 5.20 2.08
v 145.20 5.00 1.14
v 145.60 5.00 1.14
v 145.60 5.20 1.13
v 145.20 5.20 1.14
v 145.20 5.00 2.04
v 145.60 5.00 2.04
v 145.60 5.20 2.03
v 145.20 5.20 2.04
v 144.60 5.00 1.14
v 144.80 5.00 1.14
v 144.80 5.20 1.14
v 144.60 5.20 1.14
v 144.60 5.00 2.04
v 144.80 5.00 2.04
v 144.80 5.20 2.04
v 144.60 5.20 2.04
v 164.00 5.00 1.18
v 164.20 5.00 1.18
v 164.20 5.20 1.18
v 164.00 5.20 1.18
v 164.00 5.00 2.08
v 164.20 5.00 2.08
v 164.20 5.20 2.08
v 164.00 5.20 2.08
v 144.80 4.80 1.14
v 145.40 4.80 1.14
v 145.40 5.00 1.14
v 144.80 5.00 1.14
v 144.80 4.80 2.04
v 145.40 4.80 2.04
v 145.40 5.00 2.04
v 144.80 5.00 2.04
v 163.40 4.80 1.17
v 163.80 4.80 1.18
v 163.80 5.00 1.18
v 163.40 5.00 1.17
v 163.40 4.80 2.07
v 163.80 4.80 2.08
v 163.80 5.00 2.08
v 163.40 5.00 2.07
v 144.60 4.60 1.14
v 145.40 4.60 1.14
v 145.40 4.80 1.14
v 144.60 4.80 1.14
v 144.60 4.60 2.04
v 145.40 4.60 2.04
v 145.40 4.80 2.04
v 144.60 4.80 2.04
v 162.80 4.60 1.17
v 163.80 4.60 1.18
v 163.80 4.80 1.18
v 162.80 4.80 1.17
v 162.80 4.60 2.07
v 163.80 4.60 2.08
v 163.80 4.80 2.08
v 162.80 4.80 2.07
v 162.80 4.40 1.17
v 163.40 4.40 1.17
v 163.40 4.60 1.17
v 162.80 4.60 1.17
v 162.80 4.40 2.07
v 163.40 4.40 2.07
v 163.40 4.60 2.07
v 162.80 4.60 2.07
v 144.80 4.40 1.14
v 145.00 4.40 1.14
v 145.00 4.60 1.14
v 144.80 4.60 1.14
v 144.80 4.40 2.04
v 145.00 4.40 2.04
v 145.00 4.60 2.04
v 144.80 4.60 2.04
v 163.40 4.20 1.17
v 163.60 4.20 1.17
v 163.60 4.40 1.17
v 163.40 4.40 1.17
v 163.40 4.20 2.07
v 163.60 4.20 2.07
v 163.60 4.40 2.07
v 163.40 4.40 2.07
v 162.60 4.20 1.17
v 163.00 4.20 1.17
v 163.00 4.40 1.17
v 162.60 4.40 1.17
v 162.60 4.20 2.07
v 163.00 4.20 2.07
v 163.00 4.40 2.07
v 162.60 4.40 2.07
v 162.40 4.00 1.17
v 162.80 4.00 1.17
v 162.80 4.20 1.17
v 162.40 4.20 1.17
v 162.40 4.00 2.07
v 162.80 4.00 2.07
v 162.80 4.20 2.07
v 162.40 4.20 2.07
v 143.80 3.80 1.14
v 144.20 3.80 1.14
v 144.20 4.00 1.14
v 143.80 4.00 1.14
v 143.80 3.80 2.04
v 144.20 3.80 2.04
v 144.20 4.00 2.04
v 143.80 4.00 2.04
v 85.80 3.60 0.51
v 86.20 3.60 0.52
v 86.20 4.00 0.52
v 85.80 4.00 0.51
v 85.80 3.60 1.41
v 86.20 3.60 1.42
v 86.20 4.00 1.42
v 85.80 4.00 1.41
v 162.20 3.60 1.17
v 162.40 3.60 1.17
v 162.40 3.80 1.17
v 162.20 3.80 1.17
v 162.20 3.60 2.07
v 162.40 3.60 2.07
v 162.40 3.80 2.07
v 162.20 3.80 2.07
v 143.60 3.60 1.14
v 144.00 3.60 1.15
v 144.00 3.80 1.14
v 143.60 3.80 1.14
v 143.60 3.60 2.04
v 144.00 3.60 2.05
v 144.00 3.80 2.04
v 143.60 3.80 2.04
v 143.40 3.20 1.15
v 143.80 3.20 1.15
v 143.80 3.60 1.14
v 143.40 3.60 1.14
v 143.40 3.20 2.05
v 143.80 3.20 2.05
v 143.80 3.60 2.04
v 143.40 3.60 2.04
v 162.40 3.20 1.17
v 162.60 3.20 1.17
v 162.60 3.60 1.17
v 162.40 3.60 1.17
v 162.40 3.20 2.07
v 162.60 3.20 2.07
v 162.60 3.60 2.07
v 162.40 3.60 2.07
v 104.20 3.00 0.80
v 104.40 3.00 0.80
v 104.40 3.20 0.80
v 104.20 3.20 0.80
v 104.20 3.00 1.70
v 104.40 3.00 1.70
v 104.40 3.20 1.70
v 104.20 3.20 1.70
v 143.00 3.00 1.14
v 143.60 3.00 1.15
v 143.60 3.20 1.15
v 143.00 3.20 1.14
v 143.00 3.00 2.04
v 143.60 3.00 2.05
v 143.60 3.20 2.05
v 143.00 3.20 2.04
v 161.20 3.00 1.17
v 161.80 3.00 1.17
v 161.80 3.20 1.17
v 161.20 3.20 1.17
v 161.20 3.00 2.07
v 161.80 3.00 2.07
v 161.80 3.20 2.07
v 161.20 3.20 2.07
v 160.80 2.80 1.17
v 161.40 2.80 1.17
v 161.40 3.00 1.17
v 160.80 3.00 1.17
v 160.80 2.80 2.07
v 161.40 2.80 2.07
v 161.40 3.00 2.07
v 160.80 3.00 2.07
v 104.00 2.80 0.79
v 104.20 2.80 0.79
v 104.20 3.00 0.80
v 104.00 3.00 0.80
v 104.00 2.80 1.69
v 104.20 2.80 1.69
v 104.20 3.00 1.70
v 104.00 3.00 1.70
v 142.80 2.80 1.14
v 143.40 2.80 1.15
v 143.40 3.00 1.15
v 142.80 3.00 1.13
v 142.80 2.80 2.04
v 143.40 2.80 2.05
v 143.40 3.00 2.05
v 142.80 3.00 2.03
v 160.40 2.60 1.17
v 161.40 2.60 1.17
v 161.40 2.80 1.17
v 160.40 2.80 1.17
v 160.40 2.60 2.07
v 161.40 2.60 2.07
v 161.40 2.80 2.07
v 160.40 2.80 2.07
v 142.40 2.60 1.13
v 143.20 2.60 1.15
v 143.20 2.80 1.15
v 142.40 2.80 1.13
v 142.40 2.60 2.03
v 143.20 2.60 2.05
v 143.20 2.80 2.05
v 142.40 2.80 2.03
v 103.80 2.60 0.79
v 104.00 2.60 0.79
v 104.00 2.80 0.79
v 103.80 2.80 0.79
v 103.80 2.60 1.69
v 104.00 2.60 1.69
v 104.00 2.80 1.69
v 103.80 2.80 1.69
v 142.20 2.40 1.12
v 142.80 2.40 1.14
v 142.80 2.60 1.14
v 142.20 2.60 1.12
v 142.20 2.40 2.02
v 142.80 2.40 2.04
v 142.80 2.60 2.04
v 142.20 2.60 2.02
v 103.60 2.40 0.79
v 103.80 2.40 0.79
v 103.80 2.60 0.79
v 103.60 2.60 0.79
v 103.60 2.40 1.69
v 103.80 2.40 1.69
v 103.80 2.60 1.69
v 103.60 2.60 1.69
v 160.40 2.40 1.17
v 161.00 2.40 1.17
v 161.00 2.60 1.17
v 160.40 2.60 1.17
v 160.40 2.40 2.07
v 161.00 2.40 2.07
v 161.00 2.60 2.07
v 160.40 2.60 2.07
v 160.00 2.20 1.17
v 160.80 2.20 1.17
v 160.80 2.40 1.17
v 160.00 2.40 1.17
v 160.00 2.20 2.07
v 160.80 2.20 2.07
v 160.80 2.40 2.07
v 160.00 2.40 2.07
v 142.00 2.20 1.12
v 142.40 2.20 1.13
v 142.40 2.40 1.13
v 142.00 2.40 1.12
v 142.00 2.20 2.02
v 142.40 2.20 2.03
v 142.40 2.40 2.03
v 142.00 2.40 2.02
v 103.40 2.20 0.78
v 103.60 2.20 0.78
v 103.60 2.40 0.79
v 103.40 2.40 0.79
v 103.40 2.20 1.68
v 103.60 2.20 1.68
v 103.60 2.40 1.69
v 103.40 2.40 1.69
v 141.80 2.00 1.11
v 142.40 2.00 1.13
v 142.40 2.20 1.13
v 141.80 2.20 1.11
v 141.80 2.00 2.01
v 142.40 2.00 2.03
v 142.40 2.20 2.03
v 141.80 2.20 2.01
v 159.80 2.00 1.17
v 160.60 2.00 1.17
v 160.60 2.20 1.17
v 159.80 2.20 1.17
v 159.80 2.00 2.07
v 160.60 2.00 2.07
v 160.60 2.20 2.07
v 159.80 2.20 2.07
v 141.60 1.80 1.10
v 142.00 1.80 1.11
v 142.00 2.00 1.12
v 141.60 2.00 1.11
v 141.60 1.80 2.00
v 142.00 1.80 2.01
v 142.00 2.00 2.02
v 141.60 2.00 2.01
v 159.60 1.80 1.17
v 160.20 1.80 1.17
v 160.20 2.00 1.17
v 159.60 2.00 1.17
v 159.60 1.80 2.07
v 160.20 1.80 2.07
v 160.20 2.00 2.07
v 159.60 2.00 2.07
v 159.40 1.60 1.17
v 160.20 1.60 1.17
v 160.20 1.80 1.17
v 159.40 1.80 1.17
v 159.40 1.60 2.07
v 160.20 1.60 2.07
v 160.20 1.80 2.07
v 159.40 1.80 2.07
v 141.20 1.60 1.09
v 142.00 1.60 1.11
v 142.00 1.80 1.11
v 141.20 1.80 1.10
v 141.20 1.60 1.99
v 142.00 1.60 2.01
v 142.00 1.80 2.01
v 141.20 1.80 2.00
v 141.00 1.40 1.08
v 141.20 1.40 1.09
v 141.20 1.60 1.09
v 141.00 1.60 1.09
v 141.00 1.40 1.98
v 141.20 1.40 1.99
v 141.20 1.60 1.99
v 141.00 1.60 1.99
v 159.20 1.40 1.17
v 160.00 1.40 1.17
v 160.00 1.60 1.17
v 159.20 1.60 1.17
v 159.20 1.40 2.07
v 160.00 1.40 2.07
v 160.00 1.60 2.07
v 159.20 1.60 2.07
v 140.80 1.20 1.08
v 141.20 1.20 1.09
v 141.20 1.40 1.09
v 140.80 1.40 1.08
v 140.80 1.20 1.98
v 141.20 1.20 1.99
v 141.20 1.40 1.99
v 140.80 1.40 1.98
v 159.60 1.20 1.17
v 160.00 1.20 1.17
v 160.00 1.40 1.17
v 159.60 1.40 1.17
v 159.60 1.20 2.07
v 160.00 1.20 2.07
v 160.00 1.40 2.07
v 159.60 1.40 2.07
v 158.80 1.20 1.17
v 159.20 1.20 1.17
v 159.20 1.40 1.17
v 158.80 1.40 1.17
v 158.80 1.20 2.07
v 159.20 1.20 2.07
v 159.20 1.40 2.07
v 158.80 1.40 2.07
v 158.60 1.00 1.17
v 159.00 1.00 1.17
v 159.00 1.20 1.17
v 158.60 1.20 1.17
v 158.60 1.00 2.07
v 159.00 1.00 2.07
v 159.00 1.20 2.07
v 158.60 1.20 2.07
v 140.40 0.80 1.08
v 141.00 0.80 1.08
v 141.00 1.20 1.08
v 140.40 1.20 1.08
v 140.40 0.80 1.98
v 141.00 0.80 1.98
v 141.00 1.20 1.98
v 140.40 1.20 1.98
v 159.00 0.80 1.17
v 159.20 0.80 1.17
v 159.20 1.00 1.17
v 159.00 1.00 1.17
v 159.00 0.80 2.07
v 159.20 0.80 2.07
v 159.20 1.00 2.07
v 159.00 1.00 2.07
v 158.40 0.80 1.17
v 158.80 0.80 1.17
v 158.80 1.00 1.17
v 158.40 1.00 1.17
v 158.40 0.80 2.07
v 158.80 0.80 2.07
v 158.80 1.00 2.07
v 158.40 1.00 2.07
v 158.20 0.60 1.17
v 158.60 0.60 1.17
v 158.60 0.80 1.17
v 158.20 0.80 1.16
v 158.20 0.60 2.07
v 158.60 0.60 2.07
v 158.60 0.80 2.07
v 158.20 0.80 2.06
v 140.20 0.60 1.08
v 140.60 0.60 1.08
v 140.60 0.80 1.08
v 140.20 0.80 1.08
v 140.20 0.60 1.98
v 140.60 0.60 1.98
v 140.60 0.80 1.98
v 140.20 0.80 1.98
v 158.00 0.40 1.16
v 158.40 0.40 1.17
v 158.40 0.60 1.17
v 158.00 0.60 1.16
v 158.00 0.40 2.06
v 158.40 0.40 2.07
v 158.40 0.60 2.07
v 158.00 0.60 2.06
v 140.00 0.40 1.08
v 140.40 0.40 1.07
v 140.40 0.60 1.08
v 140.00 0.60 1.08
v 140.00 0.40 1.98
v 140.40 0.40 1.97
v 140.40 0.60 1.98
v 140.00 0.60 1.98
v 139.80 0.20 1.08
v 140.20 0.20 1.07
v 140.20 0.40 1.07
v 139.80 0.40 1.08
v 139.80 0.20 1.98
v 140.20 0.20 1.97
v 140.20 0.40 1.97
v 139.80 0.40 1.98
v 157.60 0.20 1.16
v 158.40 0.20 1.17
v 158.40 0.40 1.17
v 157.60 0.40 1.16
v 157.60 0.20 2.06
v 158.40 0.20 2.07
v 158.40 0.40 2.07
v 157.60 0.40 2.06
v 157.40 0.00 1.16
v 158.20 0.00 1.17
v 158.20 0.20 1.17
v 157.40 0.20 1.16
v 157.40 0.00 2.06
v 158.20 0.00 2.07
v 158.20 0.20 2.07
v 157.40 0.20 2.06
v 139.60 0.00 1.08
v 140.00 0.00 1.08
v 140.00 0.20 1.08
v 139.60 0.20 1.08
v 139.60 0.00 1.98
v 140.00 0.00 1.98
v 140.00 0.20 1.98
v 139.60 0.20 1.98
v 157.20 -0.20 1.16
v 158.00 -0.20 1.17
v 158.00 0.00 1.17
v 157.20 0.00 1.16
v 157.20 -0.20 2.06
v 158.00 -0.20 2.07
v 158.00 0.00 2.07
v 157.20 0.00 2.06
v 139.40 -0.20 1.09
v 139.80 -0.20 1.08
v 139.80 0.00 1.08
v 139.40 0.00 1.09
v 139.40 -0.20 1.99
v 139.80 -0.20 1.98
v 139.80 0.00 1.98
v 139.40 0.00 1.99
v 157.40 -0.40 1.16
v 157.60 -0.40 1.16
v 157.60 -0.20 1.16
v 157.40 -0.20 1.16
v 157.40 -0.40 2.06
v 157.60 -0.40 2.06
v 157.60 -0.20 2.06
v 157.40 -0.20 2.06
v 138.60 -0.60 1.10
v 139.20 -0.60 1.10
v 139.20 -0.40 1.09
v 138.60 -0.40 1.10
v 138.60 -0.60 2.00
v 139.20 -0.60 2.00
v 139.20 -0.40 1.99
v 138.60 -0.40 2.00
v 157.20 -0.60 1.16
v 157.40 -0.60 1.16
v 157.40 -0.40 1.16
v 157.20 -0.40 1.16
v 157.20 -0.60 2.06
v 157.40 -0.60 2.06
v 157.40 -0.40 2.06
v 157.20 -0.40 2.06
v 138.60 -0.80 1.11
v 139.00 -0.80 1.11
v 139.00 -0.60 1.10
v 138.60 -0.60 1.10
v 138.60 -0.80 2.01
v 139.00 -0.80 2.01
v 139.00 -0.60 2.00
v 138.60 -0.60 2.00
v 157.00 -0.80 1.16
v 157.40 -0.80 1.16
v 157.40 -0.60 1.16
v 157.00 -0.60 1.16
v 157.00 -0.80 2.06
v 157.40 -0.80 2.06
v 157.40 -0.60 2.06
v 157.00 -0.60 2.06
v 138.80 -5.40 1.17
v 139.20 -5.40 1.17
v 139.20 -5.20 1.17
v 138.80 -5.20 1.18
v 138.80 -5.40 2.07
v 139.20 -5.40 2.07
v 139.20 -5.20 2.07
v 138.80 -5.20 2.08
v 135.20 -8.60 1.07
v 135.60 -8.60 1.07
v 135.60 -8.40 1.07
v 135.20 -8.40 1.07
v 135.20 -8.60 1.97
v 135.60 -8.60 1.97
v 135.60 -8.40 1.97
v 135.20 -8.40 1.97
v 135.00 -8.80 1.06
v 135.20 -8.80 1.06
v 135.20 -8.60 1.07
v 135.00 -8.60 1.06
v 135.00 -8.80 1.96
v 135.20 -8.80 1.96
v 135.20 -8.60 1.97
v 135.00 -8.60 1.96
v 135.40 -9.00 1.06
v 135.60 -9.00 1.07
v 135.60 -8.60 1.07
v 135.40 -8.60 1.07
v 135.40 -9.00 1.96
v 135.60 -9.00 1.97
v 135.60 -8.60 1.97
v 135.40 -8.60 1.97
v 90.00 -12.60 0.28
v 90.20 -12.60 0.28
v 90.20 -12.40 0.29
v 90.00 -12.40 0.29
v 90.00 -12.60 1.18
v 90.20 -12.60 1.18
v 90.20 -12.40 1.19
v 90.00 -12.40 1.19
v 89.80 -12.80 0.27
v 90.20 -12.80 0.28
v 90.20 -12.60 0.28
v 89.80 -12.60 0.28
v 89.80 -12.80 1.17
v 90.20 -12.80 1.18
v 90.20 -12.60 1.18
v 89.80 -12.60 1.18
v 89.60 -13.00 0.27
v 89.80 -13.00 0.27
v 89.80 -12.80 0.27
v 89.60 -12.80 0.27
v 89.60 -13.00 1.17
v 89.80 -13.00 1.17
v 89.80 -12.80 1.17
v 89.60 -12.80 1.17
v 82.60 -15.40 0.06
v 83.00 -15.40 0.07
v 83.00 -15.20 0.07
v 82.60 -15.20 0.06
v 82.60 -15.40 0.96
v 83.00 -15.40 0.97
v 83.00 -15.20 0.97
v 82.60 -15.20 0.96
v 82.60 -15.60 0.05
v 83.20 -15.60 0.07
v 83.20 -15.40 0.07
v 82.60 -15.40 0.06
v 82.60 -15.60 0.95
v 83.20 -15.60 0.97
v 83.20 -15.40 0.97
v 82.60 -15.40 0.96
v 82.40 -16.00 0.03
v 82.60 -16.00 0.04
v 82.60 -15.80 0.05
v 82.40 -15.80 0.04
v 82.40 -16.00 0.93
v 82.60 -16.00 0.94
v 82.60 -15.80 0.95
v 82.40 -15.80 0.94
v 82.60 -16.40 0.03
v 82.80 -16.40 0.04
v 82.80 -16.00 0.05
v 82.60 -16.00 0.04
v 82.60 -16.40 0.93
v 82.80 -16.40 0.94
v 82.80 -16.00 0.95
v 82.60 -16.00 0.94
v 82.00 -16.40 0.01
v 82.20 -16.40 0.02
v 82.20 -16.20 0.02
v 82.00 -16.20 0.02
v 82.00 -16.40 0.91
v 82.20 -16.40 0.92
v 82.20 -16.20 0.92
v 82.00 -16.20 0.92
v 85.80 -16.40 0.11
v 86.00 -16.40 0.12
v 86.00 -16.20 0.12
v 85.80 -16.20 0.12
v 85.80 -16.40 1.01
v 86.00 -16.40 1.02
v 86.00 -16.20 1.02
v 85.80 -16.20 1.02
v 81.60 -16.60 -0.00
v 83.00 -16.60 0.04
v 83.00 -16.40 0.04
v 81.60 -16.40 0.00
v 81.60 -16.60 0.90
v 83.00 -16.60 0.94
v 83.00 -16.40 0.94
v 81.60 -16.40 0.90
v 80.80 -16.60 -0.03
v 81.40 -16.60 -0.01
v 81.40 -16.40 -0.01
v 80.80 -16.40 -0.02
v 80.80 -16.60 0.87
v 81.40 -16.60 0.89
v 81.40 -16.40 0.89
v 80.80 -16.40 0.88
v 81.00 -16.80 -0.03
v 81.60 -16.80 -0.01
v 81.60 -16.60 -0.00
v 81.00 -16.60 -0.02
v 81.00 -16.80 0.87
v 81.60 -16.80 0.89
v 81.60 -16.60 0.90
v 81.00 -16.60 0.88
v 81.80 -16.80 -0.00
v 82.20 -16.80 0.01
v 82.20 -16.60 0.01
v 81.80 -16.60 0.00
v 81.80 -16.80 0.90
v 82.20 -16.80 0.91
v 82.20 -16.60 0.91
v 81.80 -16.60 0.90
v 84.00 -16.80 0.06
v 84.40 -16.80 0.07
v 84.40 -16.60 0.07
v 84.00 -16.60 0.06
v 84.00 -16.80 0.96
v 84.40 -16.80 0.97
v 84.40 -16.60 0.97
v 84.00 -16.60 0.96
v 82.40 -16.80 0.01
v 83.00 -16.80 0.03
v 83.00 -16.60 0.04
v 82.40 -16.60 0.02
v 82.40 -16.80 0.91
v 83.00 -16.80 0.93
v 83.00 -16.60 0.94
v 82.40 -16.60 0.92
v 82.60 -17.00 0.01
v 83.00 -17.00 0.03
v 83.00 -16.80 0.03
v 82.60 -16.80 0.02
v 82.60 -17.00 0.91
v 83.00 -17.00 0.93
v 83.00 -16.80 0.93
v 82.60 -16.80 0.92
v 83.80 -17.00 0.05
v 84.40 -17.00 0.06
v 84.40 -16.80 0.07
v 83.80 -16.80 0.05
v 83.80 -17.00 0.95
v 84.40 -17.00 0.96
v 84.40 -16.80 0.97
v 83.80 -16.80 0.95
v 81.00 -17.00 -0.03
v 81.20 -17.00 -0.03
v 81.20 -16.80 -0.02
v 81.00 -16.80 -0.03
v 81.00 -17.00 0.87
v 81.20 -17.00 0.87
v 81.20 -16.80 0.88
v 81.00 -16.80 0.87
v 86.20 -17.00 0.11
v 86.40 -17.00 0.11
v 86.40 -16.80 0.12
v 86.20 -16.80 0.11
v 86.20 -17.00 1.01
v 86.40 -17.00 1.01
v 86.40 -16.80 1.02
v 86.20 -16.80 1.01
v 82.20 -17.20 -0.00
v 82.60 -17.20 0.01
v 82.60 -17.00 0.01
v 82.20 -17.00 0.00
v 82.20 -17.20 0.90
v 82.60 -17.20 0.91
v 82.60 -17.00 0.91
v 82.20 -17.00 0.90
v 83.80 -17.20 0.04
v 84.00 -17.20 0.05
v 84.00 -17.00 0.05
v 83.80 -17.00 0.05
v 83.80 -17.20 0.94
v 84.00 -17.20 0.95
v 84.00 -17.00 0.95
v 83.80 -17.00 0.95
v 84.40 -17.20 0.06
v 84.80 -17.20 0.07
v 84.80 -17.00 0.07
v 84.40 -17.00 0.06
v 84.40 -17.20 0.96
v 84.80 -17.20 0.97
v 84.80 -17.00 0.97
v 84.40 -17.00 0.96
v 86.40 -17.20 0.11
v 86.60 -17.20 0.11
v 86.60 -17.00 0.12
v 86.40 -17.00 0.11
v 86.40 -17.20 1.01
v 86.60 -17.20 1.01
v 86.60 -17.00 1.02
v 86.40 -17.00 1.01
v 83.60 -17.40 0.03
v 83.80 -17.40 0.04
v 83.80 -17.20 0.04
v 83.60 -17.20 0.04
v 83.60 -17.40 0.93
v 83.80 -17.40 0.94
v 83.80 -17.20 0.94
v 83.60 -17.20 0.94
v 84.20 -17.40 0.05
v 84.80 -17.40 0.07
v 84.80 -17.20 0.07
v 84.20 -17.20 0.05
v 84.20 -17.40 0.95
v 84.80 -17.40 0.97
v 84.80 -17.20 0.97
v 84.20 -17.20 0.95
v 86.60 -17.60 0.11
v 86.80 -17.60 0.11
v 86.80 -17.20 0.12
v 86.60 -17.20 0.11
v 86.60 -17.60 1.01
v 86.80 -17.60 1.01
v 86.80 -17.20 1.02
v 86.60 -17.20 1.01
v 88.40 -18.40 0.13
v 88.80 -18.40 0.14
v 88.80 -18.20 0.15
v 88.40 -18.20 0.14
v 88.40 -18.40 1.03
v 88.80 -18.40 1.04
v 88.80 -18.20 1.05
v 88.40 -18.20 1.04
v 88.80 -18.60 0.14
v 89.00 -18.60 0.14
v 89.00 -18.40 0.15
v 88.80 -18.40 0.14
v 88.80 -18.60 1.04
v 89.00 -18.60 1.04
v 89.00 -18.40 1.05
v 88.80 -18.40 1.04
v 89.20 -19.20 0.14
v 89.40 -19.20 0.14
v 89.40 -19.00 0.15
v 89.20 -19.00 0.14
v 89.20 -19.20 1.04
v 89.40 -19.20 1.04
v 89.40 -19.00 1.05
v 89.20 -19.00 1.04
v 81.40 -19.80 -0.08
v 81.60 -19.80 -0.07
v 81.60 -19.60 -0.07
v 81.40 -19.60 -0.08
v 81.40 -19.80 0.82
v 81.60 -19.80 0.83
v 81.60 -19.60 0.83
v 81.40 -19.60 0.82
v 82.20 -20.00 -0.06
v 82.40 -20.00 -0.05
v 82.40 -19.80 -0.05
v 82.20 -19.80 -0.06
v 82.20 -20.00 0.84
v 82.40 -20.00 0.85
v 82.40 -19.80 0.85
v 82.20 -19.80 0.84
v 82.20 -20.20 -0.06
v 82.60 -20.20 -0.05
v 82.60 -20.00 -0.05
v 82.20 -20.00 -0.06
v 82.20 -20.20 0.84
v 82.60 -20.20 0.85
v 82.60 -20.00 0.85
v 82.20 -20.00 0.84
v 81.80 -20.40 -0.08
v 82.00 -20.40 -0.07
v 82.00 -20.20 -0.07
v 81.80 -20.20 -0.07
v 81.80 -20.40 0.82
v 82.00 -20.40 0.83
v 82.00 -20.20 0.83
v 81.80 -20.20 0.83
v 82.20 -20.80 -0.07
v 82.40 -20.80 -0.07
v 82.40 -20.40 -0.06
v 82.20 -20.40 -0.07
v 82.20 -20.80 0.83
v 82.40 -20.80 0.83
v 82.40 -20.40 0.84
v 82.20 -20.40 0.83
v 82.60 -21.00 -0.06
v 82.80 -21.00 -0.06
v 82.80 -20.80 -0.05
v 82.60 -20.80 -0.06
v 82.60 -21.00 0.84
v 82.80 -21.00 0.84
v 82.80 -20.80 0.85
v 82.60 -20.80 0.84
v 82.40 -21.20 -0.07
v 83.00 -21.20 -0.06
v 83.00 -21.00 -0.05
v 82.40 -21.00 -0.07
v 82.40 -21.20 0.83
v 83.00 -21.20 0.84
v 83.00 -21.00 0.85
v 82.40 -21.00 0.83
v 83.00 -21.40 -0.06
v 83.20 -21.40 -0.05
v 83.20 -21.20 -0.05
v 83.00 -21.20 -0.06
v 83.00 -21.40 0.84
v 83.20 -21.40 0.85
v 83.20 -21.20 0.85
v 83.00 -21.20 0.84
v 78.00 -22.20 -0.23
v 78.20 -22.20 -0.22
v 78.20 -22.00 -0.22
v 78.00 -22.00 -0.23
v 78.00 -22.20 0.67
v 78.20 -22.20 0.68
v 78.20 -22.00 0.68
v 78.00 -22.00 0.67
v 84.40 -22.20 -0.03
v 84.60 -22.20 -0.02
v 84.60 -22.00 -0.02
v 84.40 -22.00 -0.03
v 84.40 -22.20 0.87
v 84.60 -22.20 0.88
v 84.60 -22.00 0.88
v 84.40 -22.00 0.87
v 75.80 -22.40 -0.31
v 76.00 -22.40 -0.30
v 76.00 -22.20 -0.30
v 75.80 -22.20 -0.31
v 75.80 -22.40 0.59
v 76.00 -22.40 0.60
v 76.00 -22.20 0.60
v 75.80 -22.20 0.59
v 84.20 -22.40 -0.04
v 84.40 -22.40 -0.03
v 84.40 -22.20 -0.03
v 84.20 -22.20 -0.04
v 84.20 -22.40 0.86
v 84.40 -22.40 0.87
v 84.40 -22.20 0.87
v 84.20 -22.20 0.86
v 58.80 -22.60 -0.75
v 59.00 -22.60 -0.75
v 59.00 -22.40 -0.75
v 58.80 -22.40 -0.75
v 58.80 -22.60 0.15
v 59.00 -22.60 0.15
v 59.00 -22.40 0.15
v 58.80 -22.40 0.15
v 84.00 -22.60 -0.05
v 84.60 -22.60 -0.03
v 84.60 -22.40 -0.03
v 84.00 -22.40 -0.04
v 84.00 -22.60 0.85
v 84.60 -22.60 0.87
v 84.60 -22.40 0.87
v 84.00 -22.40 0.86
v 58.60 -22.80 -0.75
v 58.80 -22.80 -0.75
v 58.80 -22.60 -0.75
v 58.60 -22.60 -0.75
v 58.60 -22.80 0.15
v 58.80 -22.80 0.15
v 58.80 -22.60 0.15
v 58.60 -22.60 0.15
v 84.00 -22.80 -0.05
v 84.20 -22.80 -0.04
v 84.20 -22.60 -0.04
v 84.00 -22.60 -0.05
v 84.00 -22.80 0.85
v 84.20 -22.80 0.86
v 84.20 -22.60 0.86
v 84.00 -22.60 0.85
v 58.80 -23.00 -0.75
v 59.00 -23.00 -0.75
v 59.00 -22.80 -0.75
v 58.80 -22.80 -0.75
v 58.80 -23.00 0.15
v 59.00 -23.00 0.15
v 59.00 -22.80 0.15
v 58.80 -22.80 0.15
v 57.60 -23.20 -0.76
v 58.00 -23.20 -0.76
v 58.00 -23.00 -0.76
v 57.60 -23.00 -0.76
v 57.60 -23.20 0.14
v 58.00 -23.20 0.14
v 58.00 -23.00 0.14
v 57.60 -23.00 0.14
v 59.60 -23.40 -0.73
v 59.80 -23.40 -0.73
v 59.80 -23.20 -0.73
v 59.60 -23.20 -0.73
v 59.60 -23.40 0.17
v 59.80 -23.40 0.17
v 59.80 -23.20 0.17
v 59.60 -23.20 0.17
v 59.00 -23.40 -0.74
v 59.20 -23.40 -0.74
v 59.20 -23.20 -0.74
v 59.00 -23.20 -0.75
v 59.00 -23.40 0.16
v 59.20 -23.40 0.16
v 59.20 -23.20 0.16
v 59.00 -23.20 0.15
v 57.80 -23.60 -0.76
v 58.00 -23.60 -0.76
v 58.00 -23.20 -0.76
v 57.80 -23.20 -0.76
v 57.80 -23.60 0.14
v 58.00 -23.60 0.14
v 58.00 -23.20 0.14
v 57.80 -23.20 0.14
v 58.00 -23.80 -0.76
v 58.80 -23.80 -0.75
v 58.80 -23.60 -0.75
v 58.00 -23.60 -0.76
v 58.00 -23.80 0.14
v 58.80 -23.80 0.15
v 58.80 -23.60 0.15
v 58.00 -23.60 0.14
v 75.00 -24.00 -0.35
v 75.20 -24.00 -0.35
v 75.20 -23.80 -0.35
v 75.00 -23.80 -0.35
v 75.00 -24.00 0.55
v 75.20 -24.00 0.55
v 75.20 -23.80 0.55
v 75.00 -23.80 0.55
v 58.20 -24.00 -0.76
v 58.60 -24.00 -0.75
v 58.60 -23.80 -0.75
v 58.20 -23.80 -0.76
v 58.20 -24.00 0.14
v 58.60 -24.00 0.15
v 58.60 -23.80 0.15
v 58.20 -23.80 0.14
v 69.80 -26.00 -0.53
v 70.20 -26.00 -0.52
v 70.20 -25.80 -0.52
v 69.80 -25.80 -0.53
v 69.80 -26.00 0.37
v 70.20 -26.00 0.38
v 70.20 -25.80 0.38
v 69.80 -25.80 0.37
v 70.00 -26.20 -0.52
v 70.20 -26.20 -0.52
v 70.20 -26.00 -0.52
v 70.00 -26.00 -0.52
v 70.00 -26.20 0.38
v 70.20 -26.20 0.38
v 70.20 -26.00 0.38
v 70.00 -26.00 0.38
v 54.40 -28.60 -0.80
v 54.60 -28.60 -0.80
v 54.60 -28.40 -0.80
v 54.40 -28.40 -0.80
v 54.40 -28.60 0.10
v 54.60 -28.60 0.10
v 54.60 -28.40 0.10
v 54.40 -28.40 0.10
v 53.80 -28.80 -0.80
v 54.00 -28.80 -0.80
v 54.00 -28.60 -0.80
v 53.80 -28.60 -0.80
v 53.80 -28.80 0.10
v 54.00 -28.80 0.10
v 54.00 -28.60 0.10
v 53.80 -28.60 0.10
v 54.20 -28.80 -0.80
v 54.40 -28.80 -0.80
v 54.40 -28.60 -0.80
v 54.20 -28.60 -0.80
v 54.20 -28.80 0.10
v 54.40 -28.80 0.10
v 54.40 -28.60 0.10
v 54.20 -28.60 0.10
v 53.60 -29.00 -0.80
v 54.00 -29.00 -0.80
v 54.00 -28.80 -0.80
v 53.60 -28.80 -0.80
v 53.60 -29.00 0.10
v 54.00 -29.00 0.10
v 54.00 -28.80 0.10
v 53.60 -28.80 0.10
v 55.00 -29.60 -0.79
v 55.20 -29.60 -0.79
v 55.20 -29.40 -0.79
v 55.00 -29.40 -0.79
v 55.00 -29.60 0.11
v 55.20 -29.60 0.11
v 55.20 -29.40 0.11
v 55.00 -29.40 0.11
v 50.40 -29.80 -0.84
v 50.60 -29.80 -0.84
v 50.60 -29.60 -0.84
v 50.40 -29.60 -0.84
v 50.40 -29.80 0.06
v 50.60 -29.80 0.06
v 50.60 -29.60 0.06
v 50.40 -29.60 0.06
v 59.00 -31.60 -0.74
v 59.20 -31.60 -0.74
v 59.20 -31.40 -0.74
v 59.00 -31.40 -0.74
v 59.00 -31.60 0.16
v 59.20 -31.60 0.16
v 59.20 -31.40 0.16
v 59.00 -31.40 0.16
vn 0 0 1
vn 0 -1 0
vn 1 0 0
vn 0 1 0
vn -1 0 0
f 5//1 6//1 7//1
f 5//1 7//1 8//1
f 1//2 2//2 6//2
f 1//2 6//2 5//2
f 2//3 3//3 7//3
f 2//3 7//3 6//3
f 3//4 4//4 8//4
f 3//4 8//4 7//4
f 4//5 1//5 5//5
f 4//5 5//5 8//5
f 13//1 14//1 15//1
f 13//1 15//1 16//1
f 9//2 10//2 14//2
f 9//2 14//2 13//2
f 10//3 11//3 15//3
f 10//3 15//3 14//3
f 11//4 12//4 16//4
f 11//4 16//4 15//4
f 12//5 9//5 13//5
f 12//5 13//5 16//5
f 21//1 22//1 23//1
f 21//1 23//1 24//1
f 17//2 18//2 22//2
f 17//2 22//2 21//2
f 18//3 19//3 23//3
f 18//3 23//3 22//3
f 19//4 20//4 24//4
f 19//4 24//4 23//4
f 20//5 17//5 21//5
f 20//5 21//5 24//5
f 29//1 30//1 31//1
f 29//1 31//1 32//1
f 25//2 26//2 30//2
f 25//2 30//2 29//2
f 26//3 27//3 31//3
f 26//3 31//3 30//3
f 27//4 28//4 32//4
f 27//4 32//4 31//4
f 28//5 25//5 29//5
f 28//5 29//5 32//5
f 37//1 38//1 39//1
f 37//1 39//1 40//1
f 33//2 34//2 38//2
f 33//2 38//2 37//2
f 34//3 35//3 39//3
f 34//3 39//3 38//3
f 35//4 36//4 40//4
f 35//4 40//4 39//4
f 36//5 33//5 37//5
f 36//5 37//5 40//5
f 45//1 46//1 47//1
f 45//1 47//1 48//1
f 41//2 42//2 46//2
f 41//2 46//2 45//2
f 42//3 43//3 47//3
f 42//3 47//3 46//3
f 43//4 44//4 48//4
f 43//4 48//4 47//4
f 44//5 41//5 45//5
f 44//5 45//5 48//5
f 53//1 54//1 55//1
f 53//1 55//1 56//1
f 49//2 50//2 54//2
f 49//2 54//2 53//2
f 50//3 51//3 55//3
f 50//3 55//3 54//3
f 51//4 52//4 56//4
f 51//4 56//4 55//4
f 52//5 49//5 53//5
f 52//5 53//5 56//5
f 61//1 62//1 63//1
f 61//1 63//1 64//1
f 57//2 58//2 62//2
f 57//2 62//2 61//2
f 58//3 59//3 63//3
f 58//3 63//3 62//3
f 59//4 60//4 64//4
f 59//4 64//4 63//4
f 60//5 57//5 61//5
f 60//5 61//5 64//5
f 69//1 70//1 71//1
f 69//1 71//1 72//1
f 65//2 66//2 70//2
f 65//2 70//2 69//2
f 66//3 67//3 71//3
f 66//3 71//3 70//3
f 67//4 68//4 72//4
f 67//4 72//4 71//4
f 68//5 65//5 69//5
f 68//5 69//5 72//5
f 77//1 78//1 79//1
f 77//1 79//1 80//1
f 73//2 74//2 78//2
f 73//2 78//2 77//2
f 74//3 75//3 79//3
f 74//3 79//3 78//3
f 75//4 76//4 80//4
f 75//4 80//4 79//4
f 76//5 73//5 77//5
f 76//5 77//5 80//5
f 85//1 86//1 87//1
f 85//1 87//1 88//1
f 81//2 82//2 86//2
f 81//2 86//2 85//2
f 82//3 83//3 87//3
f 82//3 87//3 86//3
f 83//4 84//4 88//4
f 83//4 88//4 87//4
f 84//5 81//5 85//5
f 84//5 85//5 88//5
f 93//1 94//1 95//1
f 93//1 95//1 96//1
f 89//2 90//2 94//2
f 89//2 94//2 93//2
f 90//3 91//3 95//3
f 90//3 95//3 94//3
f 91//4 92//4 96//4
f 91//4 96//4 95//4
f 92//5 89//5 93//5
f 92//5 93//5 96//5
f 101//1 102//1 103//1
f 101//1 103//1 104//1
f 97//2 98//2 102//2
f 97//2 102//2 101//2
f 98//3 99//3 103//3
f 98//3 103//3 102//3
f 99//4 100//4 104//4
f 99//4 104//4 103//4
f 100//5 97//5 101//5
f 100//5 101//5 104//5
f 109//1 110//1 111//1
f 109//1 111//1 112//1
f 105//2 106//2 110//2
f 105//2 110//2 109//2
f 106//3 107//3 111//3
f 106//3 111//3 110//3
f 107//4 108//4 112//4
f 107//4 112//4 111//4
f 108//5 105//5 109//5
f 108//5 109//5 112//5
f 117//1 118//1 119//1
f 117//1 119//1 120//1
f 113//2 114//2 118//2
f 113//2 118//2 117//2
f 114//3 115//3 119//3
f 114//3 119//3 118//3
f 115//4 116//4 120//4
f 115//4 120//4 119//4
f 116//5 113//5 117//5
f 116//5 117//5 120//5
f 125//1 126//1 127//1
f 125//1 127//1 128//1
f 121//2 122//2 126//2
f 121//2 126//2 125//2
f 122//3 123//3 127//3
f 122//3 127//3 126//3
f 123//4 124//4 128//4
f 123//4 128//4 127//4
f 124//5 121//5 125//5
f 124//5 125//5 128//5
f 133//1 134//1 135//1
f 133//1 135//1 136//1
f 129//2 130//2 134//2
f 129//2 134//2 133//2
f 130//3 131//3 135//3
f 130//3 135//3 134//3
f 131//4 132//4 136//4
f 131//4 136//4 135//4
f 132//5 129//5 133//5
f 132//5 133//5 136//5
f 141//1 142//1 143//1
f 141//1 143//1 144//1
f 137//2 138//2 142//2
f 137//2 142//2 141//2
f 138//3 139//3 143//3
f 138//3 143//3 142//3
f 139//4 140//4 144//4
f 139//4 144//4 143//4
f 140//5 137//5 141//5
f 140//5 141//5 144//5
f 149//1 150//1 151//1
f 149//1 151//1 152//1
f 145//2 146//2 150//2
f 145//2 150//2 149//2
f 146//3 147//3 151//3
f 146//3 151//3 150//3
f 147//4 148//4 152//4
f 147//4 152//4 151//4
f 148//5 145//5 149//5
f 148//5 149//5 152//5
f 157//1 158//1 159//1
f 157//1 159//1 160//1
f 153//2 154//2 158//2
f 153//2 158//2 157//2
f 154//3 155//3 159//3
f 154//3 159//3 158//3
f 155//4 156//4 160//4
f 155//4 160//4 159//4
f 156//5 153//5 157//5
f 156//5 157//5 160//5
f 165//1 166//1 167//1
f 165//1 167//1 168//1
f 161//2 162//2 166//2
f 161//2 166//2 165//2
f 162//3 163//3 167//3
f 162//3 167//3 166//3
f 163//4 164//4 168//4
f 163//4 168//4 167//4
f 164//5 161//5 165//5
f 164//5 165//5 168//5
f 173//1 174//1 175//1
f 173//1 175//1 176//1
f 169//2 170//2 174//2
f 169//2 174//2 173//2
f 170//3 171//3 175//3
f 170//3 175//3 174//3
f 171//4 172//4 176//4
f 171//4 176//4 175//4
f 172//5 169//5 173//5
f 172//5 173//5 176//5
f 181//1 182//1 183//1
f 181//1 183//1 184//1
f 177//2 178//2 182//2
f 177//2 182//2 181//2
f 178//3 179//3 183//3
f 178//3 183//3 182//3
f 179//4 180//4 184//4
f 179//4 184//4 183//4
f 180//5 177//5 181//5
f 180//5 181//5 184//5
f 189//1 190//1 191//1
f 189//1 191//1 192//1
f 185//2 186//2 190//2
f 185//2 190//2 189//2
f 186//3 187//3 191//3
f 186//3 191//3 190//3
f 187//4 188//4 192//4
f 187//4 192//4 191//4
f 188//5 185//5 189//5
f 188//5 189//5 192//5
f 197//1 198//1 199//1
f 197//1 199//1 200//1
f 193//2 194//2 198//2
f 193//2 198//2 197//2
f 194//3 195//3 199//3
f 194//3 199//3 198//3
f 195//4 196//4 200//4
f 195//4 200//4 199//4
f 196//5 193//5 197//5
f 196//5 197//5 200//5
f 205//1 206//1 207//1
f 205//1 207//1 208//1
f 201//2 202//2 206//2
f 201//2 206//2 205//2
f 202//3 203//3 207//3
f 202//3 207//3 206//3
f 203//4 204//4 208//4
f 203//4 208//4 207//4
f 204//5 201//5 205//5
f 204//5 205//5 208//5
f 213//1 214//1 215//1
f 213//1 215//1 216//1
f 209//2 210//2 214//2
f 209//2 214//2 213//2
f 210//3 211//3 215//3
f 210//3 215//3 214//3
f 211//4 212//4 216//4
f 211//4 216//4 215//4
f 212//5 209//5 213//5
f 212//5 213//5 216//5
f 221//1 222//1 223//1
f 221//1 223//1 224//1
f 217//2 218//2 222//2
f 217//2 222//2 221//2
f 218//3 219//3 223//3
f 218//3 223//3 222//3
f 219//4 220//4 224//4
f 219//4 224//4 223//4
f 220//5 217//5 221//5
f 220//5 221//5 224//5
f 229//1 230//1 231//1
f 229//1 231//1 232//1
f 225//2 226//2 230//2
f 225//2 230//2 229//2
f 226//3 227//3 231//3
f 226//3 231//3 230//3
f 227//4 228//4 232//4
f 227//4 232//4 231//4
f 228//5 225//5 229//5
f 228//5 229//5 232//5
f 237//1 238//1 239//1
f 237//1 239//1 240//1
f 233//2 234//2 238//2
f 233//2 238//2 237//2
f 234//3 235//3 239//3
f 234//3 239//3 238//3
f 235//4 236//4 240//4
f 235//4 240//4 239//4
f 236//5 233//5 237//5
f 236//5 237//5 240//5
f 245//1 246//1 247//1
f 245//1 247//1 248//1
f 241//2 242//2 246//2
f 241//2 246//2 245//2
f 242//3 243//3 247//3
f 242//3 247//3 246//3
f 243//4 244//4 248//4
f 243//4 248//4 247//4
f 244//5 241//5 245//5
f 244//5 245//5 248//5
f 253//1 254//1 255//1
f 253//1 255//1 256//1
f 249//2 250//2 254//2
f 249//2 254//2 253//2
f 250//3 251//3 255//3
f 250//3 255//3 254//3
f 251//4 252//4 256//4
f 251//4 256//4 255//4
f 252//5 249//5 253//5
f 252//5 253//5 256//5
f 261//1 262//1 263//1
f 261//1 263//1 264//1
f 257//2 258//2 262//2
f 257//2 262//2 261//2
f 258//3 259//3 263//3
f 258//3 263//3 262//3
f 259//4 260//4 264//4
f 259//4 264//4 263//4
f 260//5 257//5 261//5
f 260//5 261//5 264//5
f 269//1 270//1 271//1
f 269//1 271//1 272//1
f 265//2 266//2 270//2
f 265//2 270//2 269//2
f 266//3 267//3 271//3
f 266//3 271//3 270//3
f 267//4 268//4 272//4
f 267//4 272//4 271//4
f 268//5 265//5 269//5
f 268//5 269//5 272//5
f 277//1 278//1 279//1
f 277//1 279//1 280//1
f 273//2 274//2 278//2
f 273//2 278//2 277//2
f 274//3 275//3 279//3
f 274//3 279//3 278//3
f 275//4 276//4 280//4
f 275//4 280//4 279//4
f 276//5 273//5 277//5
f 276//5 277//5 280//5
f 285//1 286//1 287//1
f 285//1 287//1 288//1
f 281//2 282//2 286//2
f 281//2 286//2 285//2
f 282//3 283//3 287//3
f 282//3 287//3 286//3
f 283//4 284//4 288//4
f 283//4 288//4 287//4
f 284//5 281//5 285//5
f 284//5 285//5 288//5
f 293//1 294//1 295//1
f 293//1 295//1 296//1
f 289//2 290//2 294//2
f 289//2 294//2 293//2
f 290//3 291//3 295//3
f 290//3 295//3 294//3
f 291//4 292//4 296//4
f 291//4 296//4 295//4
f 292//5 289//5 293//5
f 292//5 293//5 296//5
f 301//1 302//1 303//1
f 301//1 303//1 304//1
f 297//2 298//2 302//2
f 297//2 302//2 301//2
f 298//3 299//3 303//3
f 298//3 303//3 302//3
f 299//4 300//4 304//4
f 299//4 304//4 303//4
f 300//5 297//5 301//5
f 300//5 301//5 304//5
f 309//1 310//1 311//1
f 309//1 311//1 312//1
f 305//2 306//2 310//2
f 305//2 310//2 309//2
f 306//3 307//3 311//3
f 306//3 311//3 310//3
f 307//4 308//4 312//4
f 307//4 312//4 311//4
f 308//5 305//5 309//5
f 308//5 309//5 312//5
f 317//1 318//1 319//1
f 317//1 319//1 320//1
f 313//2 314//2 318//2
f 313//2 318//2 317//2
f 314//3 315//3 319//3
f 314//3 319//3 318//3
f 315//4 316//4 320//4
f 315//4 320//4 319//4
f 316//5 313//5 317//5
f 316//5 317//5 320//5
f 325//1 326//1 327//1
f 325//1 327//1 328//1
f 321//2 322//2 326//2
f 321//2 326//2 325//2
f 322//3 323//3 327//3
f 322//3 327//3 326//3
f 323//4 324//4 328//4
f 323//4 328//4 327//4
f 324//5 321//5 325//5
f 324//5 325//5 328//5
f 333//1 334//1 335//1
f 333//1 335//1 336//1
f 329//2 330//2 334//2
f 329//2 334//2 333//2
f 330//3 331//3 335//3
f 330//3 335//3 334//3
f 331//4 332//4 336//4
f 331//4 336//4 335//4
f 332//5 329//5 333//5
f 332//5 333//5 336//5
f 341//1 342//1 343//1
f 341//1 343//1 344//1
f 337//2 338//2 342//2
f 337//2 342//2 341//2
f 338//3 339//3 343//3
f 338//3 343//3 342//3
f 339//4 340//4 344//4
f 339//4 344//4 343//4
f 340//5 337//5 341//5
f 340//5 341//5 344//5
f 349//1 350//1 351//1
f 349//1 351//1 352//1
f 345//2 346//2 350//2
f 345//2 350//2 349//2
f 346//3 347//3 351//3
f 346//3 351//3 350//3
f 347//4 348//4 352//4
f 347//4 352//4 351//4
f 348//5 345//5 349//5
f 348//5 349//5 352//5
f 357//1 358//1 359//1
f 357//1 359//1 360//1
f 353//2 354//2 358//2
f 353//2 358//2 357//2
f 354//3 355//3 359//3
f 354//3 359//3 358//3
f 355//4 356//4 360//4
f 355//4 360//4 359//4
f 356//5 353//5 357//5
f 356//5 357//5 360//5
f 365//1 366//1 367//1
f 365//1 367//1 368//1
f 361//2 362//2 366//2
f 361//2 366//2 365//2
f 362//3 363//3 367//3
f 362//3 367//3 366//3
f 363//4 364//4 368//4
f 363//4 368//4 367//4
f 364//5 361//5 365//5
f 364//5 365//5 368//5
f 373//1 374//1 375//1
f 373//1 375//1 376//1
f 369//2 370//2 374//2
f 369//2 374//2 373//2
f 370//3 371//3 375//3
f 370//3 375//3 374//3
f 371//4 372//4 376//4
f 371//4 376//4 375//4
f 372//5 369//5 373//5
f 372//5 373//5 376//5
f 381//1 382//1 383//1
f 381//1 383//1 384//1
f 377//2 378//2 382//2
f 377//2 382//2 381//2
f 378//3 379//3 383//3
f 378//3 383//3 382//3
f 379//4 380//4 384//4
f 379//4 384//4 383//4
f 380//5 377//5 381//5
f 380//5 381//5 384//5
f 389//1 390//1 391//1
f 389//1 391//1 392//1
f 385//2 386//2 390//2
f 385//2 390//2 389//2
f 386//3 387//3 391//3
f 386//3 391//3 390//3
f 387//4 388//4 392//4
f 387//4 392//4 391//4
f 388//5 385//5 389//5
f 388//5 389//5 392//5
f 397//1 398//1 399//1
f 397//1 399//1 400//1
f 393//2 394//2 398//2
f 393//2 398//2 397//2
f 394//3 395//3 399//3
f 394//3 399//3 398//3
f 395//4 396//4 400//4
f 395//4 400//4 399//4
f 396//5 393//5 397//5
f 396//5 397//5 400//5
f 405//1 406//1 407//1
f 405//1 407//1 408//1
f 401//2 402//2 406//2
f 401//2 406//2 405//2
f 402//3 403//3 407//3
f 402//3 407//3 406//3
f 403//4 404//4 408//4
f 403//4 408//4 407//4
f 404//5 401//5 405//5
f 404//5 405//5 408//5
f 413//1 414//1 415//1
f 413//1 415//1 416//1
f 409//2 410//2 414//2
f 409//2 414//2 413//2
f 410//3 411//3 415//3
f 410//3 415//3 414//3
f 411//4 412//4 416//4
f 411//4 416//4 415//4
f 412//5 409//5 413//5
f 412//5 413//5 416//5
f 421//1 422//1 423//1
f 421//1 423//1 424//1
f 417//2 418//2 422//2
f 417//2 422//2 421//2
f 418//3 419//3 423//3
f 418//3 423//3 422//3
f 419//4 420//4 424//4
f 419//4 424//4 423//4
f 420//5 417//5 421//5
f 420//5 421//5 424//5
f 429//1 430//1 431//1
f 429//1 431//1 432//1
f 425//2 426//2 430//2
f 425//2 430//2 429//2
f 426//3 427//3 431//3
f 426//3 431//3 430//3
f 427//4 428//4 432//4
f 427//4 432//4 431//4
f 428//5 425//5 429//5
f 428//5 429//5 432//5
f 437//1 438//1 439//1
f 437//1 439//1 440//1
f 433//2 434//2 438//2
f 433//2 438//2 437//2
f 434//3 435//3 439//3
f 434//3 439//3 438//3
f 435//4 436//4 440//4
f 435//4 440//4 439//4
f 436//5 433//5 437//5
f 436//5 437//5 440//5
f 445//1 446//1 447//1
f 445//1 447//1 448//1
f 441//2 442//2 446//2
f 441//2 446//2 445//2
f 442//3 443//3 447//3
f 442//3 447//3 446//3
f 443//4 444//4 448//4
f 443//4 448//4 447//4
f 444//5 441//5 445//5
f 444//5 445//5 448//5
f 453//1 454//1 455//1
f 453//1 455//1 456//1
f 449//2 450//2 454//2
f 449//2 454//2 453//2
f 450//3 451//3 455//3
f 450//3 455//3 454//3
f 451//4 452//4 456//4
f 451//4 456//4 455//4
f 452//5 449//5 453//5
f 452//5 453//5 456//5
f 461//1 462//1 463//1
f 461//1 463//1 464//1
f 457//2 458//2 462//2
f 457//2 462//2 461//2
f 458//3 459//3 463//3
f 458//3 463//3 462//3
f 459//4 460//4 464//4
f 459//4 464//4 463//4
f 460//5 457//5 461//5
f 460//5 461//5 464//5
f 469//1 470//1 471//1
f 469//1 471//1 472//1
f 465//2 466//2 470//2
f 465//2 470//2 469//2
f 466//3 467//3 471//3
f 466//3 471//3 470//3
f 467//4 468//4 472//4
f 467//4 472//4 471//4
f 468//5 465//5 469//5
f 468//5 469//5 472//5
f 477//1 478//1 479//1
f 477//1 479//1 480//1
f 473//2 474//2 478//2
f 473//2 478//2 477//2
f 474//3 475//3 479//3
f 474//3 479//3 478//3
f 475//4 476//4 480//4
f 475//4 480//4 479//4
f 476//5 473//5 477//5
f 476//5 477//5 480//5
f 485//1 486//1 487//1
f 485//1 487//1 488//1
f 481//2 482//2 486//2
f 481//2 486//2 485//2
f 482//3 483//3 487//3
f 482//3 487//3 486//3
f 483//4 484//4 488//4
f 483//4 488//4 487//4
f 484//5 481//5 485//5
f 484//5 485//5 488//5
f 493//1 494//1 495//1
f 493//1 495//1 496//1
f 489//2 490//2 494//2
f 489//2 494//2 493//2
f 490//3 491//3 495//3
f 490//3 495//3 494//3
f 491//4 492//4 496//4
f 491//4 496//4 495//4
f 492//5 489//5 493//5
f 492//5 493//5 496//5
f 501//1 502//1 503//1
f 501//1 503//1 504//1
f 497//2 498//2 502//2
f 497//2 502//2 501//2
f 498//3 499//3 503//3
f 498//3 503//3 502//3
f 499//4 500//4 504//4
f 499//4 504//4 503//4
f 500//5 497//5 501//5
f 500//5 501//5 504//5
f 509//1 510//1 511//1
f 509//1 511//1 512//1
f 505//2 506//2 510//2
f 505//2 510//2 509//2
f 506//3 507//3 511//3
f 506//3 511//3 510//3
f 507//4 508//4 512//4
f 507//4 512//4 511//4
f 508//5 505//5 509//5
f 508//5 509//5 512//5
f 517//1 518//1 519//1
f 517//1 519//1 520//1
f 513//2 514//2 518//2
f 513//2 518//2 517//2
f 514//3 515//3 519//3
f 514//3 519//3 518//3
f 515//4 516//4 520//4
f 515//4 520//4 519//4
f 516//5 513//5 517//5
f 516//5 517//5 520//5
f 525//1 526//1 527//1
f 525//1 527//1 528//1
f 521//2 522//2 526//2
f 521//2 526//2 525//2
f 522//3 523//3 527//3
f 522//3 527//3 526//3
f 523//4 524//4 528//4
f 523//4 528//4 527//4
f 524//5 521//5 525//5
f 524//5 525//5 528//5
f 533//1 534//1 535//1
f 533//1 535//1 536//1
f 529//2 530//2 534//2
f 529//2 534//2 533//2
f 530//3 531//3 535//3
f 530//3 535//3 534//3
f 531//4 532//4 536//4
f 531//4 536//4 535//4
f 532//5 529//5 533//5
f 532//5 533//5 536//5
f 541//1 542//1 543//1
f 541//1 543//1 544//1
f 537//2 538//2 542//2
f 537//2 542//2 541//2
f 538//3 539//3 543//3
f 538//3 543//3 542//3
f 539//4 540//4 544//4
f 539//4 544//4 543//4
f 540//5 537//5 541//5
f 540//5 541//5 544//5
f 549//1 550//1 551//1
f 549//1 551//1 552//1
f 545//2 546//2 550//2
f 545//2 550//2 549//2
f 546//3 547//3 551//3
f 546//3 551//3 550//3
f 547//4 548//4 552//4
f 547//4 552//4 551//4
f 548//5 545//5 549//5
f 548//5 549//5 552//5
f 557//1 558//1 559//1
f 557//1 559//1 560//1
f 553//2 554//2 558//2
f 553//2 558//2 557//2
f 554//3 555//3 559//3
f 554//3 559//3 558//3
f 555//4 556//4 560//4
f 555//4 560//4 559//4
f 556//5 553//5 557//5
f 556//5 557//5 560//5
f 565//1 566//1 567//1
f 565//1 567//1 568//1
f 561//2 562//2 566//2
f 561//2 566//2 565//2
f 562//3 563//3 567//3
f 562//3 567//3 566//3
f 563//4 564//4 568//4
f 563//4 568//4 567//4
f 564//5 561//5 565//5
f 564//5 565//5 568//5
f 573//1 574//1 575//1
f 573//1 575//1 576//1
f 569//2 570//2 574//2
f 569//2 574//2 573//2
f 570//3 571//3 575//3
f 570//3 575//3 574//3
f 571//4 572//4 576//4
f 571//4 576//4 575//4
f 572//5 569//5 573//5
f 572//5 573//5 576//5
f 581//1 582//1 583//1
f 581//1 583//1 584//1
f 577//2 578//2 582//2
f 577//2 582//2 581//2
f 578//3 579//3 583//3
f 578//3 583//3 582//3
f 579//4 580//4 584//4
f 579//4 584//4 583//4
f 580//5 577//5 581//5
f 580//5 581//5 584//5
f 589//1 590//1 591//1
f 589//1 591//1 592//1
f 585//2 586//2 590//2
f 585//2 590//2 589//2
f 586//3 587//3 591//3
f 586//3 591//3 590//3
f 587//4 588//4 592//4
f 587//4 592//4 591//4
f 588//5 585//5 589//5
f 588//5 589//5 592//5
f 597//1 598//1 599//1
f 597//1 599//1 600//1
f 593//2 594//2 598//2
f 593//2 598//2 597//2
f 594//3 595//3 599//3
f 594//3 599//3 598//3
f 595//4 596//4 600//4
f 595//4 600//4 599//4
f 596//5 593//5 597//5
f 596//5 597//5 600//5
f 605//1 606//1 607//1
f 605//1 607//1 608//1
f 601//2 602//2 606//2
f 601//2 606//2 605//2
f 602//3 603//3 607//3
f 602//3 607//3 606//3
f 603//4 604//4 608//4
f 603//4 608//4 607//4
f 604//5 601//5 605//5
f 604//5 605//5 608//5
f 613//1 614//1 615//1
f 613//1 615//1 616//1
f 609//2 610//2 614//2
f 609//2 614//2 613//2
f 610//3 611//3 615//3
f 610//3 615//3 614//3
f 611//4 612//4 616//4
f 611//4 616//4 615//4
f 612//5 609//5 613//5
f 612//5 613//5 616//5
f 621//1 622//1 623//1
f 621//1 623//1 624//1
f 617//2 618//2 622//2
f 617//2 622//2 621//2
f 618//3 619//3 623//3
f 618//3 623//3 622//3
f 619//4 620//4 624//4
f 619//4 624//4 623//4
f 620//5 617//5 621//5
f 620//5 621//5 624//5
f 629//1 630//1 631//1
f 629//1 631//1 632//1
f 625//2 626//2 630//2
f 625//2 630//2 629//2
f 626//3 627//3 631//3
f 626//3 631//3 630//3
f 627//4 628//4 632//4
f 627//4 632//4 631//4
f 628//5 625//5 629//5
f 628//5 629//5 632//5
f 637//1 638//1 639//1
f 637//1 639//1 640//1
f 633//2 634//2 638//2
f 633//2 638//2 637//2
f 634//3 635//3 639//3
f 634//3 639//3 638//3
f 635//4 636//4 640//4
f 635//4 640//4 639//4
f 636//5 633//5 637//5
f 636//5 637//5 640//5
f 645//1 646//1 647//1
f 645//1 647//1 648//1
f 641//2 642//2 646//2
f 641//2 646//2 645//2
f 642//3 643//3 647//3
f 642//3 647//3 646//3
f 643//4 644//4 648//4
f 643//4 648//4 647//4
f 644//5 641//5 645//5
f 644//5 645//5 648//5
f 653//1 654//1 655//1
f 653//1 655//1 656//1
f 649//2 650//2 654//2
f 649//2 654//2 653//2
f 650//3 651//3 655//3
f 650//3 655//3 654//3
f 651//4 652//4 656//4
f 651//4 656//4 655//4
f 652//5 649//5 653//5
f 652//5 653//5 656//5
f 661//1 662//1 663//1
f 661//1 663//1 664//1
f 657//2 658//2 662//2
f 657//2 662//2 661//2
f 658//3 659//3 663//3
f 658//3 663//3 662//3
f 659//4 660//4 664//4
f 659//4 664//4 663//4
f 660//5 657//5 661//5
f 660//5 661//5 664//5
f 669//1 670//1 671//1
f 669//1 671//1 672//1
f 665//2 666//2 670//2
f 665//2 670//2 669//2
f 666//3 667//3 671//3
f 666//3 671//3 670//3
f 667//4 668//4 672//4
f 667//4 672//4 671//4
f 668//5 665//5 669//5
f 668//5 669//5 672//5
f 677//1 678//1 679//1
f 677//1 679//1 680//1
f 673//2 674//2 678//2
f 673//2 678//2 677//2
f 674//3 675//3 679//3
f 674//3 679//3 678//3
f 675//4 676//4 680//4
f 675//4 680//4 679//4
f 676//5 673//5 677//5
f 676//5 677//5 680//5
f 685//1 686//1 687//1
f 685//1 687//1 688//1
f 681//2 682//2 686//2
f 681//2 686//2 685//2
f 682//3 683//3 687//3
f 682//3 687//3 686//3
f 683//4 684//4 688//4
f 683//4 688//4 687//4
f 684//5 681//5 685//5
f 684//5 685//5 688//5
f 693//1 694//1 695//1
f 693//1 695//1 696//1
f 689//2 690//2 694//2
f 689//2 694//2 693//2
f 690//3 691//3 695//3
f 690//3 695//3 694//3
f 691//4 692//4 696//4
f 691//4 696//4 695//4
f 692//5 689//5 693//5
f 692//5 693//5 696//5
f 701//1 702//1 703//1
f 701//1 703//1 704//1
f 697//2 698//2 702//2
f 697//2 702//2 701//2
f 698//3 699//3 703//3
f 698//3 703//3 702//3
f 699//4 700//4 704//4
f 699//4 704//4 703//4
f 700//5 697//5 701//5
f 700//5 701//5 704//5
f 709//1 710//1 711//1
f 709//1 711//1 712//1
f 705//2 706//2 710//2
f 705//2 710//2 709//2
f 706//3 707//3 711//3
f 706//3 711//3 710//3
f 707//4 708//4 712//4
f 707//4 712//4 711//4
f 708//5 705//5 709//5
f 708//5 709//5 712//5
f 717//1 718//1 719//1
f 717//1 719//1 720//1
f 713//2 714//2 718//2
f 713//2 718//2 717//2
f 714//3 715//3 719//3
f 714//3 719//3 718//3
f 715//4 716//4 720//4
f 715//4 720//4 719//4
f 716//5 713//5 717//5
f 716//5 717//5 720//5
f 725//1 726//1 727//1
f 725//1 727//1 728//1
f 721//2 722//2 726//2
f 721//2 726//2 725//2
f 722//3 723//3 727//3
f 722//3 727//3 726//3
f 723//4 724//4 728//4
f 723//4 728//4 727//4
f 724//5 721//5 725//5
f 724//5 725//5 728//5
f 733//1 734//1 735//1
f 733//1 735//1 736//1
f 729//2 730//2 734//2
f 729//2 734//2 733//2
f 730//3 731//3 735//3
f 730//3 735//3 734//3
f 731//4 732//4 736//4
f 731//4 736//4 735//4
f 732//5 729//5 733//5
f 732//5 733//5 736//5
f 741//1 742//1 743//1
f 741//1 743//1 744//1
f 737//2 738//2 742//2
f 737//2 742//2 741//2
f 738//3 739//3 743//3
f 738//3 743//3 742//3
f 739//4 740//4 744//4
f 739//4 744//4 743//4
f 740//5 737//5 741//5
f 740//5 741//5 744//5
f 749//1 750//1 751//1
f 749//1 751//1 752//1
f 745//2 746//2 750//2
f 745//2 750//2 749//2
f 746//3 747//3 751//3
f 746//3 751//3 750//3
f 747//4 748//4 752//4
f 747//4 752//4 751//4
f 748//5 745//5 749//5
f 748//5 749//5 752//5
f 757//1 758//1 759//1
f 757//1 759//1 760//1
f 753//2 754//2 758//2
f 753//2 758//2 757//2
f 754//3 755//3 759//3
f 754//3 759//3 758//3
f 755//4 756//4 760//4
f 755//4 760//4 759//4
f 756//5 753//5 757//5
f 756//5 757//5 760//5
f 765//1 766//1 767//1
f 765//1 767//1 768//1
f 761//2 762//2 766//2
f 761//2 766//2 765//2
f 762//3 763//3 767//3
f 762//3 767//3 766//3
f 763//4 764//4 768//4
f 763//4 768//4 767//4
f 764//5 761//5 765//5
f 764//5 765//5 768//5
f 773//1 774//1 775//1
f 773//1 775//1 776//1
f 769//2 770//2 774//2
f 769//2 774//2 773//2
f 770//3 771//3 775//3
f 770//3 775//3 774//3
f 771//4 772//4 776//4
f 771//4 776//4 775//4
f 772//5 769//5 773//5
f 772//5 773//5 776//5
f 781//1 782//1 783//1
f 781//1 783//1 784//1
f 777//2 778//2 782//2
f 777//2 782//2 781//2
f 778//3 779//3 783//3
f 778//3 783//3 782//3
f 779//4 780//4 784//4
f 779//4 784//4 783//4
f 780//5 777//5 781//5
f 780//5 781//5 784//5
f 789//1 790//1 791//1
f 789//1 791//1 792//1
f 785//2 786//2 790//2
f 785//2 790//2 789//2
f 786//3 787//3 791//3
f 786//3 791//3 790//3
f 787//4 788//4 792//4
f 787//4 792//4 791//4
f 788//5 785//5 789//5
f 788//5 789//5 792//5
f 797//1 798//1 799//1
f 797//1 799//1 800//1
f 793//2 794//2 798//2
f 793//2 798//2 797//2
f 794//3 795//3 799//3
f 794//3 799//3 798//3
f 795//4 796//4 800//4
f 795//4 800//4 799//4
f 796//5 793//5 797//5
f 796//5 797//5 800//5
f 805//1 806//1 807//1
f 805//1 807//1 808//1
f 801//2 802//2 806//2
f 801//2 806//2 805//2
f 802//3 803//3 807//3
f 802//3 807//3 806//3
f 803//4 804//4 808//4
f 803//4 808//4 807//4
f 804//5 801//5 805//5
f 804//5 805//5 808//5
f 813//1 814//1 815//1
f 813//1 815//1 816//1
f 809//2 810//2 814//2
f 809//2 814//2 813//2
f 810//3 811//3 815//3
f 810//3 815//3 814//3
f 811//4 812//4 816//4
f 811//4 816//4 815//4
f 812//5 809//5 813//5
f 812//5 813//5 816//5
f 821//1 822//1 823//1
f 821//1 823//1 824//1
f 817//2 818//2 822//2
f 817//2 822//2 821//2
f 818//3 819//3 823//3
f 818//3 823//3 822//3
f 819//4 820//4 824//4
f 819//4 824//4 823//4
f 820//5 817//5 821//5
f 820//5 821//5 824//5
f 829//1 830//1 831//1
f 829//1 831//1 832//1
f 825//2 826//2 830//2
f 825//2 830//2 829//2
f 826//3 827//3 831//3
f 826//3 831//3 830//3
f 827//4 828//4 832//4
f 827//4 832//4 831//4
f 828//5 825//5 829//5
f 828//5 829//5 832//5
f 837//1 838//1 839//1
f 837//1 839//1 840//1
f 833//2 834//2 838//2
f 833//2 838//2 837//2
f 834//3 835//3 839//3
f 834//3 839//3 838//3
f 835//4 836//4 840//4
f 835//4 840//4 839//4
f 836//5 833//5 837//5
f 836//5 837//5 840//5
f 845//1 846//1 847//1
f 845//1 847//1 848//1
f 841//2 842//2 846//2
f 841//2 846//2 845//2
f 842//3 843//3 847//3
f 842//3 847//3 846//3
f 843//4 844//4 848//4
f 843//4 848//4 847//4
f 844//5 841//5 845//5
f 844//5 845//5 848//5
f 853//1 854//1 855//1
f 853//1 855//1 856//1
f 849//2 850//2 854//2
f 849//2 854//2 853//2
f 850//3 851//3 855//3
f 850//3 855//3 854//3
f 851//4 852//4 856//4
f 851//4 856//4 855//4
f 852//5 849//5 853//5
f 852//5 853//5 856//5
f 861//1 862//1 863//1
f 861//1 863//1 864//1
f 857//2 858//2 862//2
f 857//2 862//2 861//2
f 858//3 859//3 863//3
f 858//3 863//3 862//3
f 859//4 860//4 864//4
f 859//4 864//4 863//4
f 860//5 857//5 861//5
f 860//5 861//5 864//5
f 869//1 870//1 871//1
f 869//1 871//1 872//1
f 865//2 866//2 870//2
f 865//2 870//2 869//2
f 866//3 867//3 871//3
f 866//3 871//3 870//3
f 867//4 868//4 872//4
f 867//4 872//4 871//4
f 868//5 865//5 869//5
f 868//5 869//5 872//5
f 877//1 878//1 879//1
f 877//1 879//1 880//1
f 873//2 874//2 878//2
f 873//2 878//2 877//2
f 874//3 875//3 879//3
f 874//3 879//3 878//3
f 875//4 876//4 880//4
f 875//4 880//4 879//4
f 876//5 873//5 877//5
f 876//5 877//5 880//5
f 885//1 886//1 887//1
f 885//1 887//1 888//1
f 881//2 882//2 886//2
f 881//2 886//2 885//2
f 882//3 883//3 887//3
f 882//3 887//3 886//3
f 883//4 884//4 888//4
f 883//4 888//4 887//4
f 884//5 881//5 885//5
f 884//5 885//5 888//5
f 893//1 894//1 895//1
f 893//1 895//1 896//1
f 889//2 890//2 894//2
f 889//2 894//2 893//2
f 890//3 891//3 895//3
f 890//3 895//3 894//3
f 891//4 892//4 896//4
f 891//4 896//4 895//4
f 892//5 889//5 893//5
f 892//5 893//5 896//5
f 901//1 902//1 903//1
f 901//1 903//1 904//1
f 897//2 898//2 902//2
f 897//2 902//2 901//2
f 898//3 899//3 903//3
f 898//3 903//3 902//3
f 899//4 900//4 904//4
f 899//4 904//4 903//4
f 900//5 897//5 901//5
f 900//5 901//5 904//5
f 909//1 910//1 911//1
f 909//1 911//1 912//1
f 905//2 906//2 910//2
f 905//2 910//2 909//2
f 906//3 907//3 911//3
f 906//3 911//3 910//3
f 907//4 908//4 912//4
f 907//4 912//4 911//4
f 908//5 905//5 909//5
f 908//5 909//5 912//5
f 917//1 918//1 919//1
f 917//1 919//1 920//1
f 913//2 914//2 918//2
f 913//2 918//2 917//2
f 914//3 915//3 919//3
f 914//3 919//3 918//3
f 915//4 916//4 920//4
f 915//4 920//4 919//4
f 916//5 913//5 917//5
f 916//5 917//5 920//5
f 925//1 926//1 927//1
f 925//1 927//1 928//1
f 921//2 922//2 926//2
f 921//2 926//2 925//2
f 922//3 923//3 927//3
f 922//3 927//3 926//3
f 923//4 924//4 928//4
f 923//4 928//4 927//4
f 924//5 921//5 925//5
f 924//5 925//5 928//5
f 933//1 934//1 935//1
f 933//1 935//1 936//1
f 929//2 930//2 934//2
f 929//2 934//2 933//2
f 930//3 931//3 935//3
f 930//3 935//3 934//3
f 931//4 932//4 936//4
f 931//4 936//4 935//4
f 932//5 929//5 933//5
f 932//5 933//5 936//5
f 941//1 942//1 943//1
f 941//1 943//1 944//1
f 937//2 938//2 942//2
f 937//2 942//2 941//2
f 938//3 939//3 943//3
f 938//3 943//3 942//3
f 939//4 940//4 944//4
f 939//4 944//4 943//4
f 940//5 937//5 941//5
f 940//5 941//5 944//5
f 949//1 950//1 951//1
f 949//1 951//1 952//1
f 945//2 946//2 950//2
f 945//2 950//2 949//2
f 946//3 947//3 951//3
f 946//3 951//3 950//3
f 947//4 948//4 952//4
f 947//4 952//4 951//4
f 948//5 945//5 949//5
f 948//5 949//5 952//5
f 957//1 958//1 959//1
f 957//1 959//1 960//1
f 953//2 954//2 958//2
f 953//2 958//2 957//2
f 954//3 955//3 959//3
f 954//3 959//3 958//3
f 955//4 956//4 960//4
f 955//4 960//4 959//4
f 956//5 953//5 957//5
f 956//5 957//5 960//5
f 965//1 966//1 967//1
f 965//1 967//1 968//1
f 961//2 962//2 966//2
f 961//2 966//2 965//2
f 962//3 963//3 967//3
f 962//3 967//3 966//3
f 963//4 964//4 968//4
f 963//4 968//4 967//4
f 964//5 961//5 965//5
f 964//5 965//5 968//5
f 973//1 974//1 975//1
f 973//1 975//1 976//1
f 969//2 970//2 974//2
f 969//2 974//2 973//2
f 970//3 971//3 975//3
f 970//3 975//3 974//3
f 971//4 972//4 976//4
f 971//4 976//4 975//4
f 972//5 969//5 973//5
f 972//5 973//5 976//5
f 981//1 982//1 983//1
f 981//1 983//1 984//1
f 977//2 978//2 982//2
f 977//2 982//2 981//2
f 978//3 979//3 983//3
f 978//3 983//3 982//3
f 979//4 980//4 984//4
f 979//4 984//4 983//4
f 980//5 977//5 981//5
f 980//5 981//5 984//5
f 989//1 990//1 991//1
f 989//1 991//1 992//1
f 985//2 986//2 990//2
f 985//2 990//2 989//2
f 986//3 987//3 991//3
f 986//3 991//3 990//3
f 987//4 988//4 992//4
f 987//4 992//4 991//4
f 988//5 985//5 989//5
f 988//5 989//5 992//5
f 997//1 998//1 999//1
f 997//1 999//1 1000//1
f 993//2 994//2 998//2
f 993//2 998//2 997//2
f 994//3 995//3 999//3
f 994//3 999//3 998//3
f 995//4 996//4 1000//4
f 995//4 1000//4 999//4
f 996//5 993//5 997//5
f 996//5 997//5 1000//5
f 1005//1 1006//1 1007//1
f 1005//1 1007//1 1008//1
f 1001//2 1002//2 1006//2
f 1001//2 1006//2 1005//2
f 1002//3 1003//3 1007//3
f 1002//3 1007//3 1006//3
f 1003//4 1004//4 1008//4
f 1003//4 1008//4 1007//4
f 1004//5 1001//5 1005//5
f 1004//5 1005//5 1008//5
f 1013//1 1014//1 1015//1
f 1013//1 1015//1 1016//1
f 1009//2 1010//2 1014//2
f 1009//2 1014//2 1013//2
f 1010//3 1011//3 1015//3
f 1010//3 1015//3 1014//3
f 1011//4 1012//4 1016//4
f 1011//4 1016//4 1015//4
f 1012//5 1009//5 1013//5
f 1012//5 1013//5 1016//5
f 1021//1 1022//1 1023//1
f 1021//1 1023//1 1024//1
f 1017//2 1018//2 1022//2
f 1017//2 1022//2 1021//2
f 1018//3 1019//3 1023//3
f 1018//3 1023//3 1022//3
f 1019//4 1020//4 1024//4
f 1019//4 1024//4 1023//4
f 1020//5 1017//5 1021//5
f 1020//5 1021//5 1024//5
f 1029//1 1030//1 1031//1
f 1029//1 1031//1 1032//1
f 1025//2 1026//2 1030//2
f 1025//2 1030//2 1029//2
f 1026//3 1027//3 1031//3
f 1026//3 1031//3 1030//3
f 1027//4 1028//4 1032//4
f 1027//4 1032//4 1031//4
f 1028//5 1025//5 1029//5
f 1028//5 1029//5 1032//5
f 1037//1 1038//1 1039//1
f 1037//1 1039//1 1040//1
f 1033//2 1034//2 1038//2
f 1033//2 1038//2 1037//2
f 1034//3 1035//3 1039//3
f 1034//3 1039//3 1038//3
f 1035//4 1036//4 1040//4
f 1035//4 1040//4 1039//4
f 1036//5 1033//5 1037//5
f 1036//5 1037//5 1040//5
f 1045//1 1046//1 1047//1
f 1045//1 1047//1 1048//1
f 1041//2 1042//2 1046//2
f 1041//2 1046//2 1045//2
f 1042//3 1043//3 1047//3
f 1042//3 1047//3 1046//3
f 1043//4 1044//4 1048//4
f 1043//4 1048//4 1047//4
f 1044//5 1041//5 1045//5
f 1044//5 1045//5 1048//5
f 1053//1 1054//1 1055//1
f 1053//1 1055//1 1056//1
f 1049//2 1050//2 1054//2
f 1049//2 1054//2 1053//2
f 1050//3 1051//3 1055//3
f 1050//3 1055//3 1054//3
f 1051//4 1052//4 1056//4
f 1051//4 1056//4 1055//4
f 1052//5 1049//5 1053//5
f 1052//5 1053//5 1056//5
f 1061//1 1062//1 1063//1
f 1061//1 1063//1 1064//1
f 1057//2 1058//2 1062//2
f 1057//2 1062//2 1061//2
f 1058//3 1059//3 1063//3
f 1058//3 1063//3 1062//3
f 1059//4 1060//4 1064//4
f 1059//4 1064//4 1063//4
f 1060//5 1057//5 1061//5
f 1060//5 1061//5 1064//5
f 1069//1 1070//1 1071//1
f 1069//1 1071//1 1072//1
f 1065//2 1066//2 1070//2
f 1065//2 1070//2 1069//2
f 1066//3 1067//3 1071//3
f 1066//3 1071//3 1070//3
f 1067//4 1068//4 1072//4
f 1067//4 1072//4 1071//4
f 1068//5 1065//5 1069//5
f 1068//5 1069//5 1072//5
f 1077//1 1078//1 1079//1
f 1077//1 1079//1 1080//1
f 1073//2 1074//2 1078//2
f 1073//2 1078//2 1077//2
f 1074//3 1075//3 1079//3
f 1074//3 1079//3 1078//3
f 1075//4 1076//4 1080//4
f 1075//4 1080//4 1079//4
f 1076//5 1073//5 1077//5
f 1076//5 1077//5 1080//5
f 1085//1 1086//1 1087//1
f 1085//1 1087//1 1088//1
f 1081//2 1082//2 1086//2
f 1081//2 1086//2 1085//2
f 1082//3 1083//3 1087//3
f 1082//3 1087//3 1086//3
f 1083//4 1084//4 1088//4
f 1083//4 1088//4 1087//4
f 1084//5 1081//5 1085//5
f 1084//5 1085//5 1088//5
f 1093//1 1094//1 1095//1
f 1093//1 1095//1 1096//1
f 1089//2 1090//2 1094//2
f 1089//2 1094//2 1093//2
f 1090//3 1091//3 1095//3
f 1090//3 1095//3 1094//3
f 1091//4 1092//4 1096//4
f 1091//4 1096//4 1095//4
f 1092//5 1089//5 1093//5
f 1092//5 1093//5 1096//5
f 1101//1 1102//1 1103//1
f 1101//1 1103//1 1104//1
f 1097//2 1098//2 1102//2
f 1097//2 1102//2 1101//2
f 1098//3 1099//3 1103//3
f 1098//3 1103//3 1102//3
f 1099//4 1100//4 1104//4
f 1099//4 1104//4 1103//4
f 1100//5 1097//5 1101//5
f 1100//5 1101//5 1104//5
f 1109//1 1110//1 1111//1
f 1109//1 1111//1 1112//1
f 1105//2 1106//2 1110//2
f 1105//2 1110//2 1109//2
f 1106//3 1107//3 1111//3
f 1106//3 1111//3 1110//3
f 1107//4 1108//4 1112//4
f 1107//4 1112//4 1111//4
f 1108//5 1105//5 1109//5
f 1108//5 1109//5 1112//5
f 1117//1 1118//1 1119//1
f 1117//1 1119//1 1120//1
f 1113//2 1114//2 1118//2
f 1113//2 1118//2 1117//2
f 1114//3 1115//3 1119//3
f 1114//3 1119//3 1118//3
f 1115//4 1116//4 1120//4
f 1115//4 1120//4 1119//4
f 1116//5 1113//5 1117//5
f 1116//5 1117//5 1120//5
f 1125//1 1126//1 1127//1
f 1125//1 1127//1 1128//1
f 1121//2 1122//2 1126//2
f 1121//2 1126//2 1125//2
f 1122//3 1123//3 1127//3
f 1122//3 1127//3 1126//3
f 1123//4 1124//4 1128//4
f 1123//4 1128//4 1127//4
f 1124//5 1121//5 1125//5
f 1124//5 1125//5 1128//5
f 1133//1 1134//1 1135//1
f 1133//1 1135//1 1136//1
f 1129//2 1130//2 1134//2
f 1129//2 1134//2 1133//2
f 1130//3 1131//3 1135//3
f 1130//3 1135//3 1134//3
f 1131//4 1132//4 1136//4
f 1131//4 1136//4 1135//4
f 1132//5 1129//5 1133//5
f 1132//5 1133//5 1136//5
f 1141//1 1142//1 1143//1
f 1141//1 1143//1 1144//1
f 1137//2 1138//2 1142//2
f 1137//2 1142//2 1141//2
f 1138//3 1139//3 1143//3
f 1138//3 1143//3 1142//3
f 1139//4 1140//4 1144//4
f 1139//4 1144//4 1143//4
f 1140//5 1137//5 1141//5
f 1140//5 1141//5 1144//5
f 1149//1 1150//1 1151//1
f 1149//1 1151//1 1152//1
f 1145//2 1146//2 1150//2
f 1145//2 1150//2 1149//2
f 1146//3 1147//3 1151//3
f 1146//3 1151//3 1150//3
f 1147//4 1148//4 1152//4
f 1147//4 1152//4 1151//4
f 1148//5 1145//5 1149//5
f 1148//5 1149//5 1152//5
f 1157//1 1158//1 1159//1
f 1157//1 1159//1 1160//1
f 1153//2 1154//2 1158//2
f 1153//2 1158//2 1157//2
f 1154//3 1155//3 1159//3
f 1154//3 1159//3 1158//3
f 1155//4 1156//4 1160//4
f 1155//4 1160//4 1159//4
f 1156//5 1153//5 1157//5
f 1156//5 1157//5 1160//5
f 1165//1 1166//1 1167//1
f 1165//1 1167//1 1168//1
f 1161//2 1162//2 1166//2
f 1161//2 1166//2 1165//2
f 1162//3 1163//3 1167//3
f 1162//3 1167//3 1166//3
f 1163//4 1164//4 1168//4
f 1163//4 1168//4 1167//4
f 1164//5 1161//5 1165//5
f 1164//5 1165//5 1168//5
f 1173//1 1174//1 1175//1
f 1173//1 1175//1 1176//1
f 1169//2 1170//2 1174//2
f 1169//2 1174//2 1173//2
f 1170//3 1171//3 1175//3
f 1170//3 1175//3 1174//3
f 1171//4 1172//4 1176//4
f 1171//4 1176//4 1175//4
f 1172//5 1169//5 1173//5
f 1172//5 1173//5 1176//5
f 1181//1 1182//1 1183//1
f 1181//1 1183//1 1184//1
f 1177//2 1178//2 1182//2
f 1177//2 1182//2 1181//2
f 1178//3 1179//3 1183//3
f 1178//3 1183//3 1182//3
f 1179//4 1180//4 1184//4
f 1179//4 1184//4 1183//4
f 1180//5 1177//5 1181//5
f 1180//5 1181//5 1184//5
f 1189//1 1190//1 1191//1
f 1189//1 1191//1 1192//1
f 1185//2 1186//2 1190//2
f 1185//2 1190//2 1189//2
f 1186//3 1187//3 1191//3
f 1186//3 1191//3 1190//3
f 1187//4 1188//4 1192//4
f 1187//4 1192//4 1191//4
f 1188//5 1185//5 1189//5
f 1188//5 1189//5 1192//5
f 1197//1 1198//1 1199//1
f 1197//1 1199//1 1200//1
f 1193//2 1194//2 1198//2
f 1193//2 1198//2 1197//2
f 1194//3 1195//3 1199//3
f 1194//3 1199//3 1198//3
f 1195//4 1196//4 1200//4
f 1195//4 1200//4 1199//4
f 1196//5 1193//5 1197//5
f 1196//5 1197//5 1200//5
f 1205//1 1206//1 1207//1
f 1205//1 1207//1 1208//1
f 1201//2 1202//2 1206//2
f 1201//2 1206//2 1205//2
f 1202//3 1203//3 1207//3
f 1202//3 1207//3 1206//3
f 1203//4 1204//4 1208//4
f 1203//4 1208//4 1207//4
f 1204//5 1201//5 1205//5
f 1204//5 1205//5 1208//5
f 1213//1 1214//1 1215//1
f 1213//1 1215//1 1216//1
f 1209//2 1210//2 1214//2
f 1209//2 1214//2 1213//2
f 1210//3 1211//3 1215//3
f 1210//3 1215//3 1214//3
f 1211//4 1212//4 1216//4
f 1211//4 1216//4 1215//4
f 1212//5 1209//5 1213//5
f 1212//5 1213//5 1216//5
f 1221//1 1222//1 1223//1
f 1221//1 1223//1 1224//1
f 1217//2 1218//2 1222//2
f 1217//2 1222//2 1221//2
f 1218//3 1219//3 1223//3
f 1218//3 1223//3 1222//3
f 1219//4 1220//4 1224//4
f 1219//4 1224//4 1223//4
f 1220//5 1217//5 1221//5
f 1220//5 1221//5 1224//5
f 1229//1 1230//1 1231//1
f 1229//1 1231//1 1232//1
f 1225//2 1226//2 1230//2
f 1225//2 1230//2 1229//2
f 1226//3 1227//3 1231//3
f 1226//3 1231//3 1230//3
f 1227//4 1228//4 1232//4
f 1227//4 1232//4 1231//4
f 1228//5 1225//5 1229//5
f 1228//5 1229//5 1232//5
f 1237//1 1238//1 1239//1
f 1237//1 1239//1 1240//1
f 1233//2 1234//2 1238//2
f 1233//2 1238//2 1237//2
f 1234//3 1235//3 1239//3
f 1234//3 1239//3 1238//3
f 1235//4 1236//4 1240//4
f 1235//4 1240//4 1239//4
f 1236//5 1233//5 1237//5
f 1236//5 1237//5 1240//5
f 1245//1 1246//1 1247//1
f 1245//1 1247//1 1248//1
f 1241//2 1242//2 1246//2
f 1241//2 1246//2 1245//2
f 1242//3 1243//3 1247//3
f 1242//3 1247//3 1246//3
f 1243//4 1244//4 1248//4
f 1243//4 1248//4 1247//4
f 1244//5 1241//5 1245//5
f 1244//5 1245//5 1248//5
f 1253//1 1254//1 1255//1
f 1253//1 1255//1 1256//1
f 1249//2 1250//2 1254//2
f 1249//2 1254//2 1253//2
f 1250//3 1251//3 1255//3
f 1250//3 1255//3 1254//3
f 1251//4 1252//4 1256//4
f 1251//4 1256//4 1255//4
f 1252//5 1249//5 1253//5
f 1252//5 1253//5 1256//5
f 1261//1 1262//1 1263//1
f 1261//1 1263//1 1264//1
f 1257//2 1258//2 1262//2
f 1257//2 1262//2 1261//2
f 1258//3 1259//3 1263//3
f 1258//3 1263//3 1262//3
f 1259//4 1260//4 1264//4
f 1259//4 1264//4 1263//4
f 1260//5 1257//5 1261//5
f 1260//5 1261//5 1264//5
f 1269//1 1270//1 1271//1
f 1269//1 1271//1 1272//1
f 1265//2 1266//2 1270//2
f 1265//2 1270//2 1269//2
f 1266//3 1267//3 1271//3
f 1266//3 1271//3 1270//3
f 1267//4 1268//4 1272//4
f 1267//4 1272//4 1271//4
f 1268//5 1265//5 1269//5
f 1268//5 1269//5 1272//5
f 1277//1 1278//1 1279//1
f 1277//1 1279//1 1280//1
f 1273//2 1274//2 1278//2
f 1273//2 1278//2 1277//2
f 1274//3 1275//3 1279//3
f 1274//3 1279//3 1278//3
f 1275//4 1276//4 1280//4
f 1275//4 1280//4 1279//4
f 1276//5 1273//5 1277//5
f 1276//5 1277//5 1280//5
f 1285//1 1286//1 1287//1
f 1285//1 1287//1 1288//1
f 1281//2 1282//2 1286//2
f 1281//2 1286//2 1285//2
f 1282//3 1283//3 1287//3
f 1282//3 1287//3 1286//3
f 1283//4 1284//4 1288//4
f 1283//4 1288//4 1287//4
f 1284//5 1281//5 1285//5
f 1284//5 1285//5 1288//5
f 1293//1 1294//1 1295//1
f 1293//1 1295//1 1296//1
f 1289//2 1290//2 1294//2
f 1289//2 1294//2 1293//2
f 1290//3 1291//3 1295//3
f 1290//3 1295//3 1294//3
f 1291//4 1292//4 1296//4
f 1291//4 1296//4 1295//4
f 1292//5 1289//5 1293//5
f 1292//5 1293//5 1296//5
f 1301//1 1302//1 1303//1
f 1301//1 1303//1 1304//1
f 1297//2 1298//2 1302//2
f 1297//2 1302//2 1301//2
f 1298//3 1299//3 1303//3
f 1298//3 1303//3 1302//3
f 1299//4 1300//4 1304//4
f 1299//4 1304//4 1303//4
f 1300//5 1297//5 1301//5
f 1300//5 1301//5 1304//5
f 1309//1 1310//1 1311//1
f 1309//1 1311//1 1312//1
f 1305//2 1306//2 1310//2
f 1305//2 1310//2 1309//2
f 1306//3 1307//3 1311//3
f 1306//3 1311//3 1310//3
f 1307//4 1308//4 1312//4
f 1307//4 1312//4 1311//4
f 1308//5 1305//5 1309//5
f 1308//5 1309//5 1312//5
f 1317//1 1318//1 1319//1
f 1317//1 1319//1 1320//1
f 1313//2 1314//2 1318//2
f 1313//2 1318//2 1317//2
f 1314//3 1315//3 1319//3
f 1314//3 1319//3 1318//3
f 1315//4 1316//4 1320//4
f 1315//4 1320//4 1319//4
f 1316//5 1313//5 1317//5
f 1316//5 1317//5 1320//5
f 1325//1 1326//1 1327//1
f 1325//1 1327//1 1328//1
f 1321//2 1322//2 1326//2
f 1321//2 1326//2 1325//2
f 1322//3 1323//3 1327//3
f 1322//3 1327//3 1326//3
f 1323//4 1324//4 1328//4
f 1323//4 1328//4 1327//4
f 1324//5 1321//5 1325//5
f 1324//5 1325//5 1328//5
f 1333//1 1334//1 1335//1
f 1333//1 1335//1 1336//1
f 1329//2 1330//2 1334//2
f 1329//2 1334//2 1333//2
f 1330//3 1331//3 1335//3
f 1330//3 1335//3 1334//3
f 1331//4 1332//4 1336//4
f 1331//4 1336//4 1335//4
f 1332//5 1329//5 1333//5
f 1332//5 1333//5 1336//5
f 1341//1 1342//1 1343//1
f 1341//1 1343//1 1344//1
f 1337//2 1338//2 1342//2
f 1337//2 1342//2 1341//2
f 1338//3 1339//3 1343//3
f 1338//3 1343//3 1342//3
f 1339//4 1340//4 1344//4
f 1339//4 1344//4 1343//4
f 1340//5 1337//5 1341//5
f 1340//5 1341//5 1344//5
f 1349//1 1350//1 1351//1
f 1349//1 1351//1 1352//1
f 1345//2 1346//2 1350//2
f 1345//2 1350//2 1349//2
f 1346//3 1347//3 1351//3
f 1346//3 1351//3 1350//3
f 1347//4 1348//4 1352//4
f 1347//4 1352//4 1351//4
f 1348//5 1345//5 1349//5
f 1348//5 1349//5 1352//5
f 1357//1 1358//1 1359//1
f 1357//1 1359//1 1360//1
f 1353//2 1354//2 1358//2
f 1353//2 1358//2 1357//2
f 1354//3 1355//3 1359//3
f 1354//3 1359//3 1358//3
f 1355//4 1356//4 1360//4
f 1355//4 1360//4 1359//4
f 1356//5 1353//5 1357//5
f 1356//5 1357//5 1360//5
f 1365//1 1366//1 1367//1
f 1365//1 1367//1 1368//1
f 1361//2 1362//2 1366//2
f 1361//2 1366//2 1365//2
f 1362//3 1363//3 1367//3
f 1362//3 1367//3 1366//3
f 1363//4 1364//4 1368//4
f 1363//4 1368//4 1367//4
f 1364//5 1361//5 1365//5
f 1364//5 1365//5 1368//5
f 1373//1 1374//1 1375//1
f 1373//1 1375//1 1376//1
f 1369//2 1370//2 1374//2
f 1369//2 1374//2 1373//2
f 1370//3 1371//3 1375//3
f 1370//3 1375//3 1374//3
f 1371//4 1372//4 1376//4
f 1371//4 1376//4 1375//4
f 1372//5 1369//5 1373//5
f 1372//5 1373//5 1376//5
f 1381//1 1382//1 1383//1
f 1381//1 1383//1 1384//1
f 1377//2 1378//2 1382//2
f 1377//2 1382//2 1381//2
f 1378//3 1379//3 1383//3
f 1378//3 1383//3 1382//3
f 1379//4 1380//4 1384//4
f 1379//4 1384//4 1383//4
f 1380//5 1377//5 1381//5
f 1380//5 1381//5 1384//5
f 1389//1 1390//1 1391//1
f 1389//1 1391//1 1392//1
f 1385//2 1386//2 1390//2
f 1385//2 1390//2 1389//2
f 1386//3 1387//3 1391//3
f 1386//3 1391//3 1390//3
f 1387//4 1388//4 1392//4
f 1387//4 1392//4 1391//4
f 1388//5 1385//5 1389//5
f 1388//5 1389//5 1392//5
f 1397//1 1398//1 1399//1
f 1397//1 1399//1 1400//1
f 1393//2 1394//2 1398//2
f 1393//2 1398//2 1397//2
f 1394//3 1395//3 1399//3
f 1394//3 1399//3 1398//3
f 1395//4 1396//4 1400//4
f 1395//4 1400//4 1399//4
f 1396//5 1393//5 1397//5
f 1396//5 1397//5 1400//5
f 1405//1 1406//1 1407//1
f 1405//1 1407//1 1408//1
f 1401//2 1402//2 1406//2
f 1401//2 1406//2 1405//2
f 1402//3 1403//3 1407//3
f 1402//3 1407//3 1406//3
f 1403//4 1404//4 1408//4
f 1403//4 1408//4 1407//4
f 1404//5 1401//5 1405//5
f 1404//5 1405//5 1408//5
f 1413//1 1414//1 1415//1
f 1413//1 1415//1 1416//1
f 1409//2 1410//2 1414//2
f 1409//2 1414//2 1413//2
f 1410//3 1411//3 1415//3
f 1410//3 1415//3 1414//3
f 1411//4 1412//4 1416//4
f 1411//4 1416//4 1415//4
f 1412//5 1409//5 1413//5
f 1412//5 1413//5 1416//5
f 1421//1 1422//1 1423//1
f 1421//1 1423//1 1424//1
f 1417//2 1418//2 1422//2
f 1417//2 1422//2 1421//2
f 1418//3 1419//3 1423//3
f 1418//3 1423//3 1422//3
f 1419//4 1420//4 1424//4
f 1419//4 1424//4 1423//4
f 1420//5 1417//5 1421//5
f 1420//5 1421//5 1424//5
f 1429//1 1430//1 1431//1
f 1429//1 1431//1 1432//1
f 1425//2 1426//2 1430//2
f 1425//2 1430//2 1429//2
f 1426//3 1427//3 1431//3
f 1426//3 1431//3 1430//3
f 1427//4 1428//4 1432//4
f 1427//4 1432//4 1431//4
f 1428//5 1425//5 1429//5
f 1428//5 1429//5 1432//5
f 1437//1 1438//1 1439//1
f 1437//1 1439//1 1440//1
f 1433//2 1434//2 1438//2
f 1433//2 1438//2 1437//2
f 1434//3 1435//3 1439//3
f 1434//3 1439//3 1438//3
f 1435//4 1436//4 1440//4
f 1435//4 1440//4 1439//4
f 1436//5 1433//5 1437//5
f 1436//5 1437//5 1440//5
f 1445//1 1446//1 1447//1
f 1445//1 1447//1 1448//1
f 1441//2 1442//2 1446//2
f 1441//2 1446//2 1445//2
f 1442//3 1443//3 1447//3
f 1442//3 1447//3 1446//3
f 1443//4 1444//4 1448//4
f 1443//4 1448//4 1447//4
f 1444//5 1441//5 1445//5
f 1444//5 1445//5 1448//5
f 1453//1 1454//1 1455//1
f 1453//1 1455//1 1456//1
f 1449//2 1450//2 1454//2
f 1449//2 1454//2 1453//2
f 1450//3 1451//3 1455//3
f 1450//3 1455//3 1454//3
f 1451//4 1452//4 1456//4
f 1451//4 1456//4 1455//4
f 1452//5 1449//5 1453//5
f 1452//5 1453//5 1456//5
f 1461//1 1462//1 1463//1
f 1461//1 1463//1 1464//1
f 1457//2 1458//2 1462//2
f 1457//2 1462//2 1461//2
f 1458//3 1459//3 1463//3
f 1458//3 1463//3 1462//3
f 1459//4 1460//4 1464//4
f 1459//4 1464//4 1463//4
f 1460//5 1457//5 1461//5
f 1460//5 1461//5 1464//5
f 1469//1 1470//1 1471//1
f 1469//1 1471//1 1472//1
f 1465//2 1466//2 1470//2
f 1465//2 1470//2 1469//2
f 1466//3 1467//3 1471//3
f 1466//3 1471//3 1470//3
f 1467//4 1468//4 1472//4
f 1467//4 1472//4 1471//4
f 1468//5 1465//5 1469//5
f 1468//5 1469//5 1472//5
f 1477//1 1478//1 1479//1
f 1477//1 1479//1 1480//1
f 1473//2 1474//2 1478//2
f 1473//2 1478//2 1477//2
f 1474//3 1475//3 1479//3
f 1474//3 1479//3 1478//3
f 1475//4 1476//4 1480//4
f 1475//4 1480//4 1479//4
f 1476//5 1473//5 1477//5
f 1476//5 1477//5 1480//5
f 1485//1 1486//1 1487//1
f 1485//1 1487//1 1488//1
f 1481//2 1482//2 1486//2
f 1481//2 1486//2 1485//2
f 1482//3 1483//3 1487//3
f 1482//3 1487//3 1486//3
f 1483//4 1484//4 1488//4
f 1483//4 1488//4 1487//4
f 1484//5 1481//5 1485//5
f 1484//5 1485//5 1488//5
f 1493//1 1494//1 1495//1
f 1493//1 1495//1 1496//1
f 1489//2 1490//2 1494//2
f 1489//2 1494//2 1493//2
f 1490//3 1491//3 1495//3
f 1490//3 1495//3 1494//3
f 1491//4 1492//4 1496//4
f 1491//4 1496//4 1495//4
f 1492//5 1489//5 1493//5
f 1492//5 1493//5 1496//5
f 1501//1 1502//1 1503//1
f 1501//1 1503//1 1504//1
f 1497//2 1498//2 1502//2
f 1497//2 1502//2 1501//2
f 1498//3 1499//3 1503//3
f 1498//3 1503//3 1502//3
f 1499//4 1500//4 1504//4
f 1499//4 1504//4 1503//4
f 1500//5 1497//5 1501//5
f 1500//5 1501//5 1504//5
f 1509//1 1510//1 1511//1
f 1509//1 1511//1 1512//1
f 1505//2 1506//2 1510//2
f 1505//2 1510//2 1509//2
f 1506//3 1507//3 1511//3
f 1506//3 1511//3 1510//3
f 1507//4 1508//4 1512//4
f 1507//4 1512//4 1511//4
f 1508//5 1505//5 1509//5
f 1508//5 1509//5 1512//5
f 1517//1 1518//1 1519//1
f 1517//1 1519//1 1520//1
f 1513//2 1514//2 1518//2
f 1513//2 1518//2 1517//2
f 1514//3 1515//3 1519//3
f 1514//3 1519//3 1518//3
f 1515//4 1516//4 1520//4
f 1515//4 1520//4 1519//4
f 1516//5 1513//5 1517//5
f 1516//5 1517//5 1520//5
f 1525//1 1526//1 1527//1
f 1525//1 1527//1 1528//1
f 1521//2 1522//2 1526//2
f 1521//2 1526//2 1525//2
f 1522//3 1523//3 1527//3
f 1522//3 1527//3 1526//3
f 1523//4 1524//4 1528//4
f 1523//4 1528//4 1527//4
f 1524//5 1521//5 1525//5
f 1524//5 1525//5 1528//5
f 1533//1 1534//1 1535//1
f 1533//1 1535//1 1536//1
f 1529//2 1530//2 1534//2
f 1529//2 1534//2 1533//2
f 1530//3 1531//3 1535//3
f 1530//3 1535//3 1534//3
f 1531//4 1532//4 1536//4
f 1531//4 1536//4 1535//4
f 1532//5 1529//5 1533//5
f 1532//5 1533//5 1536//5
f 1541//1 1542//1 1543//1
f 1541//1 1543//1 1544//1
f 1537//2 1538//2 1542//2
f 1537//2 1542//2 1541//2
f 1538//3 1539//3 1543//3
f 1538//3 1543//3 1542//3
f 1539//4 1540//4 1544//4
f 1539//4 1544//4 1543//4
f 1540//5 1537//5 1541//5
f 1540//5 1541//5 1544//5
f 1549//1 1550//1 1551//1
f 1549//1 1551//1 1552//1
f 1545//2 1546//2 1550//2
f 1545//2 1550//2 1549//2
f 1546//3 1547//3 1551//3
f 1546//3 1551//3 1550//3
f 1547//4 1548//4 1552//4
f 1547//4 1552//4 1551//4
f 1548//5 1545//5 1549//5
f 1548//5 1549//5 1552//5
f 1557//1 1558//1 1559//1
f 1557//1 1559//1 1560//1
f 1553//2 1554//2 1558//2
f 1553//2 1558//2 1557//2
f 1554//3 1555//3 1559//3
f 1554//3 1559//3 1558//3
f 1555//4 1556//4 1560//4
f 1555//4 1560//4 1559//4
f 1556//5 1553//5 1557//5
f 1556//5 1557//5 1560//5
f 1565//1 1566//1 1567//1
f 1565//1 1567//1 1568//1
f 1561//2 1562//2 1566//2
f 1561//2 1566//2 1565//2
f 1562//3 1563//3 1567//3
f 1562//3 1567//3 1566//3
f 1563//4 1564//4 1568//4
f 1563//4 1568//4 1567//4
f 1564//5 1561//5 1565//5
f 1564//5 1565//5 1568//5
f 1573//1 1574//1 1575//1
f 1573//1 1575//1 1576//1
f 1569//2 1570//2 1574//2
f 1569//2 1574//2 1573//2
f 1570//3 1571//3 1575//3
f 1570//3 1575//3 1574//3
f 1571//4 1572//4 1576//4
f 1571//4 1576//4 1575//4
f 1572//5 1569//5 1573//5
f 1572//5 1573//5 1576//5
f 1581//1 1582//1 1583//1
f 1581//1 1583//1 1584//1
f 1577//2 1578//2 1582//2
f 1577//2 1582//2 1581//2
f 1578//3 1579//3 1583//3
f 1578//3 1583//3 1582//3
f 1579//4 1580//4 1584//4
f 1579//4 1584//4 1583//4
f 1580//5 1577//5 1581//5
f 1580//5 1581//5 1584//5
f 1589//1 1590//1 1591//1
f 1589//1 1591//1 1592//1
f 1585//2 1586//2 1590//2
f 1585//2 1590//2 1589//2
f 1586//3 1587//3 1591//3
f 1586//3 1591//3 1590//3
f 1587//4 1588//4 1592//4
f 1587//4 1592//4 1591//4
f 1588//5 1585//5 1589//5
f 1588//5 1589//5 1592//5
f 1597//1 1598//1 1599//1
f 1597//1 1599//1 1600//1
f 1593//2 1594//2 1598//2
f 1593//2 1598//2 1597//2
f 1594//3 1595//3 1599//3
f 1594//3 1599//3 1598//3
f 1595//4 1596//4 1600//4
f 1595//4 1600//4 1599//4
f 1596//5 1593//5 1597//5
f 1596//5 1597//5 1600//5
f 1605//1 1606//1 1607//1
f 1605//1 1607//1 1608//1
f 1601//2 1602//2 1606//2
f 1601//2 1606//2 1605//2
f 1602//3 1603//3 1607//3
f 1602//3 1607//3 1606//3
f 1603//4 1604//4 1608//4
f 1603//4 1608//4 1607//4
f 1604//5 1601//5 1605//5
f 1604//5 1605//5 1608//5
f 1613//1 1614//1 1615//1
f 1613//1 1615//1 1616//1
f 1609//2 1610//2 1614//2
f 1609//2 1614//2 1613//2
f 1610//3 1611//3 1615//3
f 1610//3 1615//3 1614//3
f 1611//4 1612//4 1616//4
f 1611//4 1616//4 1615//4
f 1612//5 1609//5 1613//5
f 1612//5 1613//5 1616//5
f 1621//1 1622//1 1623//1
f 1621//1 1623//1 1624//1
f 1617//2 1618//2 1622//2
f 1617//2 1622//2 1621//2
f 1618//3 1619//3 1623//3
f 1618//3 1623//3 1622//3
f 1619//4 1620//4 1624//4
f 1619//4 1624//4 1623//4
f 1620//5 1617//5 1621//5
f 1620//5 1621//5 1624//5
f 1629//1 1630//1 1631//1
f 1629//1 1631//1 1632//1
f 1625//2 1626//2 1630//2
f 1625//2 1630//2 1629//2
f 1626//3 1627//3 1631//3
f 1626//3 1631//3 1630//3
f 1627//4 1628//4 1632//4
f 1627//4 1632//4 1631//4
f 1628//5 1625//5 1629//5
f 1628//5 1629//5 1632//5
f 1637//1 1638//1 1639//1
f 1637//1 1639//1 1640//1
f 1633//2 1634//2 1638//2
f 1633//2 1638//2 1637//2
f 1634//3 1635//3 1639//3
f 1634//3 1639//3 1638//3
f 1635//4 1636//4 1640//4
f 1635//4 1640//4 1639//4
f 1636//5 1633//5 1637//5
f 1636//5 1637//5 1640//5
f 1645//1 1646//1 1647//1
f 1645//1 1647//1 1648//1
f 1641//2 1642//2 1646//2
f 1641//2 1646//2 1645//2
f 1642//3 1643//3 1647//3
f 1642//3 1647//3 1646//3
f 1643//4 1644//4 1648//4
f 1643//4 1648//4 1647//4
f 1644//5 1641//5 1645//5
f 1644//5 1645//5 1648//5
f 1653//1 1654//1 1655//1
f 1653//1 1655//1 1656//1
f 1649//2 1650//2 1654//2
f 1649//2 1654//2 1653//2
f 1650//3 1651//3 1655//3
f 1650//3 1655//3 1654//3
f 1651//4 1652//4 1656//4
f 1651//4 1656//4 1655//4
f 1652//5 1649//5 1653//5
f 1652//5 1653//5 1656//5
f 1661//1 1662//1 1663//1
f 1661//1 1663//1 1664//1
f 1657//2 1658//2 1662//2
f 1657//2 1662//2 1661//2
f 1658//3 1659//3 1663//3
f 1658//3 1663//3 1662//3
f 1659//4 1660//4 1664//4
f 1659//4 1664//4 1663//4
f 1660//5 1657//5 1661//5
f 1660//5 1661//5 1664//5
f 1669//1 1670//1 1671//1
f 1669//1 1671//1 1672//1
f 1665//2 1666//2 1670//2
f 1665//2 1670//2 1669//2
f 1666//3 1667//3 1671//3
f 1666//3 1671//3 1670//3
f 1667//4 1668//4 1672//4
f 1667//4 1672//4 1671//4
f 1668//5 1665//5 1669//5
f 1668//5 1669//5 1672//5
f 1677//1 1678//1 1679//1
f 1677//1 1679//1 1680//1
f 1673//2 1674//2 1678//2
f 1673//2 1678//2 1677//2
f 1674//3 1675//3 1679//3
f 1674//3 1679//3 1678//3
f 1675//4 1676//4 1680//4
f 1675//4 1680//4 1679//4
f 1676//5 1673//5 1677//5
f 1676//5 1677//5 1680//5
f 1685//1 1686//1 1687//1
f 1685//1 1687//1 1688//1
f 1681//2 1682//2 1686//2
f 1681//2 1686//2 1685//2
f 1682//3 1683//3 1687//3
f 1682//3 1687//3 1686//3
f 1683//4 1684//4 1688//4
f 1683//4 1688//4 1687//4
f 1684//5 1681//5 1685//5
f 1684//5 1685//5 1688//5
f 1693//1 1694//1 1695//1
f 1693//1 1695//1 1696//1
f 1689//2 1690//2 1694//2
f 1689//2 1694//2 1693//2
f 1690//3 1691//3 1695//3
f 1690//3 1695//3 1694//3
f 1691//4 1692//4 1696//4
f 1691//4 1696//4 1695//4
f 1692//5 1689//5 1693//5
f 1692//5 1693//5 1696//5
f 1701//1 1702//1 1703//1
f 1701//1 1703//1 1704//1
f 1697//2 1698//2 1702//2
f 1697//2 1702//2 1701//2
f 1698//3 1699//3 1703//3
f 1698//3 1703//3 1702//3
f 1699//4 1700//4 1704//4
f 1699//4 1704//4 1703//4
f 1700//5 1697//5 1701//5
f 1700//5 1701//5 1704//5
f 1709//1 1710//1 1711//1
f 1709//1 1711//1 1712//1
f 1705//2 1706//2 1710//2
f 1705//2 1710//2 1709//2
f 1706//3 1707//3 1711//3
f 1706//3 1711//3 1710//3
f 1707//4 1708//4 1712//4
f 1707//4 1712//4 1711//4
f 1708//5 1705//5 1709//5
f 1708//5 1709//5 1712//5
f 1717//1 1718//1 1719//1
f 1717//1 1719//1 1720//1
f 1713//2 1714//2 1718//2
f 1713//2 1718//2 1717//2
f 1714//3 1715//3 1719//3
f 1714//3 1719//3 1718//3
f 1715//4 1716//4 1720//4
f 1715//4 1720//4 1719//4
f 1716//5 1713//5 1717//5
f 1716//5 1717//5 1720//5
f 1725//1 1726//1 1727//1
f 1725//1 1727//1 1728//1
f 1721//2 1722//2 1726//2
f 1721//2 1726//2 1725//2
f 1722//3 1723//3 1727//3
f 1722//3 1727//3 1726//3
f 1723//4 1724//4 1728//4
f 1723//4 1728//4 1727//4
f 1724//5 1721//5 1725//5
f 1724//5 1725//5 1728//5
f 1733//1 1734//1 1735//1
f 1733//1 1735//1 1736//1
f 1729//2 1730//2 1734//2
f 1729//2 1734//2 1733//2
f 1730//3 1731//3 1735//3
f 1730//3 1735//3 1734//3
f 1731//4 1732//4 1736//4
f 1731//4 1736//4 1735//4
f 1732//5 1729//5 1733//5
f 1732//5 1733//5 1736//5
f 1741//1 1742//1 1743//1
f 1741//1 1743//1 1744//1
f 1737//2 1738//2 1742//2
f 1737//2 1742//2 1741//2
f 1738//3 1739//3 1743//3
f 1738//3 1743//3 1742//3
f 1739//4 1740//4 1744//4
f 1739//4 1744//4 1743//4
f 1740//5 1737//5 1741//5
f 1740//5 1741//5 1744//5
f 1749//1 1750//1 1751//1
f 1749//1 1751//1 1752//1
f 1745//2 1746//2 1750//2
f 1745//2 1750//2 1749//2
f 1746//3 1747//3 1751//3
f 1746//3 1751//3 1750//3
f 1747//4 1748//4 1752//4
f 1747//4 1752//4 1751//4
f 1748//5 1745//5 1749//5
f 1748//5 1749//5 1752//5
f 1757//1 1758//1 1759//1
f 1757//1 1759//1 1760//1
f 1753//2 1754//2 1758//2
f 1753//2 1758//2 1757//2
f 1754//3 1755//3 1759//3
f 1754//3 1759//3 1758//3
f 1755//4 1756//4 1760//4
f 1755//4 1760//4 1759//4
f 1756//5 1753//5 1757//5
f 1756//5 1757//5 1760//5
f 1765//1 1766//1 1767//1
f 1765//1 1767//1 1768//1
f 1761//2 1762//2 1766//2
f 1761//2 1766//2 1765//2
f 1762//3 1763//3 1767//3
f 1762//3 1767//3 1766//3
f 1763//4 1764//4 1768//4
f 1763//4 1768//4 1767//4
f 1764//5 1761//5 1765//5
f 1764//5 1765//5 1768//5
f 1773//1 1774//1 1775//1
f 1773//1 1775//1 1776//1
f 1769//2 1770//2 1774//2
f 1769//2 1774//2 1773//2
f 1770//3 1771//3 1775//3
f 1770//3 1775//3 1774//3
f 1771//4 1772//4 1776//4
f 1771//4 1776//4 1775//4
f 1772//5 1769//5 1773//5
f 1772//5 1773//5 1776//5
f 1781//1 1782//1 1783//1
f 1781//1 1783//1 1784//1
f 1777//2 1778//2 1782//2
f 1777//2 1782//2 1781//2
f 1778//3 1779//3 1783//3
f 1778//3 1783//3 1782//3
f 1779//4 1780//4 1784//4
f 1779//4 1784//4 1783//4
f 1780//5 1777//5 1781//5
f 1780//5 1781//5 1784//5
f 1789//1 1790//1 1791//1
f 1789//1 1791//1 1792//1
f 1785//2 1786//2 1790//2
f 1785//2 1790//2 1789//2
f 1786//3 1787//3 1791//3
f 1786//3 1791//3 1790//3
f 1787//4 1788//4 1792//4
f 1787//4 1792//4 1791//4
f 1788//5 1785//5 1789//5
f 1788//5 1789//5 1792//5
f 1797//1 1798//1 1799//1
f 1797//1 1799//1 1800//1
f 1793//2 1794//2 1798//2
f 1793//2 1798//2 1797//2
f 1794//3 1795//3 1799//3
f 1794//3 1799//3 1798//3
f 1795//4 1796//4 1800//4
f 1795//4 1800//4 1799//4
f 1796//5 1793//5 1797//5
f 1796//5 1797//5 1800//5
f 1805//1 1806//1 1807//1
f 1805//1 1807//1 1808//1
f 1801//2 1802//2 1806//2
f 1801//2 1806//2 1805//2
f 1802//3 1803//3 1807//3
f 1802//3 1807//3 1806//3
f 1803//4 1804//4 1808//4
f 1803//4 1808//4 1807//4
f 1804//5 1801//5 1805//5
f 1804//5 1805//5 1808//5
f 1813//1 1814//1 1815//1
f 1813//1 1815//1 1816//1
f 1809//2 1810//2 1814//2
f 1809//2 1814//2 1813//2
f 1810//3 1811//3 1815//3
f 1810//3 1815//3 1814//3
f 1811//4 1812//4 1816//4
f 1811//4 1816//4 1815//4
f 1812//5 1809//5 1813//5
f 1812//5 1813//5 1816//5
f 1821//1 1822//1 1823//1
f 1821//1 1823//1 1824//1
f 1817//2 1818//2 1822//2
f 1817//2 1822//2 1821//2
f 1818//3 1819//3 1823//3
f 1818//3 1823//3 1822//3
f 1819//4 1820//4 1824//4
f 1819//4 1824//4 1823//4
f 1820//5 1817//5 1821//5
f 1820//5 1821//5 1824//5
f 1829//1 1830//1 1831//1
f 1829//1 1831//1 1832//1
f 1825//2 1826//2 1830//2
f 1825//2 1830//2 1829//2
f 1826//3 1827//3 1831//3
f 1826//3 1831//3 1830//3
f 1827//4 1828//4 1832//4
f 1827//4 1832//4 1831//4
f 1828//5 1825//5 1829//5
f 1828//5 1829//5 1832//5
f 1837//1 1838//1 1839//1
f 1837//1 1839//1 1840//1
f 1833//2 1834//2 1838//2
f 1833//2 1838//2 1837//2
f 1834//3 1835//3 1839//3
f 1834//3 1839//3 1838//3
f 1835//4 1836//4 1840//4
f 1835//4 1840//4 1839//4
f 1836//5 1833//5 1837//5
f 1836//5 1837//5 1840//5
f 1845//1 1846//1 1847//1
f 1845//1 1847//1 1848//1
f 1841//2 1842//2 1846//2
f 1841//2 1846//2 1845//2
f 1842//3 1843//3 1847//3
f 1842//3 1847//3 1846//3
f 1843//4 1844//4 1848//4
f 1843//4 1848//4 1847//4
f 1844//5 1841//5 1845//5
f 1844//5 1845//5 1848//5
f 1853//1 1854//1 1855//1
f 1853//1 1855//1 1856//1
f 1849//2 1850//2 1854//2
f 1849//2 1854//2 1853//2
f 1850//3 1851//3 1855//3
f 1850//3 1855//3 1854//3
f 1851//4 1852//4 1856//4
f 1851//4 1856//4 1855//4
f 1852//5 1849//5 1853//5
f 1852//5 1853//5 1856//5
f 1861//1 1862//1 1863//1
f 1861//1 1863//1 1864//1
f 1857//2 1858//2 1862//2
f 1857//2 1862//2 1861//2
f 1858//3 1859//3 1863//3
f 1858//3 1863//3 1862//3
f 1859//4 1860//4 1864//4
f 1859//4 1864//4 1863//4
f 1860//5 1857//5 1861//5
f 1860//5 1861//5 1864//5
f 1869//1 1870//1 1871//1
f 1869//1 1871//1 1872//1
f 1865//2 1866//2 1870//2
f 1865//2 1870//2 1869//2
f 1866//3 1867//3 1871//3
f 1866//3 1871//3 1870//3
f 1867//4 1868//4 1872//4
f 1867//4 1872//4 1871//4
f 1868//5 1865//5 1869//5
f 1868//5 1869//5 1872//5
f 1877//1 1878//1 1879//1
f 1877//1 1879//1 1880//1
f 1873//2 1874//2 1878//2
f 1873//2 1878//2 1877//2
f 1874//3 1875//3 1879//3
f 1874//3 1879//3 1878//3
f 1875//4 1876//4 1880//4
f 1875//4 1880//4 1879//4
f 1876//5 1873//5 1877//5
f 1876//5 1877//5 1880//5
f 1885//1 1886//1 1887//1
f 1885//1 1887//1 1888//1
f 1881//2 1882//2 1886//2
f 1881//2 1886//2 1885//2
f 1882//3 1883//3 1887//3
f 1882//3 1887//3 1886//3
f 1883//4 1884//4 1888//4
f 1883//4 1888//4 1887//4
f 1884//5 1881//5 1885//5
f 1884//5 1885//5 1888//5
f 1893//1 1894//1 1895//1
f 1893//1 1895//1 1896//1
f 1889//2 1890//2 1894//2
f 1889//2 1894//2 1893//2
f 1890//3 1891//3 1895//3
f 1890//3 1895//3 1894//3
f 1891//4 1892//4 1896//4
f 1891//4 1896//4 1895//4
f 1892//5 1889//5 1893//5
f 1892//5 1893//5 1896//5
f 1901//1 1902//1 1903//1
f 1901//1 1903//1 1904//1
f 1897//2 1898//2 1902//2
f 1897//2 1902//2 1901//2
f 1898//3 1899//3 1903//3
f 1898//3 1903//3 1902//3
f 1899//4 1900//4 1904//4
f 1899//4 1904//4 1903//4
f 1900//5 1897//5 1901//5
f 1900//5 1901//5 1904//5
f 1909//1 1910//1 1911//1
f 1909//1 1911//1 1912//1
f 1905//2 1906//2 1910//2
f 1905//2 1910//2 1909//2
f 1906//3 1907//3 1911//3
f 1906//3 1911//3 1910//3
f 1907//4 1908//4 1912//4
f 1907//4 1912//4 1911//4
f 1908//5 1905//5 1909//5
f 1908//5 1909//5 1912//5
f 1917//1 1918//1 1919//1
f 1917//1 1919//1 1920//1
f 1913//2 1914//2 1918//2
f 1913//2 1918//2 1917//2
f 1914//3 1915//3 1919//3
f 1914//3 1919//3 1918//3
f 1915//4 1916//4 1920//4
f 1915//4 1920//4 1919//4
f 1916//5 1913//5 1917//5
f 1916//5 1917//5 1920//5
f 1925//1 1926//1 1927//1
f 1925//1 1927//1 1928//1
f 1921//2 1922//2 1926//2
f 1921//2 1926//2 1925//2
f 1922//3 1923//3 1927//3
f 1922//3 1927//3 1926//3
f 1923//4 1924//4 1928//4
f 1923//4 1928//4 1927//4
f 1924//5 1921//5 1925//5
f 1924//5 1925//5 1928//5
f 1933//1 1934//1 1935//1
f 1933//1 1935//1 1936//1
f 1929//2 1930//2 1934//2
f 1929//2 1934//2 1933//2
f 1930//3 1931//3 1935//3
f 1930//3 1935//3 1934//3
f 1931//4 1932//4 1936//4
f 1931//4 1936//4 1935//4
f 1932//5 1929//5 1933//5
f 1932//5 1933//5 1936//5
f 1941//1 1942//1 1943//1
f 1941//1 1943//1 1944//1
f 1937//2 1938//2 1942//2
f 1937//2 1942//2 1941//2
f 1938//3 1939//3 1943//3
f 1938//3 1943//3 1942//3
f 1939//4 1940//4 1944//4
f 1939//4 1944//4 1943//4
f 1940//5 1937//5 1941//5
f 1940//5 1941//5 1944//5
f 1949//1 1950//1 1951//1
f 1949//1 1951//1 1952//1
f 1945//2 1946//2 1950//2
f 1945//2 1950//2 1949//2
f 1946//3 1947//3 1951//3
f 1946//3 1951//3 1950//3
f 1947//4 1948//4 1952//4
f 1947//4 1952//4 1951//4
f 1948//5 1945//5 1949//5
f 1948//5 1949//5 1952//5
f 1957//1 1958//1 1959//1
f 1957//1 1959//1 1960//1
f 1953//2 1954//2 1958//2
f 1953//2 1958//2 1957//2
f 1954//3 1955//3 1959//3
f 1954//3 1959//3 1958//3
f 1955//4 1956//4 1960//4
f 1955//4 1960//4 1959//4
f 1956//5 1953//5 1957//5
f 1956//5 1957//5 1960//5
f 1965//1 1966//1 1967//1
f 1965//1 1967//1 1968//1
f 1961//2 1962//2 1966//2
f 1961//2 1966//2 1965//2
f 1962//3 1963//3 1967//3
f 1962//3 1967//3 1966//3
f 1963//4 1964//4 1968//4
f 1963//4 1968//4 1967//4
f 1964//5 1961//5 1965//5
f 1964//5 1965//5 1968//5
f 1973//1 1974//1 1975//1
f 1973//1 1975//1 1976//1
f 1969//2 1970//2 1974//2
f 1969//2 1974//2 1973//2
f 1970//3 1971//3 1975//3
f 1970//3 1975//3 1974//3
f 1971//4 1972//4 1976//4
f 1971//4 1976//4 1975//4
f 1972//5 1969//5 1973//5
f 1972//5 1973//5 1976//5
f 1981//1 1982//1 1983//1
f 1981//1 1983//1 1984//1
f 1977//2 1978//2 1982//2
f 1977//2 1982//2 1981//2
f 1978//3 1979//3 1983//3
f 1978//3 1983//3 1982//3
f 1979//4 1980//4 1984//4
f 1979//4 1984//4 1983//4
f 1980//5 1977//5 1981//5
f 1980//5 1981//5 1984//5
f 1989//1 1990//1 1991//1
f 1989//1 1991//1 1992//1
f 1985//2 1986//2 1990//2
f 1985//2 1990//2 1989//2
f 1986//3 1987//3 1991//3
f 1986//3 1991//3 1990//3
f 1987//4 1988//4 1992//4
f 1987//4 1992//4 1991//4
f 1988//5 1985//5 1989//5
f 1988//5 1989//5 1992//5
f 1997//1 1998//1 1999//1
f 1997//1 1999//1 2000//1
f 1993//2 1994//2 1998//2
f 1993//2 1998//2 1997//2
f 1994//3 1995//3 1999//3
f 1994//3 1999//3 1998//3
f 1995//4 1996//4 2000//4
f 1995//4 2000//4 1999//4
f 1996//5 1993//5 1997//5
f 1996//5 1997//5 2000//5
f 2005//1 2006//1 2007//1
f 2005//1 2007//1 2008//1
f 2001//2 2002//2 2006//2
f 2001//2 2006//2 2005//2
f 2002//3 2003//3 2007//3
f 2002//3 2007//3 2006//3
f 2003//4 2004//4 2008//4
f 2003//4 2008//4 2007//4
f 2004//5 2001//5 2005//5
f 2004//5 2005//5 2008//5
f 2013//1 2014//1 2015//1
f 2013//1 2015//1 2016//1
f 2009//2 2010//2 2014//2
f 2009//2 2014//2 2013//2
f 2010//3 2011//3 2015//3
f 2010//3 2015//3 2014//3
f 2011//4 2012//4 2016//4
f 2011//4 2016//4 2015//4
f 2012//5 2009//5 2013//5
f 2012//5 2013//5 2016//5
f 2021//1 2022//1 2023//1
f 2021//1 2023//1 2024//1
f 2017//2 2018//2 2022//2
f 2017//2 2022//2 2021//2
f 2018//3 2019//3 2023//3
f 2018//3 2023//3 2022//3
f 2019//4 2020//4 2024//4
f 2019//4 2024//4 2023//4
f 2020//5 2017//5 2021//5
f 2020//5 2021//5 2024//5
f 2029//1 2030//1 2031//1
f 2029//1 2031//1 2032//1
f 2025//2 2026//2 2030//2
f 2025//2 2030//2 2029//2
f 2026//3 2027//3 2031//3
f 2026//3 2031//3 2030//3
f 2027//4 2028//4 2032//4
f 2027//4 2032//4 2031//4
f 2028//5 2025//5 2029//5
f 2028//5 2029//5 2032//5
f 2037//1 2038//1 2039//1
f 2037//1 2039//1 2040//1
f 2033//2 2034//2 2038//2
f 2033//2 2038//2 2037//2
f 2034//3 2035//3 2039//3
f 2034//3 2039//3 2038//3
f 2035//4 2036//4 2040//4
f 2035//4 2040//4 2039//4
f 2036//5 2033//5 2037//5
f 2036//5 2037//5 2040//5
f 2045//1 2046//1 2047//1
f 2045//1 2047//1 2048//1
f 2041//2 2042//2 2046//2
f 2041//2 2046//2 2045//2
f 2042//3 2043//3 2047//3
f 2042//3 2047//3 2046//3
f 2043//4 2044//4 2048//4
f 2043//4 2048//4 2047//4
f 2044//5 2041//5 2045//5
f 2044//5 2045//5 2048//5
f 2053//1 2054//1 2055//1
f 2053//1 2055//1 2056//1
f 2049//2 2050//2 2054//2
f 2049//2 2054//2 2053//2
f 2050//3 2051//3 2055//3
f 2050//3 2055//3 2054//3
f 2051//4 2052//4 2056//4
f 2051//4 2056//4 2055//4
f 2052//5 2049//5 2053//5
f 2052//5 2053//5 2056//5
f 2061//1 2062//1 2063//1
f 2061//1 2063//1 2064//1
f 2057//2 2058//2 2062//2
f 2057//2 2062//2 2061//2
f 2058//3 2059//3 2063//3
f 2058//3 2063//3 2062//3
f 2059//4 2060//4 2064//4
f 2059//4 2064//4 2063//4
f 2060//5 2057//5 2061//5
f 2060//5 2061//5 2064//5
f 2069//1 2070//1 2071//1
f 2069//1 2071//1 2072//1
f 2065//2 2066//2 2070//2
f 2065//2 2070//2 2069//2
f 2066//3 2067//3 2071//3
f 2066//3 2071//3 2070//3
f 2067//4 2068//4 2072//4
f 2067//4 2072//4 2071//4
f 2068//5 2065//5 2069//5
f 2068//5 2069//5 2072//5
f 2077//1 2078//1 2079//1
f 2077//1 2079//1 2080//1
f 2073//2 2074//2 2078//2
f 2073//2 2078//2 2077//2
f 2074//3 2075//3 2079//3
f 2074//3 2079//3 2078//3
f 2075//4 2076//4 2080//4
f 2075//4 2080//4 2079//4
f 2076//5 2073//5 2077//5
f 2076//5 2077//5 2080//5
f 2085//1 2086//1 2087//1
f 2085//1 2087//1 2088//1
f 2081//2 2082//2 2086//2
f 2081//2 2086//2 2085//2
f 2082//3 2083//3 2087//3
f 2082//3 2087//3 2086//3
f 2083//4 2084//4 2088//4
f 2083//4 2088//4 2087//4
f 2084//5 2081//5 2085//5
f 2084//5 2085//5 2088//5
f 2093//1 2094//1 2095//1
f 2093//1 2095//1 2096//1
f 2089//2 2090//2 2094//2
f 2089//2 2094//2 2093//2
f 2090//3 2091//3 2095//3
f 2090//3 2095//3 2094//3
f 2091//4 2092//4 2096//4
f 2091//4 2096//4 2095//4
f 2092//5 2089//5 2093//5
f 2092//5 2093//5 2096//5
f 2101//1 2102//1 2103//1
f 2101//1 2103//1 2104//1
f 2097//2 2098//2 2102//2
f 2097//2 2102//2 2101//2
f 2098//3 2099//3 2103//3
f 2098//3 2103//3 2102//3
f 2099//4 2100//4 2104//4
f 2099//4 2104//4 2103//4
f 2100//5 2097//5 2101//5
f 2100//5 2101//5 2104//5
f 2109//1 2110//1 2111//1
f 2109//1 2111//1 2112//1
f 2105//2 2106//2 2110//2
f 2105//2 2110//2 2109//2
f 2106//3 2107//3 2111//3
f 2106//3 2111//3 2110//3
f 2107//4 2108//4 2112//4
f 2107//4 2112//4 2111//4
f 2108//5 2105//5 2109//5
f 2108//5 2109//5 2112//5
f 2117//1 2118//1 2119//1
f 2117//1 2119//1 2120//1
f 2113//2 2114//2 2118//2
f 2113//2 2118//2 2117//2
f 2114//3 2115//3 2119//3
f 2114//3 2119//3 2118//3
f 2115//4 2116//4 2120//4
f 2115//4 2120//4 2119//4
f 2116//5 2113//5 2117//5
f 2116//5 2117//5 2120//5
f 2125//1 2126//1 2127//1
f 2125//1 2127//1 2128//1
f 2121//2 2122//2 2126//2
f 2121//2 2126//2 2125//2
f 2122//3 2123//3 2127//3
f 2122//3 2127//3 2126//3
f 2123//4 2124//4 2128//4
f 2123//4 2128//4 2127//4
f 2124//5 2121//5 2125//5
f 2124//5 2125//5 2128//5
f 2133//1 2134//1 2135//1
f 2133//1 2135//1 2136//1
f 2129//2 2130//2 2134//2
f 2129//2 2134//2 2133//2
f 2130//3 2131//3 2135//3
f 2130//3 2135//3 2134//3
f 2131//4 2132//4 2136//4
f 2131//4 2136//4 2135//4
f 2132//5 2129//5 2133//5
f 2132//5 2133//5 2136//5
f 2141//1 2142//1 2143//1
f 2141//1 2143//1 2144//1
f 2137//2 2138//2 2142//2
f 2137//2 2142//2 2141//2
f 2138//3 2139//3 2143//3
f 2138//3 2143//3 2142//3
f 2139//4 2140//4 2144//4
f 2139//4 2144//4 2143//4
f 2140//5 2137//5 2141//5
f 2140//5 2141//5 2144//5
f 2149//1 2150//1 2151//1
f 2149//1 2151//1 2152//1
f 2145//2 2146//2 2150//2
f 2145//2 2150//2 2149//2
f 2146//3 2147//3 2151//3
f 2146//3 2151//3 2150//3
f 2147//4 2148//4 2152//4
f 2147//4 2152//4 2151//4
f 2148//5 2145//5 2149//5
f 2148//5 2149//5 2152//5
f 2157//1 2158//1 2159//1
f 2157//1 2159//1 2160//1
f 2153//2 2154//2 2158//2
f 2153//2 2158//2 2157//2
f 2154//3 2155//3 2159//3
f 2154//3 2159//3 2158//3
f 2155//4 2156//4 2160//4
f 2155//4 2160//4 2159//4
f 2156//5 2153//5 2157//5
f 2156//5 2157//5 2160//5
f 2165//1 2166//1 2167//1
f 2165//1 2167//1 2168//1
f 2161//2 2162//2 2166//2
f 2161//2 2166//2 2165//2
f 2162//3 2163//3 2167//3
f 2162//3 2167//3 2166//3
f 2163//4 2164//4 2168//4
f 2163//4 2168//4 2167//4
f 2164//5 2161//5 2165//5
f 2164//5 2165//5 2168//5
f 2173//1 2174//1 2175//1
f 2173//1 2175//1 2176//1
f 2169//2 2170//2 2174//2
f 2169//2 2174//2 2173//2
f 2170//3 2171//3 2175//3
f 2170//3 2175//3 2174//3
f 2171//4 2172//4 2176//4
f 2171//4 2176//4 2175//4
f 2172//5 2169//5 2173//5
f 2172//5 2173//5 2176//5
f 2181//1 2182//1 2183//1
f 2181//1 2183//1 2184//1
f 2177//2 2178//2 2182//2
f 2177//2 2182//2 2181//2
f 2178//3 2179//3 2183//3
f 2178//3 2183//3 2182//3
f 2179//4 2180//4 2184//4
f 2179//4 2184//4 2183//4
f 2180//5 2177//5 2181//5
f 2180//5 2181//5 2184//5
f 2189//1 2190//1 2191//1
f 2189//1 2191//1 2192//1
f 2185//2 2186//2 2190//2
f 2185//2 2190//2 2189//2
f 2186//3 2187//3 2191//3
f 2186//3 2191//3 2190//3
f 2187//4 2188//4 2192//4
f 2187//4 2192//4 2191//4
f 2188//5 2185//5 2189//5
f 2188//5 2189//5 2192//5
f 2197//1 2198//1 2199//1
f 2197//1 2199//1 2200//1
f 2193//2 2194//2 2198//2
f 2193//2 2198//2 2197//2
f 2194//3 2195//3 2199//3
f 2194//3 2199//3 2198//3
f 2195//4 2196//4 2200//4
f 2195//4 2200//4 2199//4
f 2196//5 2193//5 2197//5
f 2196//5 2197//5 2200//5
f 2205//1 2206//1 2207//1
f 2205//1 2207//1 2208//1
f 2201//2 2202//2 2206//2
f 2201//2 2206//2 2205//2
f 2202//3 2203//3 2207//3
f 2202//3 2207//3 2206//3
f 2203//4 2204//4 2208//4
f 2203//4 2208//4 2207//4
f 2204//5 2201//5 2205//5
f 2204//5 2205//5 2208//5
f 2213//1 2214//1 2215//1
f 2213//1 2215//1 2216//1
f 2209//2 2210//2 2214//2
f 2209//2 2214//2 2213//2
f 2210//3 2211//3 2215//3
f 2210//3 2215//3 2214//3
f 2211//4 2212//4 2216//4
f 2211//4 2216//4 2215//4
f 2212//5 2209//5 2213//5
f 2212//5 2213//5 2216//5
f 2221//1 2222//1 2223//1
f 2221//1 2223//1 2224//1
f 2217//2 2218//2 2222//2
f 2217//2 2222//2 2221//2
f 2218//3 2219//3 2223//3
f 2218//3 2223//3 2222//3
f 2219//4 2220//4 2224//4
f 2219//4 2224//4 2223//4
f 2220//5 2217//5 2221//5
f 2220//5 2221//5 2224//5
f 2229//1 2230//1 2231//1
f 2229//1 2231//1 2232//1
f 2225//2 2226//2 2230//2
f 2225//2 2230//2 2229//2
f 2226//3 2227//3 2231//3
f 2226//3 2231//3 2230//3
f 2227//4 2228//4 2232//4
f 2227//4 2232//4 2231//4
f 2228//5 2225//5 2229//5
f 2228//5 2229//5 2232//5
f 2237//1 2238//1 2239//1
f 2237//1 2239//1 2240//1
f 2233//2 2234//2 2238//2
f 2233//2 2238//2 2237//2
f 2234//3 2235//3 2239//3
f 2234//3 2239//3 2238//3
f 2235//4 2236//4 2240//4
f 2235//4 2240//4 2239//4
f 2236//5 2233//5 2237//5
f 2236//5 2237//5 2240//5
f 2245//1 2246//1 2247//1
f 2245//1 2247//1 2248//1
f 2241//2 2242//2 2246//2
f 2241//2 2246//2 2245//2
f 2242//3 2243//3 2247//3
f 2242//3 2247//3 2246//3
f 2243//4 2244//4 2248//4
f 2243//4 2248//4 2247//4
f 2244//5 2241//5 2245//5
f 2244//5 2245//5 2248//5
f 2253//1 2254//1 2255//1
f 2253//1 2255//1 2256//1
f 2249//2 2250//2 2254//2
f 2249//2 2254//2 2253//2
f 2250//3 2251//3 2255//3
f 2250//3 2255//3 2254//3
f 2251//4 2252//4 2256//4
f 2251//4 2256//4 2255//4
f 2252//5 2249//5 2253//5
f 2252//5 2253//5 2256//5
f 2261//1 2262//1 2263//1
f 2261//1 2263//1 2264//1
f 2257//2 2258//2 2262//2
f 2257//2 2262//2 2261//2
f 2258//3 2259//3 2263//3
f 2258//3 2263//3 2262//3
f 2259//4 2260//4 2264//4
f 2259//4 2264//4 2263//4
f 2260//5 2257//5 2261//5
f 2260//5 2261//5 2264//5
f 2269//1 2270//1 2271//1
f 2269//1 2271//1 2272//1
f 2265//2 2266//2 2270//2
f 2265//2 2270//2 2269//2
f 2266//3 2267//3 2271//3
f 2266//3 2271//3 2270//3
f 2267//4 2268//4 2272//4
f 2267//4 2272//4 2271//4
f 2268//5 2265//5 2269//5
f 2268//5 2269//5 2272//5
f 2277//1 2278//1 2279//1
f 2277//1 2279//1 2280//1
f 2273//2 2274//2 2278//2
f 2273//2 2278//2 2277//2
f 2274//3 2275//3 2279//3
f 2274//3 2279//3 2278//3
f 2275//4 2276//4 2280//4
f 2275//4 2280//4 2279//4
f 2276//5 2273//5 2277//5
f 2276//5 2277//5 2280//5
f 2285//1 2286//1 2287//1
f 2285//1 2287//1 2288//1
f 2281//2 2282//2 2286//2
f 2281//2 2286//2 2285//2
f 2282//3 2283//3 2287//3
f 2282//3 2287//3 2286//3
f 2283//4 2284//4 2288//4
f 2283//4 2288//4 2287//4
f 2284//5 2281//5 2285//5
f 2284//5 2285//5 2288//5
f 2293//1 2294//1 2295//1
f 2293//1 2295//1 2296//1
f 2289//2 2290//2 2294//2
f 2289//2 2294//2 2293//2
f 2290//3 2291//3 2295//3
f 2290//3 2295//3 2294//3
f 2291//4 2292//4 2296//4
f 2291//4 2296//4 2295//4
f 2292//5 2289//5 2293//5
f 2292//5 2293//5 2296//5
f 2301//1 2302//1 2303//1
f 2301//1 2303//1 2304//1
f 2297//2 2298//2 2302//2
f 2297//2 2302//2 2301//2
f 2298//3 2299//3 2303//3
f 2298//3 2303//3 2302//3
f 2299//4 2300//4 2304//4
f 2299//4 2304//4 2303//4
f 2300//5 2297//5 2301//5
f 2300//5 2301//5 2304//5
f 2309//1 2310//1 2311//1
f 2309//1 2311//1 2312//1
f 2305//2 2306//2 2310//2
f 2305//2 2310//2 2309//2
f 2306//3 2307//3 2311//3
f 2306//3 2311//3 2310//3
f 2307//4 2308//4 2312//4
f 2307//4 2312//4 2311//4
f 2308//5 2305//5 2309//5
f 2308//5 2309//5 2312//5
f 2317//1 2318//1 2319//1
f 2317//1 2319//1 2320//1
f 2313//2 2314//2 2318//2
f 2313//2 2318//2 2317//2
f 2314//3 2315//3 2319//3
f 2314//3 2319//3 2318//3
f 2315//4 2316//4 2320//4
f 2315//4 2320//4 2319//4
f 2316//5 2313//5 2317//5
f 2316//5 2317//5 2320//5
f 2325//1 2326//1 2327//1
f 2325//1 2327//1 2328//1
f 2321//2 2322//2 2326//2
f 2321//2 2326//2 2325//2
f 2322//3 2323//3 2327//3
f 2322//3 2327//3 2326//3
f 2323//4 2324//4 2328//4
f 2323//4 2328//4 2327//4
f 2324//5 2321//5 2325//5
f 2324//5 2325//5 2328//5
f 2333//1 2334//1 2335//1
f 2333//1 2335//1 2336//1
f 2329//2 2330//2 2334//2
f 2329//2 2334//2 2333//2
f 2330//3 2331//3 2335//3
f 2330//3 2335//3 2334//3
f 2331//4 2332//4 2336//4
f 2331//4 2336//4 2335//4
f 2332//5 2329//5 2333//5
f 2332//5 2333//5 2336//5
f 2341//1 2342//1 2343//1
f 2341//1 2343//1 2344//1
f 2337//2 2338//2 2342//2
f 2337//2 2342//2 2341//2
f 2338//3 2339//3 2343//3
f 2338//3 2343//3 2342//3
f 2339//4 2340//4 2344//4
f 2339//4 2344//4 2343//4
f 2340//5 2337//5 2341//5
f 2340//5 2341//5 2344//5
f 2349//1 2350//1 2351//1
f 2349//1 2351//1 2352//1
f 2345//2 2346//2 2350//2
f 2345//2 2350//2 2349//2
f 2346//3 2347//3 2351//3
f 2346//3 2351//3 2350//3
f 2347//4 2348//4 2352//4
f 2347//4 2352//4 2351//4
f 2348//5 2345//5 2349//5
f 2348//5 2349//5 2352//5
f 2357//1 2358//1 2359//1
f 2357//1 2359//1 2360//1
f 2353//2 2354//2 2358//2
f 2353//2 2358//2 2357//2
f 2354//3 2355//3 2359//3
f 2354//3 2359//3 2358//3
f 2355//4 2356//4 2360//4
f 2355//4 2360//4 2359//4
f 2356//5 2353//5 2357//5
f 2356//5 2357//5 2360//5
f 2365//1 2366//1 2367//1
f 2365//1 2367//1 2368//1
f 2361//2 2362//2 2366//2
f 2361//2 2366//2 2365//2
f 2362//3 2363//3 2367//3
f 2362//3 2367//3 2366//3
f 2363//4 2364//4 2368//4
f 2363//4 2368//4 2367//4
f 2364//5 2361//5 2365//5
f 2364//5 2365//5 2368//5
f 2373//1 2374//1 2375//1
f 2373//1 2375//1 2376//1
f 2369//2 2370//2 2374//2
f 2369//2 2374//2 2373//2
f 2370//3 2371//3 2375//3
f 2370//3 2375//3 2374//3
f 2371//4 2372//4 2376//4
f 2371//4 2376//4 2375//4
f 2372//5 2369//5 2373//5
f 2372//5 2373//5 2376//5
f 2381//1 2382//1 2383//1
f 2381//1 2383//1 2384//1
f 2377//2 2378//2 2382//2
f 2377//2 2382//2 2381//2
f 2378//3 2379//3 2383//3
f 2378//3 2383//3 2382//3
f 2379//4 2380//4 2384//4
f 2379//4 2384//4 2383//4
f 2380//5 2377//5 2381//5
f 2380//5 2381//5 2384//5
f 2389//1 2390//1 2391//1
f 2389//1 2391//1 2392//1
f 2385//2 2386//2 2390//2
f 2385//2 2390//2 2389//2
f 2386//3 2387//3 2391//3
f 2386//3 2391//3 2390//3
f 2387//4 2388//4 2392//4
f 2387//4 2392//4 2391//4
f 2388//5 2385//5 2389//5
f 2388//5 2389//5 2392//5
f 2397//1 2398//1 2399//1
f 2397//1 2399//1 2400//1
f 2393//2 2394//2 2398//2
f 2393//2 2398//2 2397//2
f 2394//3 2395//3 2399//3
f 2394//3 2399//3 2398//3
f 2395//4 2396//4 2400//4
f 2395//4 2400//4 2399//4
f 2396//5 2393//5 2397//5
f 2396//5 2397//5 2400//5
f 2405//1 2406//1 2407//1
f 2405//1 2407//1 2408//1
f 2401//2 2402//2 2406//2
f 2401//2 2406//2 2405//2
f 2402//3 2403//3 2407//3
f 2402//3 2407//3 2406//3
f 2403//4 2404//4 2408//4
f 2403//4 2408//4 2407//4
f 2404//5 2401//5 2405//5
f 2404//5 2405//5 2408//5
f 2413//1 2414//1 2415//1
f 2413//1 2415//1 2416//1
f 2409//2 2410//2 2414//2
f 2409//2 2414//2 2413//2
f 2410//3 2411//3 2415//3
f 2410//3 2415//3 2414//3
f 2411//4 2412//4 2416//4
f 2411//4 2416//4 2415//4
f 2412//5 2409//5 2413//5
f 2412//5 2413//5 2416//5
f 2421//1 2422//1 2423//1
f 2421//1 2423//1 2424//1
f 2417//2 2418//2 2422//2
f 2417//2 2422//2 2421//2
f 2418//3 2419//3 2423//3
f 2418//3 2423//3 2422//3
f 2419//4 2420//4 2424//4
f 2419//4 2424//4 2423//4
f 2420//5 2417//5 2421//5
f 2420//5 2421//5 2424//5
f 2429//1 2430//1 2431//1
f 2429//1 2431//1 2432//1
f 2425//2 2426//2 2430//2
f 2425//2 2430//2 2429//2
f 2426//3 2427//3 2431//3
f 2426//3 2431//3 2430//3
f 2427//4 2428//4 2432//4
f 2427//4 2432//4 2431//4
f 2428//5 2425//5 2429//5
f 2428//5 2429//5 2432//5
f 2437//1 2438//1 2439//1
f 2437//1 2439//1 2440//1
f 2433//2 2434//2 2438//2
f 2433//2 2438//2 2437//2
f 2434//3 2435//3 2439//3
f 2434//3 2439//3 2438//3
f 2435//4 2436//4 2440//4
f 2435//4 2440//4 2439//4
f 2436//5 2433//5 2437//5
f 2436//5 2437//5 2440//5
f 2445//1 2446//1 2447//1
f 2445//1 2447//1 2448//1
f 2441//2 2442//2 2446//2
f 2441//2 2446//2 2445//2
f 2442//3 2443//3 2447//3
f 2442//3 2447//3 2446//3
f 2443//4 2444//4 2448//4
f 2443//4 2448//4 2447//4
f 2444//5 2441//5 2445//5
f 2444//5 2445//5 2448//5
f 2453//1 2454//1 2455//1
f 2453//1 2455//1 2456//1
f 2449//2 2450//2 2454//2
f 2449//2 2454//2 2453//2
f 2450//3 2451//3 2455//3
f 2450//3 2455//3 2454//3
f 2451//4 2452//4 2456//4
f 2451//4 2456//4 2455//4
f 2452//5 2449//5 2453//5
f 2452//5 2453//5 2456//5
f 2461//1 2462//1 2463//1
f 2461//1 2463//1 2464//1
f 2457//2 2458//2 2462//2
f 2457//2 2462//2 2461//2
f 2458//3 2459//3 2463//3
f 2458//3 2463//3 2462//3
f 2459//4 2460//4 2464//4
f 2459//4 2464//4 2463//4
f 2460//5 2457//5 2461//5
f 2460//5 2461//5 2464//5
f 2469//1 2470//1 2471//1
f 2469//1 2471//1 2472//1
f 2465//2 2466//2 2470//2
f 2465//2 2470//2 2469//2
f 2466//3 2467//3 2471//3
f 2466//3 2471//3 2470//3
f 2467//4 2468//4 2472//4
f 2467//4 2472//4 2471//4
f 2468//5 2465//5 2469//5
f 2468//5 2469//5 2472//5
f 2477//1 2478//1 2479//1
f 2477//1 2479//1 2480//1
f 2473//2 2474//2 2478//2
f 2473//2 2478//2 2477//2
f 2474//3 2475//3 2479//3
f 2474//3 2479//3 2478//3
f 2475//4 2476//4 2480//4
f 2475//4 2480//4 2479//4
f 2476//5 2473//5 2477//5
f 2476//5 2477//5 2480//5
f 2485//1 2486//1 2487//1
f 2485//1 2487//1 2488//1
f 2481//2 2482//2 2486//2
f 2481//2 2486//2 2485//2
f 2482//3 2483//3 2487//3
f 2482//3 2487//3 2486//3
f 2483//4 2484//4 2488//4
f 2483//4 2488//4 2487//4
f 2484//5 2481//5 2485//5
f 2484//5 2485//5 2488//5
f 2493//1 2494//1 2495//1
f 2493//1 2495//1 2496//1
f 2489//2 2490//2 2494//2
f 2489//2 2494//2 2493//2
f 2490//3 2491//3 2495//3
f 2490//3 2495//3 2494//3
f 2491//4 2492//4 2496//4
f 2491//4 2496//4 2495//4
f 2492//5 2489//5 2493//5
f 2492//5 2493//5 2496//5
f 2501//1 2502//1 2503//1
f 2501//1 2503//1 2504//1
f 2497//2 2498//2 2502//2
f 2497//2 2502//2 2501//2
f 2498//3 2499//3 2503//3
f 2498//3 2503//3 2502//3
f 2499//4 2500//4 2504//4
f 2499//4 2504//4 2503//4
f 2500//5 2497//5 2501//5
f 2500//5 2501//5 2504//5
f 2509//1 2510//1 2511//1
f 2509//1 2511//1 2512//1
f 2505//2 2506//2 2510//2
f 2505//2 2510//2 2509//2
f 2506//3 2507//3 2511//3
f 2506//3 2511//3 2510//3
f 2507//4 2508//4 2512//4
f 2507//4 2512//4 2511//4
f 2508//5 2505//5 2509//5
f 2508//5 2509//5 2512//5
f 2517//1 2518//1 2519//1
f 2517//1 2519//1 2520//1
f 2513//2 2514//2 2518//2
f 2513//2 2518//2 2517//2
f 2514//3 2515//3 2519//3
f 2514//3 2519//3 2518//3
f 2515//4 2516//4 2520//4
f 2515//4 2520//4 2519//4
f 2516//5 2513//5 2517//5
f 2516//5 2517//5 2520//5
f 2525//1 2526//1 2527//1
f 2525//1 2527//1 2528//1
f 2521//2 2522//2 2526//2
f 2521//2 2526//2 2525//2
f 2522//3 2523//3 2527//3
f 2522//3 2527//3 2526//3
f 2523//4 2524//4 2528//4
f 2523//4 2528//4 2527//4
f 2524//5 2521//5 2525//5
f 2524//5 2525//5 2528//5
f 2533//1 2534//1 2535//1
f 2533//1 2535//1 2536//1
f 2529//2 2530//2 2534//2
f 2529//2 2534//2 2533//2
f 2530//3 2531//3 2535//3
f 2530//3 2535//3 2534//3
f 2531//4 2532//4 2536//4
f 2531//4 2536//4 2535//4
f 2532//5 2529//5 2533//5
f 2532//5 2533//5 2536//5
f 2541//1 2542//1 2543//1
f 2541//1 2543//1 2544//1
f 2537//2 2538//2 2542//2
f 2537//2 2542//2 2541//2
f 2538//3 2539//3 2543//3
f 2538//3 2543//3 2542//3
f 2539//4 2540//4 2544//4
f 2539//4 2544//4 2543//4
f 2540//5 2537//5 2541//5
f 2540//5 2541//5 2544//5
f 2549//1 2550//1 2551//1
f 2549//1 2551//1 2552//1
f 2545//2 2546//2 2550//2
f 2545//2 2550//2 2549//2
f 2546//3 2547//3 2551//3
f 2546//3 2551//3 2550//3
f 2547//4 2548//4 2552//4
f 2547//4 2552//4 2551//4
f 2548//5 2545//5 2549//5
f 2548//5 2549//5 2552//5
f 2557//1 2558//1 2559//1
f 2557//1 2559//1 2560//1
f 2553//2 2554//2 2558//2
f 2553//2 2558//2 2557//2
f 2554//3 2555//3 2559//3
f 2554//3 2559//3 2558//3
f 2555//4 2556//4 2560//4
f 2555//4 2560//4 2559//4
f 2556//5 2553//5 2557//5
f 2556//5 2557//5 2560//5
f 2565//1 2566//1 2567//1
f 2565//1 2567//1 2568//1
f 2561//2 2562//2 2566//2
f 2561//2 2566//2 2565//2
f 2562//3 2563//3 2567//3
f 2562//3 2567//3 2566//3
f 2563//4 2564//4 2568//4
f 2563//4 2568//4 2567//4
f 2564//5 2561//5 2565//5
f 2564//5 2565//5 2568//5
f 2573//1 2574//1 2575//1
f 2573//1 2575//1 2576//1
f 2569//2 2570//2 2574//2
f 2569//2 2574//2 2573//2
f 2570//3 2571//3 2575//3
f 2570//3 2575//3 2574//3
f 2571//4 2572//4 2576//4
f 2571//4 2576//4 2575//4
f 2572//5 2569//5 2573//5
f 2572//5 2573//5 2576//5
f 2581//1 2582//1 2583//1
f 2581//1 2583//1 2584//1
f 2577//2 2578//2 2582//2
f 2577//2 2582//2 2581//2
f 2578//3 2579//3 2583//3
f 2578//3 2583//3 2582//3
f 2579//4 2580//4 2584//4
f 2579//4 2584//4 2583//4
f 2580//5 2577//5 2581//5
f 2580//5 2581//5 2584//5
f 2589//1 2590//1 2591//1
f 2589//1 2591//1 2592//1
f 2585//2 2586//2 2590//2
f 2585//2 2590//2 2589//2
f 2586//3 2587//3 2591//3
f 2586//3 2591//3 2590//3
f 2587//4 2588//4 2592//4
f 2587//4 2592//4 2591//4
f 2588//5 2585//5 2589//5
f 2588//5 2589//5 2592//5
f 2597//1 2598//1 2599//1
f 2597//1 2599//1 2600//1
f 2593//2 2594//2 2598//2
f 2593//2 2598//2 2597//2
f 2594//3 2595//3 2599//3
f 2594//3 2599//3 2598//3
f 2595//4 2596//4 2600//4
f 2595//4 2600//4 2599//4
f 2596//5 2593//5 2597//5
f 2596//5 2597//5 2600//5
f 2605//1 2606//1 2607//1
f 2605//1 2607//1 2608//1
f 2601//2 2602//2 2606//2
f 2601//2 2606//2 2605//2
f 2602//3 2603//3 2607//3
f 2602//3 2607//3 2606//3
f 2603//4 2604//4 2608//4
f 2603//4 2608//4 2607//4
f 2604//5 2601//5 2605//5
f 2604//5 2605//5 2608//5
f 2613//1 2614//1 2615//1
f 2613//1 2615//1 2616//1
f 2609//2 2610//2 2614//2
f 2609//2 2614//2 2613//2
f 2610//3 2611//3 2615//3
f 2610//3 2615//3 2614//3
f 2611//4 2612//4 2616//4
f 2611//4 2616//4 2615//4
f 2612//5 2609//5 2613//5
f 2612//5 2613//5 2616//5
f 2621//1 2622//1 2623//1
f 2621//1 2623//1 2624//1
f 2617//2 2618//2 2622//2
f 2617//2 2622//2 2621//2
f 2618//3 2619//3 2623//3
f 2618//3 2623//3 2622//3
f 2619//4 2620//4 2624//4
f 2619//4 2624//4 2623//4
f 2620//5 2617//5 2621//5
f 2620//5 2621//5 2624//5
f 2629//1 2630//1 2631//1
f 2629//1 2631//1 2632//1
f 2625//2 2626//2 2630//2
f 2625//2 2630//2 2629//2
f 2626//3 2627//3 2631//3
f 2626//3 2631//3 2630//3
f 2627//4 2628//4 2632//4
f 2627//4 2632//4 2631//4
f 2628//5 2625//5 2629//5
f 2628//5 2629//5 2632//5
f 2637//1 2638//1 2639//1
f 2637//1 2639//1 2640//1
f 2633//2 2634//2 2638//2
f 2633//2 2638//2 2637//2
f 2634//3 2635//3 2639//3
f 2634//3 2639//3 2638//3
f 2635//4 2636//4 2640//4
f 2635//4 2640//4 2639//4
f 2636//5 2633//5 2637//5
f 2636//5 2637//5 2640//5
f 2645//1 2646//1 2647//1
f 2645//1 2647//1 2648//1
f 2641//2 2642//2 2646//2
f 2641//2 2646//2 2645//2
f 2642//3 2643//3 2647//3
f 2642//3 2647//3 2646//3
f 2643//4 2644//4 2648//4
f 2643//4 2648//4 2647//4
f 2644//5 2641//5 2645//5
f 2644//5 2645//5 2648//5
f 2653//1 2654//1 2655//1
f 2653//1 2655//1 2656//1
f 2649//2 2650//2 2654//2
f 2649//2 2654//2 2653//2
f 2650//3 2651//3 2655//3
f 2650//3 2655//3 2654//3
f 2651//4 2652//4 2656//4
f 2651//4 2656//4 2655//4
f 2652//5 2649//5 2653//5
f 2652//5 2653//5 2656//5
f 2661//1 2662//1 2663//1
f 2661//1 2663//1 2664//1
f 2657//2 2658//2 2662//2
f 2657//2 2662//2 2661//2
f 2658//3 2659//3 2663//3
f 2658//3 2663//3 2662//3
f 2659//4 2660//4 2664//4
f 2659//4 2664//4 2663//4
f 2660//5 2657//5 2661//5
f 2660//5 2661//5 2664//5
f 2669//1 2670//1 2671//1
f 2669//1 2671//1 2672//1
f 2665//2 2666//2 2670//2
f 2665//2 2670//2 2669//2
f 2666//3 2667//3 2671//3
f 2666//3 2671//3 2670//3
f 2667//4 2668//4 2672//4
f 2667//4 2672//4 2671//4
f 2668//5 2665//5 2669//5
f 2668//5 2669//5 2672//5
f 2677//1 2678//1 2679//1
f 2677//1 2679//1 2680//1
f 2673//2 2674//2 2678//2
f 2673//2 2678//2 2677//2
f 2674//3 2675//3 2679//3
f 2674//3 2679//3 2678//3
f 2675//4 2676//4 2680//4
f 2675//4 2680//4 2679//4
f 2676//5 2673//5 2677//5
f 2676//5 2677//5 2680//5
f 2685//1 2686//1 2687//1
f 2685//1 2687//1 2688//1
f 2681//2 2682//2 2686//2
f 2681//2 2686//2 2685//2
f 2682//3 2683//3 2687//3
f 2682//3 2687//3 2686//3
f 2683//4 2684//4 2688//4
f 2683//4 2688//4 2687//4
f 2684//5 2681//5 2685//5
f 2684//5 2685//5 2688//5
f 2693//1 2694//1 2695//1
f 2693//1 2695//1 2696//1
f 2689//2 2690//2 2694//2
f 2689//2 2694//2 2693//2
f 2690//3 2691//3 2695//3
f 2690//3 2695//3 2694//3
f 2691//4 2692//4 2696//4
f 2691//4 2696//4 2695//4
f 2692//5 2689//5 2693//5
f 2692//5 2693//5 2696//5
f 2701//1 2702//1 2703//1
f 2701//1 2703//1 2704//1
f 2697//2 2698//2 2702//2
f 2697//2 2702//2 2701//2
f 2698//3 2699//3 2703//3
f 2698//3 2703//3 2702//3
f 2699//4 2700//4 2704//4
f 2699//4 2704//4 2703//4
f 2700//5 2697//5 2701//5
f 2700//5 2701//5 2704//5
f 2709//1 2710//1 2711//1
f 2709//1 2711//1 2712//1
f 2705//2 2706//2 2710//2
f 2705//2 2710//2 2709//2
f 2706//3 2707//3 2711//3
f 2706//3 2711//3 2710//3
f 2707//4 2708//4 2712//4
f 2707//4 2712//4 2711//4
f 2708//5 2705//5 2709//5
f 2708//5 2709//5 2712//5
f 2717//1 2718//1 2719//1
f 2717//1 2719//1 2720//1
f 2713//2 2714//2 2718//2
f 2713//2 2718//2 2717//2
f 2714//3 2715//3 2719//3
f 2714//3 2719//3 2718//3
f 2715//4 2716//4 2720//4
f 2715//4 2720//4 2719//4
f 2716//5 2713//5 2717//5
f 2716//5 2717//5 2720//5
f 2725//1 2726//1 2727//1
f 2725//1 2727//1 2728//1
f 2721//2 2722//2 2726//2
f 2721//2 2726//2 2725//2
f 2722//3 2723//3 2727//3
f 2722//3 2727//3 2726//3
f 2723//4 2724//4 2728//4
f 2723//4 2728//4 2727//4
f 2724//5 2721//5 2725//5
f 2724//5 2725//5 2728//5
f 2733//1 2734//1 2735//1
f 2733//1 2735//1 2736//1
f 2729//2 2730//2 2734//2
f 2729//2 2734//2 2733//2
f 2730//3 2731//3 2735//3
f 2730//3 2735//3 2734//3
f 2731//4 2732//4 2736//4
f 2731//4 2736//4 2735//4
f 2732//5 2729//5 2733//5
f 2732//5 2733//5 2736//5
f 2741//1 2742//1 2743//1
f 2741//1 2743//1 2744//1
f 2737//2 2738//2 2742//2
f 2737//2 2742//2 2741//2
f 2738//3 2739//3 2743//3
f 2738//3 2743//3 2742//3
f 2739//4 2740//4 2744//4
f 2739//4 2744//4 2743//4
f 2740//5 2737//5 2741//5
f 2740//5 2741//5 2744//5
f 2749//1 2750//1 2751//1
f 2749//1 2751//1 2752//1
f 2745//2 2746//2 2750//2
f 2745//2 2750//2 2749//2
f 2746//3 2747//3 2751//3
f 2746//3 2751//3 2750//3
f 2747//4 2748//4 2752//4
f 2747//4 2752//4 2751//4
f 2748//5 2745//5 2749//5
f 2748//5 2749//5 2752//5
f 2757//1 2758//1 2759//1
f 2757//1 2759//1 2760//1
f 2753//2 2754//2 2758//2
f 2753//2 2758//2 2757//2
f 2754//3 2755//3 2759//3
f 2754//3 2759//3 2758//3
f 2755//4 2756//4 2760//4
f 2755//4 2760//4 2759//4
f 2756//5 2753//5 2757//5
f 2756//5 2757//5 2760//5
f 2765//1 2766//1 2767//1
f 2765//1 2767//1 2768//1
f 2761//2 2762//2 2766//2
f 2761//2 2766//2 2765//2
f 2762//3 2763//3 2767//3
f 2762//3 2767//3 2766//3
f 2763//4 2764//4 2768//4
f 2763//4 2768//4 2767//4
f 2764//5 2761//5 2765//5
f 2764//5 2765//5 2768//5
f 2773//1 2774//1 2775//1
f 2773//1 2775//1 2776//1
f 2769//2 2770//2 2774//2
f 2769//2 2774//2 2773//2
f 2770//3 2771//3 2775//3
f 2770//3 2775//3 2774//3
f 2771//4 2772//4 2776//4
f 2771//4 2776//4 2775//4
f 2772//5 2769//5 2773//5
f 2772//5 2773//5 2776//5
f 2781//1 2782//1 2783//1
f 2781//1 2783//1 2784//1
f 2777//2 2778//2 2782//2
f 2777//2 2782//2 2781//2
f 2778//3 2779//3 2783//3
f 2778//3 2783//3 2782//3
f 2779//4 2780//4 2784//4
f 2779//4 2784//4 2783//4
f 2780//5 2777//5 2781//5
f 2780//5 2781//5 2784//5
f 2789//1 2790//1 2791//1
f 2789//1 2791//1 2792//1
f 2785//2 2786//2 2790//2
f 2785//2 2790//2 2789//2
f 2786//3 2787//3 2791//3
f 2786//3 2791//3 2790//3
f 2787//4 2788//4 2792//4
f 2787//4 2792//4 2791//4
f 2788//5 2785//5 2789//5
f 2788//5 2789//5 2792//5
f 2797//1 2798//1 2799//1
f 2797//1 2799//1 2800//1
f 2793//2 2794//2 2798//2
f 2793//2 2798//2 2797//2
f 2794//3 2795//3 2799//3
f 2794//3 2799//3 2798//3
f 2795//4 2796//4 2800//4
f 2795//4 2800//4 2799//4
f 2796//5 2793//5 2797//5
f 2796//5 2797//5 2800//5
f 2805//1 2806//1 2807//1
f 2805//1 2807//1 2808//1
f 2801//2 2802//2 2806//2
f 2801//2 2806//2 2805//2
f 2802//3 2803//3 2807//3
f 2802//3 2807//3 2806//3
f 2803//4 2804//4 2808//4
f 2803//4 2808//4 2807//4
f 2804//5 2801//5 2805//5
f 2804//5 2805//5 2808//5
f 2813//1 2814//1 2815//1
f 2813//1 2815//1 2816//1
f 2809//2 2810//2 2814//2
f 2809//2 2814//2 2813//2
f 2810//3 2811//3 2815//3
f 2810//3 2815//3 2814//3
f 2811//4 2812//4 2816//4
f 2811//4 2816//4 2815//4
f 2812//5 2809//5 2813//5
f 2812//5 2813//5 2816//5
f 2821//1 2822//1 2823//1
f 2821//1 2823//1 2824//1
f 2817//2 2818//2 2822//2
f 2817//2 2822//2 2821//2
f 2818//3 2819//3 2823//3
f 2818//3 2823//3 2822//3
f 2819//4 2820//4 2824//4
f 2819//4 2824//4 2823//4
f 2820//5 2817//5 2821//5
f 2820//5 2821//5 2824//5
f 2829//1 2830//1 2831//1
f 2829//1 2831//1 2832//1
f 2825//2 2826//2 2830//2
f 2825//2 2830//2 2829//2
f 2826//3 2827//3 2831//3
f 2826//3 2831//3 2830//3
f 2827//4 2828//4 2832//4
f 2827//4 2832//4 2831//4
f 2828//5 2825//5 2829//5
f 2828//5 2829//5 2832//5
f 2837//1 2838//1 2839//1
f 2837//1 2839//1 2840//1
f 2833//2 2834//2 2838//2
f 2833//2 2838//2 2837//2
f 2834//3 2835//3 2839//3
f 2834//3 2839//3 2838//3
f 2835//4 2836//4 2840//4
f 2835//4 2840//4 2839//4
f 2836//5 2833//5 2837//5
f 2836//5 2837//5 2840//5
f 2845//1 2846//1 2847//1
f 2845//1 2847//1 2848//1
f 2841//2 2842//2 2846//2
f 2841//2 2846//2 2845//2
f 2842//3 2843//3 2847//3
f 2842//3 2847//3 2846//3
f 2843//4 2844//4 2848//4
f 2843//4 2848//4 2847//4
f 2844//5 2841//5 2845//5
f 2844//5 2845//5 2848//5
f 2853//1 2854//1 2855//1
f 2853//1 2855//1 2856//1
f 2849//2 2850//2 2854//2
f 2849//2 2854//2 2853//2
f 2850//3 2851//3 2855//3
f 2850//3 2855//3 2854//3
f 2851//4 2852//4 2856//4
f 2851//4 2856//4 2855//4
f 2852//5 2849//5 2853//5
f 2852//5 2853//5 2856//5
f 2861//1 2862//1 2863//1
f 2861//1 2863//1 2864//1
f 2857//2 2858//2 2862//2
f 2857//2 2862//2 2861//2
f 2858//3 2859//3 2863//3
f 2858//3 2863//3 2862//3
f 2859//4 2860//4 2864//4
f 2859//4 2864//4 2863//4
f 2860//5 2857//5 2861//5
f 2860//5 2861//5 2864//5
f 2869//1 2870//1 2871//1
f 2869//1 2871//1 2872//1
f 2865//2 2866//2 2870//2
f 2865//2 2870//2 2869//2
f 2866//3 2867//3 2871//3
f 2866//3 2871//3 2870//3
f 2867//4 2868//4 2872//4
f 2867//4 2872//4 2871//4
f 2868//5 2865//5 2869//5
f 2868//5 2869//5 2872//5
f 2877//1 2878//1 2879//1
f 2877//1 2879//1 2880//1
f 2873//2 2874//2 2878//2
f 2873//2 2878//2 2877//2
f 2874//3 2875//3 2879//3
f 2874//3 2879//3 2878//3
f 2875//4 2876//4 2880//4
f 2875//4 2880//4 2879//4
f 2876//5 2873//5 2877//5
f 2876//5 2877//5 2880//5
f 2885//1 2886//1 2887//1
f 2885//1 2887//1 2888//1
f 2881//2 2882//2 2886//2
f 2881//2 2886//2 2885//2
f 2882//3 2883//3 2887//3
f 2882//3 2887//3 2886//3
f 2883//4 2884//4 2888//4
f 2883//4 2888//4 2887//4
f 2884//5 2881//5 2885//5
f 2884//5 2885//5 2888//5
f 2893//1 2894//1 2895//1
f 2893//1 2895//1 2896//1
f 2889//2 2890//2 2894//2
f 2889//2 2894//2 2893//2
f 2890//3 2891//3 2895//3
f 2890//3 2895//3 2894//3
f 2891//4 2892//4 2896//4
f 2891//4 2896//4 2895//4
f 2892//5 2889//5 2893//5
f 2892//5 2893//5 2896//5
f 2901//1 2902//1 2903//1
f 2901//1 2903//1 2904//1
f 2897//2 2898//2 2902//2
f 2897//2 2902//2 2901//2
f 2898//3 2899//3 2903//3
f 2898//3 2903//3 2902//3
f 2899//4 2900//4 2904//4
f 2899//4 2904//4 2903//4
f 2900//5 2897//5 2901//5
f 2900//5 2901//5 2904//5
f 2909//1 2910//1 2911//1
f 2909//1 2911//1 2912//1
f 2905//2 2906//2 2910//2
f 2905//2 2910//2 2909//2
f 2906//3 2907//3 2911//3
f 2906//3 2911//3 2910//3
f 2907//4 2908//4 2912//4
f 2907//4 2912//4 2911//4
f 2908//5 2905//5 2909//5
f 2908//5 2909//5 2912//5
f 2917//1 2918//1 2919//1
f 2917//1 2919//1 2920//1
f 2913//2 2914//2 2918//2
f 2913//2 2918//2 2917//2
f 2914//3 2915//3 2919//3
f 2914//3 2919//3 2918//3
f 2915//4 2916//4 2920//4
f 2915//4 2920//4 2919//4
f 2916//5 2913//5 2917//5
f 2916//5 2917//5 2920//5
f 2925//1 2926//1 2927//1
f 2925//1 2927//1 2928//1
f 2921//2 2922//2 2926//2
f 2921//2 2926//2 2925//2
f 2922//3 2923//3 2927//3
f 2922//3 2927//3 2926//3
f 2923//4 2924//4 2928//4
f 2923//4 2928//4 2927//4
f 2924//5 2921//5 2925//5
f 2924//5 2925//5 2928//5
f 2933//1 2934//1 2935//1
f 2933//1 2935//1 2936//1
f 2929//2 2930//2 2934//2
f 2929//2 2934//2 2933//2
f 2930//3 2931//3 2935//3
f 2930//3 2935//3 2934//3
f 2931//4 2932//4 2936//4
f 2931//4 2936//4 2935//4
f 2932//5 2929//5 2933//5
f 2932//5 2933//5 2936//5
f 2941//1 2942//1 2943//1
f 2941//1 2943//1 2944//1
f 2937//2 2938//2 2942//2
f 2937//2 2942//2 2941//2
f 2938//3 2939//3 2943//3
f 2938//3 2943//3 2942//3
f 2939//4 2940//4 2944//4
f 2939//4 2944//4 2943//4
f 2940//5 2937//5 2941//5
f 2940//5 2941//5 2944//5
f 2949//1 2950//1 2951//1
f 2949//1 2951//1 2952//1
f 2945//2 2946//2 2950//2
f 2945//2 2950//2 2949//2
f 2946//3 2947//3 2951//3
f 2946//3 2951//3 2950//3
f 2947//4 2948//4 2952//4
f 2947//4 2952//4 2951//4
f 2948//5 2945//5 2949//5
f 2948//5 2949//5 2952//5
f 2957//1 2958//1 2959//1
f 2957//1 2959//1 2960//1
f 2953//2 2954//2 2958//2
f 2953//2 2958//2 2957//2
f 2954//3 2955//3 2959//3
f 2954//3 2959//3 2958//3
f 2955//4 2956//4 2960//4
f 2955//4 2960//4 2959//4
f 2956//5 2953//5 2957//5
f 2956//5 2957//5 2960//5
f 2965//1 2966//1 2967//1
f 2965//1 2967//1 2968//1
f 2961//2 2962//2 2966//2
f 2961//2 2966//2 2965//2
f 2962//3 2963//3 2967//3
f 2962//3 2967//3 2966//3
f 2963//4 2964//4 2968//4
f 2963//4 2968//4 2967//4
f 2964//5 2961//5 2965//5
f 2964//5 2965//5 2968//5
f 2973//1 2974//1 2975//1
f 2973//1 2975//1 2976//1
f 2969//2 2970//2 2974//2
f 2969//2 2974//2 2973//2
f 2970//3 2971//3 2975//3
f 2970//3 2975//3 2974//3
f 2971//4 2972//4 2976//4
f 2971//4 2976//4 2975//4
f 2972//5 2969//5 2973//5
f 2972//5 2973//5 2976//5
f 2981//1 2982//1 2983//1
f 2981//1 2983//1 2984//1
f 2977//2 2978//2 2982//2
f 2977//2 2982//2 2981//2
f 2978//3 2979//3 2983//3
f 2978//3 2983//3 2982//3
f 2979//4 2980//4 2984//4
f 2979//4 2984//4 2983//4
f 2980//5 2977//5 2981//5
f 2980//5 2981//5 2984//5
f 2989//1 2990//1 2991//1
f 2989//1 2991//1 2992//1
f 2985//2 2986//2 2990//2
f 2985//2 2990//2 2989//2
f 2986//3 2987//3 2991//3
f 2986//3 2991//3 2990//3
f 2987//4 2988//4 2992//4
f 2987//4 2992//4 2991//4
f 2988//5 2985//5 2989//5
f 2988//5 2989//5 2992//5
f 2997//1 2998//1 2999//1
f 2997//1 2999//1 3000//1
f 2993//2 2994//2 2998//2
f 2993//2 2998//2 2997//2
f 2994//3 2995//3 2999//3
f 2994//3 2999//3 2998//3
f 2995//4 2996//4 3000//4
f 2995//4 3000//4 2999//4
f 2996//5 2993//5 2997//5
f 2996//5 2997//5 3000//5
f 3005//1 3006//1 3007//1
f 3005//1 3007//1 3008//1
f 3001//2 3002//2 3006//2
f 3001//2 3006//2 3005//2
f 3002//3 3003//3 3007//3
f 3002//3 3007//3 3006//3
f 3003//4 3004//4 3008//4
f 3003//4 3008//4 3007//4
f 3004//5 3001//5 3005//5
f 3004//5 3005//5 3008//5
f 3013//1 3014//1 3015//1
f 3013//1 3015//1 3016//1
f 3009//2 3010//2 3014//2
f 3009//2 3014//2 3013//2
f 3010//3 3011//3 3015//3
f 3010//3 3015//3 3014//3
f 3011//4 3012//4 3016//4
f 3011//4 3016//4 3015//4
f 3012//5 3009//5 3013//5
f 3012//5 3013//5 3016//5
f 3021//1 3022//1 3023//1
f 3021//1 3023//1 3024//1
f 3017//2 3018//2 3022//2
f 3017//2 3022//2 3021//2
f 3018//3 3019//3 3023//3
f 3018//3 3023//3 3022//3
f 3019//4 3020//4 3024//4
f 3019//4 3024//4 3023//4
f 3020//5 3017//5 3021//5
f 3020//5 3021//5 3024//5
f 3029//1 3030//1 3031//1
f 3029//1 3031//1 3032//1
f 3025//2 3026//2 3030//2
f 3025//2 3030//2 3029//2
f 3026//3 3027//3 3031//3
f 3026//3 3031//3 3030//3
f 3027//4 3028//4 3032//4
f 3027//4 3032//4 3031//4
f 3028//5 3025//5 3029//5
f 3028//5 3029//5 3032//5
f 3037//1 3038//1 3039//1
f 3037//1 3039//1 3040//1
f 3033//2 3034//2 3038//2
f 3033//2 3038//2 3037//2
f 3034//3 3035//3 3039//3
f 3034//3 3039//3 3038//3
f 3035//4 3036//4 3040//4
f 3035//4 3040//4 3039//4
f 3036//5 3033//5 3037//5
f 3036//5 3037//5 3040//5
f 3045//1 3046//1 3047//1
f 3045//1 3047//1 3048//1
f 3041//2 3042//2 3046//2
f 3041//2 3046//2 3045//2
f 3042//3 3043//3 3047//3
f 3042//3 3047//3 3046//3
f 3043//4 3044//4 3048//4
f 3043//4 3048//4 3047//4
f 3044//5 3041//5 3045//5
f 3044//5 3045//5 3048//5
f 3053//1 3054//1 3055//1
f 3053//1 3055//1 3056//1
f 3049//2 3050//2 3054//2
f 3049//2 3054//2 3053//2
f 3050//3 3051//3 3055//3
f 3050//3 3055//3 3054//3
f 3051//4 3052//4 3056//4
f 3051//4 3056//4 3055//4
f 3052//5 3049//5 3053//5
f 3052//5 3053//5 3056//5
f 3061//1 3062//1 3063//1
f 3061//1 3063//1 3064//1
f 3057//2 3058//2 3062//2
f 3057//2 3062//2 3061//2
f 3058//3 3059//3 3063//3
f 3058//3 3063//3 3062//3
f 3059//4 3060//4 3064//4
f 3059//4 3064//4 3063//4
f 3060//5 3057//5 3061//5
f 3060//5 3061//5 3064//5
f 3069//1 3070//1 3071//1
f 3069//1 3071//1 3072//1
f 3065//2 3066//2 3070//2
f 3065//2 3070//2 3069//2
f 3066//3 3067//3 3071//3
f 3066//3 3071//3 3070//3
f 3067//4 3068//4 3072//4
f 3067//4 3072//4 3071//4
f 3068//5 3065//5 3069//5
f 3068//5 3069//5 3072//5
f 3077//1 3078//1 3079//1
f 3077//1 3079//1 3080//1
f 3073//2 3074//2 3078//2
f 3073//2 3078//2 3077//2
f 3074//3 3075//3 3079//3
f 3074//3 3079//3 3078//3
f 3075//4 3076//4 3080//4
f 3075//4 3080//4 3079//4
f 3076//5 3073//5 3077//5
f 3076//5 3077//5 3080//5
f 3085//1 3086//1 3087//1
f 3085//1 3087//1 3088//1
f 3081//2 3082//2 3086//2
f 3081//2 3086//2 3085//2
f 3082//3 3083//3 3087//3
f 3082//3 3087//3 3086//3
f 3083//4 3084//4 3088//4
f 3083//4 3088//4 3087//4
f 3084//5 3081//5 3085//5
f 3084//5 3085//5 3088//5
f 3093//1 3094//1 3095//1
f 3093//1 3095//1 3096//1
f 3089//2 3090//2 3094//2
f 3089//2 3094//2 3093//2
f 3090//3 3091//3 3095//3
f 3090//3 3095//3 3094//3
f 3091//4 3092//4 3096//4
f 3091//4 3096//4 3095//4
f 3092//5 3089//5 3093//5
f 3092//5 3093//5 3096//5
f 3101//1 3102//1 3103//1
f 3101//1 3103//1 3104//1
f 3097//2 3098//2 3102//2
f 3097//2 3102//2 3101//2
f 3098//3 3099//3 3103//3
f 3098//3 3103//3 3102//3
f 3099//4 3100//4 3104//4
f 3099//4 3104//4 3103//4
f 3100//5 3097//5 3101//5
f 3100//5 3101//5 3104//5
f 3109//1 3110//1 3111//1
f 3109//1 3111//1 3112//1
f 3105//2 3106//2 3110//2
f 3105//2 3110//2 3109//2
f 3106//3 3107//3 3111//3
f 3106//3 3111//3 3110//3
f 3107//4 3108//4 3112//4
f 3107//4 3112//4 3111//4
f 3108//5 3105//5 3109//5
f 3108//5 3109//5 3112//5
f 3117//1 3118//1 3119//1
f 3117//1 3119//1 3120//1
f 3113//2 3114//2 3118//2
f 3113//2 3118//2 3117//2
f 3114//3 3115//3 3119//3
f 3114//3 3119//3 3118//3
f 3115//4 3116//4 3120//4
f 3115//4 3120//4 3119//4
f 3116//5 3113//5 3117//5
f 3116//5 3117//5 3120//5
f 3125//1 3126//1 3127//1
f 3125//1 3127//1 3128//1
f 3121//2 3122//2 3126//2
f 3121//2 3126//2 3125//2
f 3122//3 3123//3 3127//3
f 3122//3 3127//3 3126//3
f 3123//4 3124//4 3128//4
f 3123//4 3128//4 3127//4
f 3124//5 3121//5 3125//5
f 3124//5 3125//5 3128//5
f 3133//1 3134//1 3135//1
f 3133//1 3135//1 3136//1
f 3129//2 3130//2 3134//2
f 3129//2 3134//2 3133//2
f 3130//3 3131//3 3135//3
f 3130//3 3135//3 3134//3
f 3131//4 3132//4 3136//4
f 3131//4 3136//4 3135//4
f 3132//5 3129//5 3133//5
f 3132//5 3133//5 3136//5
f 3141//1 3142//1 3143//1
f 3141//1 3143//1 3144//1
f 3137//2 3138//2 3142//2
f 3137//2 3142//2 3141//2
f 3138//3 3139//3 3143//3
f 3138//3 3143//3 3142//3
f 3139//4 3140//4 3144//4
f 3139//4 3144//4 3143//4
f 3140//5 3137//5 3141//5
f 3140//5 3141//5 3144//5
f 3149//1 3150//1 3151//1
f 3149//1 3151//1 3152//1
f 3145//2 3146//2 3150//2
f 3145//2 3150//2 3149//2
f 3146//3 3147//3 3151//3
f 3146//3 3151//3 3150//3
f 3147//4 3148//4 3152//4
f 3147//4 3152//4 3151//4
f 3148//5 3145//5 3149//5
f 3148//5 3149//5 3152//5
f 3157//1 3158//1 3159//1
f 3157//1 3159//1 3160//1
f 3153//2 3154//2 3158//2
f 3153//2 3158//2 3157//2
f 3154//3 3155//3 3159//3
f 3154//3 3159//3 3158//3
f 3155//4 3156//4 3160//4
f 3155//4 3160//4 3159//4
f 3156//5 3153//5 3157//5
f 3156//5 3157//5 3160//5
f 3165//1 3166//1 3167//1
f 3165//1 3167//1 3168//1
f 3161//2 3162//2 3166//2
f 3161//2 3166//2 3165//2
f 3162//3 3163//3 3167//3
f 3162//3 3167//3 3166//3
f 3163//4 3164//4 3168//4
f 3163//4 3168//4 3167//4
f 3164//5 3161//5 3165//5
f 3164//5 3165//5 3168//5
f 3173//1 3174//1 3175//1
f 3173//1 3175//1 3176//1
f 3169//2 3170//2 3174//2
f 3169//2 3174//2 3173//2
f 3170//3 3171//3 3175//3
f 3170//3 3175//3 3174//3
f 3171//4 3172//4 3176//4
f 3171//4 3176//4 3175//4
f 3172//5 3169//5 3173//5
f 3172//5 3173//5 3176//5
f 3181//1 3182//1 3183//1
f 3181//1 3183//1 3184//1
f 3177//2 3178//2 3182//2
f 3177//2 3182//2 3181//2
f 3178//3 3179//3 3183//3
f 3178//3 3183//3 3182//3
f 3179//4 3180//4 3184//4
f 3179//4 3184//4 3183//4
f 3180//5 3177//5 3181//5
f 3180//5 3181//5 3184//5
f 3189//1 3190//1 3191//1
f 3189//1 3191//1 3192//1
f 3185//2 3186//2 3190//2
f 3185//2 3190//2 3189//2
f 3186//3 3187//3 3191//3
f 3186//3 3191//3 3190//3
f 3187//4 3188//4 3192//4
f 3187//4 3192//4 3191//4
f 3188//5 3185//5 3189//5
f 3188//5 3189//5 3192//5
f 3197//1 3198//1 3199//1
f 3197//1 3199//1 3200//1
f 3193//2 3194//2 3198//2
f 3193//2 3198//2 3197//2
f 3194//3 3195//3 3199//3
f 3194//3 3199//3 3198//3
f 3195//4 3196//4 3200//4
f 3195//4 3200//4 3199//4
f 3196//5 3193//5 3197//5
f 3196//5 3197//5 3200//5
f 3205//1 3206//1 3207//1
f 3205//1 3207//1 3208//1
f 3201//2 3202//2 3206//2
f 3201//2 3206//2 3205//2
f 3202//3 3203//3 3207//3
f 3202//3 3207//3 3206//3
f 3203//4 3204//4 3208//4
f 3203//4 3208//4 3207//4
f 3204//5 3201//5 3205//5
f 3204//5 3205//5 3208//5
f 3213//1 3214//1 3215//1
f 3213//1 3215//1 3216//1
f 3209//2 3210//2 3214//2
f 3209//2 3214//2 3213//2
f 3210//3 3211//3 3215//3
f 3210//3 3215//3 3214//3
f 3211//4 3212//4 3216//4
f 3211//4 3216//4 3215//4
f 3212//5 3209//5 3213//5
f 3212//5 3213//5 3216//5
f 3221//1 3222//1 3223//1
f 3221//1 3223//1 3224//1
f 3217//2 3218//2 3222//2
f 3217//2 3222//2 3221//2
f 3218//3 3219//3 3223//3
f 3218//3 3223//3 3222//3
f 3219//4 3220//4 3224//4
f 3219//4 3224//4 3223//4
f 3220//5 3217//5 3221//5
f 3220//5 3221//5 3224//5
f 3229//1 3230//1 3231//1
f 3229//1 3231//1 3232//1
f 3225//2 3226//2 3230//2
f 3225//2 3230//2 3229//2
f 3226//3 3227//3 3231//3
f 3226//3 3231//3 3230//3
f 3227//4 3228//4 3232//4
f 3227//4 3232//4 3231//4
f 3228//5 3225//5 3229//5
f 3228//5 3229//5 3232//5
f 3237//1 3238//1 3239//1
f 3237//1 3239//1 3240//1
f 3233//2 3234//2 3238//2
f 3233//2 3238//2 3237//2
f 3234//3 3235//3 3239//3
f 3234//3 3239//3 3238//3
f 3235//4 3236//4 3240//4
f 3235//4 3240//4 3239//4
f 3236//5 3233//5 3237//5
f 3236//5 3237//5 3240//5
f 3245//1 3246//1 3247//1
f 3245//1 3247//1 3248//1
f 3241//2 3242//2 3246//2
f 3241//2 3246//2 3245//2
f 3242//3 3243//3 3247//3
f 3242//3 3247//3 3246//3
f 3243//4 3244//4 3248//4
f 3243//4 3248//4 3247//4
f 3244//5 3241//5 3245//5
f 3244//5 3245//5 3248//5
f 3253//1 3254//1 3255//1
f 3253//1 3255//1 3256//1
f 3249//2 3250//2 3254//2
f 3249//2 3254//2 3253//2
f 3250//3 3251//3 3255//3
f 3250//3 3255//3 3254//3
f 3251//4 3252//4 3256//4
f 3251//4 3256//4 3255//4
f 3252//5 3249//5 3253//5
f 3252//5 3253//5 3256//5
f 3261//1 3262//1 3263//1
f 3261//1 3263//1 3264//1
f 3257//2 3258//2 3262//2
f 3257//2 3262//2 3261//2
f 3258//3 3259//3 3263//3
f 3258//3 3263//3 3262//3
f 3259//4 3260//4 3264//4
f 3259//4 3264//4 3263//4
f 3260//5 3257//5 3261//5
f 3260//5 3261//5 3264//5
f 3269//1 3270//1 3271//1
f 3269//1 3271//1 3272//1
f 3265//2 3266//2 3270//2
f 3265//2 3270//2 3269//2
f 3266//3 3267//3 3271//3
f 3266//3 3271//3 3270//3
f 3267//4 3268//4 3272//4
f 3267//4 3272//4 3271//4
f 3268//5 3265//5 3269//5
f 3268//5 3269//5 3272//5
f 3277//1 3278//1 3279//1
f 3277//1 3279//1 3280//1
f 3273//2 3274//2 3278//2
f 3273//2 3278//2 3277//2
f 3274//3 3275//3 3279//3
f 3274//3 3279//3 3278//3
f 3275//4 3276//4 3280//4
f 3275//4 3280//4 3279//4
f 3276//5 3273//5 3277//5
f 3276//5 3277//5 3280//5
f 3285//1 3286//1 3287//1
f 3285//1 3287//1 3288//1
f 3281//2 3282//2 3286//2
f 3281//2 3286//2 3285//2
f 3282//3 3283//3 3287//3
f 3282//3 3287//3 3286//3
f 3283//4 3284//4 3288//4
f 3283//4 3288//4 3287//4
f 3284//5 3281//5 3285//5
f 3284//5 3285//5 3288//5
f 3293//1 3294//1 3295//1
f 3293//1 3295//1 3296//1
f 3289//2 3290//2 3294//2
f 3289//2 3294//2 3293//2
f 3290//3 3291//3 3295//3
f 3290//3 3295//3 3294//3
f 3291//4 3292//4 3296//4
f 3291//4 3296//4 3295//4
f 3292//5 3289//5 3293//5
f 3292//5 3293//5 3296//5
f 3301//1 3302//1 3303//1
f 3301//1 3303//1 3304//1
f 3297//2 3298//2 3302//2
f 3297//2 3302//2 3301//2
f 3298//3 3299//3 3303//3
f 3298//3 3303//3 3302//3
f 3299//4 3300//4 3304//4
f 3299//4 3304//4 3303//4
f 3300//5 3297//5 3301//5
f 3300//5 3301//5 3304//5
f 3309//1 3310//1 3311//1
f 3309//1 3311//1 3312//1
f 3305//2 3306//2 3310//2
f 3305//2 3310//2 3309//2
f 3306//3 3307//3 3311//3
f 3306//3 3311//3 3310//3
f 3307//4 3308//4 3312//4
f 3307//4 3312//4 3311//4
f 3308//5 3305//5 3309//5
f 3308//5 3309//5 3312//5
f 3317//1 3318//1 3319//1
f 3317//1 3319//1 3320//1
f 3313//2 3314//2 3318//2
f 3313//2 3318//2 3317//2
f 3314//3 3315//3 3319//3
f 3314//3 3319//3 3318//3
f 3315//4 3316//4 3320//4
f 3315//4 3320//4 3319//4
f 3316//5 3313//5 3317//5
f 3316//5 3317//5 3320//5
f 3325//1 3326//1 3327//1
f 3325//1 3327//1 3328//1
f 3321//2 3322//2 3326//2
f 3321//2 3326//2 3325//2
f 3322//3 3323//3 3327//3
f 3322//3 3327//3 3326//3
f 3323//4 3324//4 3328//4
f 3323//4 3328//4 3327//4
f 3324//5 3321//5 3325//5
f 3324//5 3325//5 3328//5
f 3333//1 3334//1 3335//1
f 3333//1 3335//1 3336//1
f 3329//2 3330//2 3334//2
f 3329//2 3334//2 3333//2
f 3330//3 3331//3 3335//3
f 3330//3 3335//3 3334//3
f 3331//4 3332//4 3336//4
f 3331//4 3336//4 3335//4
f 3332//5 3329//5 3333//5
f 3332//5 3333//5 3336//5
f 3341//1 3342//1 3343//1
f 3341//1 3343//1 3344//1
f 3337//2 3338//2 3342//2
f 3337//2 3342//2 3341//2
f 3338//3 3339//3 3343//3
f 3338//3 3343//3 3342//3
f 3339//4 3340//4 3344//4
f 3339//4 3344//4 3343//4
f 3340//5 3337//5 3341//5
f 3340//5 3341//5 3344//5
f 3349//1 3350//1 3351//1
f 3349//1 3351//1 3352//1
f 3345//2 3346//2 3350//2
f 3345//2 3350//2 3349//2
f 3346//3 3347//3 3351//3
f 3346//3 3351//3 3350//3
f 3347//4 3348//4 3352//4
f 3347//4 3352//4 3351//4
f 3348//5 3345//5 3349//5
f 3348//5 3349//5 3352//5
f 3357//1 3358//1 3359//1
f 3357//1 3359//1 3360//1
f 3353//2 3354//2 3358//2
f 3353//2 3358//2 3357//2
f 3354//3 3355//3 3359//3
f 3354//3 3359//3 3358//3
f 3355//4 3356//4 3360//4
f 3355//4 3360//4 3359//4
f 3356//5 3353//5 3357//5
f 3356//5 3357//5 3360//5
f 3365//1 3366//1 3367//1
f 3365//1 3367//1 3368//1
f 3361//2 3362//2 3366//2
f 3361//2 3366//2 3365//2
f 3362//3 3363//3 3367//3
f 3362//3 3367//3 3366//3
f 3363//4 3364//4 3368//4
f 3363//4 3368//4 3367//4
f 3364//5 3361//5 3365//5
f 3364//5 3365//5 3368//5
f 3373//1 3374//1 3375//1
f 3373//1 3375//1 3376//1
f 3369//2 3370//2 3374//2
f 3369//2 3374//2 3373//2
f 3370//3 3371//3 3375//3
f 3370//3 3375//3 3374//3
f 3371//4 3372//4 3376//4
f 3371//4 3376//4 3375//4
f 3372//5 3369//5 3373//5
f 3372//5 3373//5 3376//5
f 3381//1 3382//1 3383//1
f 3381//1 3383//1 3384//1
f 3377//2 3378//2 3382//2
f 3377//2 3382//2 3381//2
f 3378//3 3379//3 3383//3
f 3378//3 3383//3 3382//3
f 3379//4 3380//4 3384//4
f 3379//4 3384//4 3383//4
f 3380//5 3377//5 3381//5
f 3380//5 3381//5 3384//5
f 3389//1 3390//1 3391//1
f 3389//1 3391//1 3392//1
f 3385//2 3386//2 3390//2
f 3385//2 3390//2 3389//2
f 3386//3 3387//3 3391//3
f 3386//3 3391//3 3390//3
f 3387//4 3388//4 3392//4
f 3387//4 3392//4 3391//4
f 3388//5 3385//5 3389//5
f 3388//5 3389//5 3392//5
f 3397//1 3398//1 3399//1
f 3397//1 3399//1 3400//1
f 3393//2 3394//2 3398//2
f 3393//2 3398//2 3397//2
f 3394//3 3395//3 3399//3
f 3394//3 3399//3 3398//3
f 3395//4 3396//4 3400//4
f 3395//4 3400//4 3399//4
f 3396//5 3393//5 3397//5
f 3396//5 3397//5 3400//5
f 3405//1 3406//1 3407//1
f 3405//1 3407//1 3408//1
f 3401//2 3402//2 3406//2
f 3401//2 3406//2 3405//2
f 3402//3 3403//3 3407//3
f 3402//3 3407//3 3406//3
f 3403//4 3404//4 3408//4
f 3403//4 3408//4 3407//4
f 3404//5 3401//5 3405//5
f 3404//5 3405//5 3408//5
f 3413//1 3414//1 3415//1
f 3413//1 3415//1 3416//1
f 3409//2 3410//2 3414//2
f 3409//2 3414//2 3413//2
f 3410//3 3411//3 3415//3
f 3410//3 3415//3 3414//3
f 3411//4 3412//4 3416//4
f 3411//4 3416//4 3415//4
f 3412//5 3409//5 3413//5
f 3412//5 3413//5 3416//5
f 3421//1 3422//1 3423//1
f 3421//1 3423//1 3424//1
f 3417//2 3418//2 3422//2
f 3417//2 3422//2 3421//2
f 3418//3 3419//3 3423//3
f 3418//3 3423//3 3422//3
f 3419//4 3420//4 3424//4
f 3419//4 3424//4 3423//4
f 3420//5 3417//5 3421//5
f 3420//5 3421//5 3424//5
f 3429//1 3430//1 3431//1
f 3429//1 3431//1 3432//1
f 3425//2 3426//2 3430//2
f 3425//2 3430//2 3429//2
f 3426//3 3427//3 3431//3
f 3426//3 3431//3 3430//3
f 3427//4 3428//4 3432//4
f 3427//4 3432//4 3431//4
f 3428//5 3425//5 3429//5
f 3428//5 3429//5 3432//5
f 3437//1 3438//1 3439//1
f 3437//1 3439//1 3440//1
f 3433//2 3434//2 3438//2
f 3433//2 3438//2 3437//2
f 3434//3 3435//3 3439//3
f 3434//3 3439//3 3438//3
f 3435//4 3436//4 3440//4
f 3435//4 3440//4 3439//4
f 3436//5 3433//5 3437//5
f 3436//5 3437//5 3440//5
f 3445//1 3446//1 3447//1
f 3445//1 3447//1 3448//1
f 3441//2 3442//2 3446//2
f 3441//2 3446//2 3445//2
f 3442//3 3443//3 3447//3
f 3442//3 3447//3 3446//3
f 3443//4 3444//4 3448//4
f 3443//4 3448//4 3447//4
f 3444//5 3441//5 3445//5
f 3444//5 3445//5 3448//5
f 3453//1 3454//1 3455//1
f 3453//1 3455//1 3456//1
f 3449//2 3450//2 3454//2
f 3449//2 3454//2 3453//2
f 3450//3 3451//3 3455//3
f 3450//3 3455//3 3454//3
f 3451//4 3452//4 3456//4
f 3451//4 3456//4 3455//4
f 3452//5 3449//5 3453//5
f 3452//5 3453//5 3456//5
f 3461//1 3462//1 3463//1
f 3461//1 3463//1 3464//1
f 3457//2 3458//2 3462//2
f 3457//2 3462//2 3461//2
f 3458//3 3459//3 3463//3
f 3458//3 3463//3 3462//3
f 3459//4 3460//4 3464//4
f 3459//4 3464//4 3463//4
f 3460//5 3457//5 3461//5
f 3460//5 3461//5 3464//5
f 3469//1 3470//1 3471//1
f 3469//1 3471//1 3472//1
f 3465//2 3466//2 3470//2
f 3465//2 3470//2 3469//2
f 3466//3 3467//3 3471//3
f 3466//3 3471//3 3470//3
f 3467//4 3468//4 3472//4
f 3467//4 3472//4 3471//4
f 3468//5 3465//5 3469//5
f 3468//5 3469//5 3472//5
f 3477//1 3478//1 3479//1
f 3477//1 3479//1 3480//1
f 3473//2 3474//2 3478//2
f 3473//2 3478//2 3477//2
f 3474//3 3475//3 3479//3
f 3474//3 3479//3 3478//3
f 3475//4 3476//4 3480//4
f 3475//4 3480//4 3479//4
f 3476//5 3473//5 3477//5
f 3476//5 3477//5 3480//5
f 3485//1 3486//1 3487//1
f 3485//1 3487//1 3488//1
f 3481//2 3482//2 3486//2
f 3481//2 3486//2 3485//2
f 3482//3 3483//3 3487//3
f 3482//3 3487//3 3486//3
f 3483//4 3484//4 3488//4
f 3483//4 3488//4 3487//4
f 3484//5 3481//5 3485//5
f 3484//5 3485//5 3488//5
f 3493//1 3494//1 3495//1
f 3493//1 3495//1 3496//1
f 3489//2 3490//2 3494//2
f 3489//2 3494//2 3493//2
f 3490//3 3491//3 3495//3
f 3490//3 3495//3 3494//3
f 3491//4 3492//4 3496//4
f 3491//4 3496//4 3495//4
f 3492//5 3489//5 3493//5
f 3492//5 3493//5 3496//5
f 3501//1 3502//1 3503//1
f 3501//1 3503//1 3504//1
f 3497//2 3498//2 3502//2
f 3497//2 3502//2 3501//2
f 3498//3 3499//3 3503//3
f 3498//3 3503//3 3502//3
f 3499//4 3500//4 3504//4
f 3499//4 3504//4 3503//4
f 3500//5 3497//5 3501//5
f 3500//5 3501//5 3504//5
f 3509//1 3510//1 3511//1
f 3509//1 3511//1 3512//1
f 3505//2 3506//2 3510//2
f 3505//2 3510//2 3509//2
f 3506//3 3507//3 3511//3
f 3506//3 3511//3 3510//3
f 3507//4 3508//4 3512//4
f 3507//4 3512//4 3511//4
f 3508//5 3505//5 3509//5
f 3508//5 3509//5 3512//5
f 3517//1 3518//1 3519//1
f 3517//1 3519//1 3520//1
f 3513//2 3514//2 3518//2
f 3513//2 3518//2 3517//2
f 3514//3 3515//3 3519//3
f 3514//3 3519//3 3518//3
f 3515//4 3516//4 3520//4
f 3515//4 3520//4 3519//4
f 3516//5 3513//5 3517//5
f 3516//5 3517//5 3520//5
f 3525//1 3526//1 3527//1
f 3525//1 3527//1 3528//1
f 3521//2 3522//2 3526//2
f 3521//2 3526//2 3525//2
f 3522//3 3523//3 3527//3
f 3522//3 3527//3 3526//3
f 3523//4 3524//4 3528//4
f 3523//4 3528//4 3527//4
f 3524//5 3521//5 3525//5
f 3524//5 3525//5 3528//5
f 3533//1 3534//1 3535//1
f 3533//1 3535//1 3536//1
f 3529//2 3530//2 3534//2
f 3529//2 3534//2 3533//2
f 3530//3 3531//3 3535//3
f 3530//3 3535//3 3534//3
f 3531//4 3532//4 3536//4
f 3531//4 3536//4 3535//4
f 3532//5 3529//5 3533//5
f 3532//5 3533//5 3536//5
f 3541//1 3542//1 3543//1
f 3541//1 3543//1 3544//1
f 3537//2 3538//2 3542//2
f 3537//2 3542//2 3541//2
f 3538//3 3539//3 3543//3
f 3538//3 3543//3 3542//3
f 3539//4 3540//4 3544//4
f 3539//4 3544//4 3543//4
f 3540//5 3537//5 3541//5
f 3540//5 3541//5 3544//5
f 3549//1 3550//1 3551//1
f 3549//1 3551//1 3552//1
f 3545//2 3546//2 3550//2
f 3545//2 3550//2 3549//2
f 3546//3 3547//3 3551//3
f 3546//3 3551//3 3550//3
f 3547//4 3548//4 3552//4
f 3547//4 3552//4 3551//4
f 3548//5 3545//5 3549//5
f 3548//5 3549//5 3552//5
f 3557//1 3558//1 3559//1
f 3557//1 3559//1 3560//1
f 3553//2 3554//2 3558//2
f 3553//2 3558//2 3557//2
f 3554//3 3555//3 3559//3
f 3554//3 3559//3 3558//3
f 3555//4 3556//4 3560//4
f 3555//4 3560//4 3559//4
f 3556//5 3553//5 3557//5
f 3556//5 3557//5 3560//5
f 3565//1 3566//1 3567//1
f 3565//1 3567//1 3568//1
f 3561//2 3562//2 3566//2
f 3561//2 3566//2 3565//2
f 3562//3 3563//3 3567//3
f 3562//3 3567//3 3566//3
f 3563//4 3564//4 3568//4
f 3563//4 3568//4 3567//4
f 3564//5 3561//5 3565//5
f 3564//5 3565//5 3568//5
f 3573//1 3574//1 3575//1
f 3573//1 3575//1 3576//1
f 3569//2 3570//2 3574//2
f 3569//2 3574//2 3573//2
f 3570//3 3571//3 3575//3
f 3570//3 3575//3 3574//3
f 3571//4 3572//4 3576//4
f 3571//4 3576//4 3575//4
f 3572//5 3569//5 3573//5
f 3572//5 3573//5 3576//5
f 3581//1 3582//1 3583//1
f 3581//1 3583//1 3584//1
f 3577//2 3578//2 3582//2
f 3577//2 3582//2 3581//2
f 3578//3 3579//3 3583//3
f 3578//3 3583//3 3582//3
f 3579//4 3580//4 3584//4
f 3579//4 3584//4 3583//4
f 3580//5 3577//5 3581//5
f 3580//5 3581//5 3584//5
f 3589//1 3590//1 3591//1
f 3589//1 3591//1 3592//1
f 3585//2 3586//2 3590//2
f 3585//2 3590//2 3589//2
f 3586//3 3587//3 3591//3
f 3586//3 3591//3 3590//3
f 3587//4 3588//4 3592//4
f 3587//4 3592//4 3591//4
f 3588//5 3585//5 3589//5
f 3588//5 3589//5 3592//5
f 3597//1 3598//1 3599//1
f 3597//1 3599//1 3600//1
f 3593//2 3594//2 3598//2
f 3593//2 3598//2 3597//2
f 3594//3 3595//3 3599//3
f 3594//3 3599//3 3598//3
f 3595//4 3596//4 3600//4
f 3595//4 3600//4 3599//4
f 3596//5 3593//5 3597//5
f 3596//5 3597//5 3600//5
f 3605//1 3606//1 3607//1
f 3605//1 3607//1 3608//1
f 3601//2 3602//2 3606//2
f 3601//2 3606//2 3605//2
f 3602//3 3603//3 3607//3
f 3602//3 3607//3 3606//3
f 3603//4 3604//4 3608//4
f 3603//4 3608//4 3607//4
f 3604//5 3601//5 3605//5
f 3604//5 3605//5 3608//5
f 3613//1 3614//1 3615//1
f 3613//1 3615//1 3616//1
f 3609//2 3610//2 3614//2
f 3609//2 3614//2 3613//2
f 3610//3 3611//3 3615//3
f 3610//3 3615//3 3614//3
f 3611//4 3612//4 3616//4
f 3611//4 3616//4 3615//4
f 3612//5 3609//5 3613//5
f 3612//5 3613//5 3616//5
f 3621//1 3622//1 3623//1
f 3621//1 3623//1 3624//1
f 3617//2 3618//2 3622//2
f 3617//2 3622//2 3621//2
f 3618//3 3619//3 3623//3
f 3618//3 3623//3 3622//3
f 3619//4 3620//4 3624//4
f 3619//4 3624//4 3623//4
f 3620//5 3617//5 3621//5
f 3620//5 3621//5 3624//5
f 3629//1 3630//1 3631//1
f 3629//1 3631//1 3632//1
f 3625//2 3626//2 3630//2
f 3625//2 3630//2 3629//2
f 3626//3 3627//3 3631//3
f 3626//3 3631//3 3630//3
f 3627//4 3628//4 3632//4
f 3627//4 3632//4 3631//4
f 3628//5 3625//5 3629//5
f 3628//5 3629//5 3632//5
f 3637//1 3638//1 3639//1
f 3637//1 3639//1 3640//1
f 3633//2 3634//2 3638//2
f 3633//2 3638//2 3637//2
f 3634//3 3635//3 3639//3
f 3634//3 3639//3 3638//3
f 3635//4 3636//4 3640//4
f 3635//4 3640//4 3639//4
f 3636//5 3633//5 3637//5
f 3636//5 3637//5 3640//5
f 3645//1 3646//1 3647//1
f 3645//1 3647//1 3648//1
f 3641//2 3642//2 3646//2
f 3641//2 3646//2 3645//2
f 3642//3 3643//3 3647//3
f 3642//3 3647//3 3646//3
f 3643//4 3644//4 3648//4
f 3643//4 3648//4 3647//4
f 3644//5 3641//5 3645//5
f 3644//5 3645//5 3648//5
f 3653//1 3654//1 3655//1
f 3653//1 3655//1 3656//1
f 3649//2 3650//2 3654//2
f 3649//2 3654//2 3653//2
f 3650//3 3651//3 3655//3
f 3650//3 3655//3 3654//3
f 3651//4 3652//4 3656//4
f 3651//4 3656//4 3655//4
f 3652//5 3649//5 3653//5
f 3652//5 3653//5 3656//5
f 3661//1 3662//1 3663//1
f 3661//1 3663//1 3664//1
f 3657//2 3658//2 3662//2
f 3657//2 3662//2 3661//2
f 3658//3 3659//3 3663//3
f 3658//3 3663//3 3662//3
f 3659//4 3660//4 3664//4
f 3659//4 3664//4 3663//4
f 3660//5 3657//5 3661//5
f 3660//5 3661//5 3664//5
f 3669//1 3670//1 3671//1
f 3669//1 3671//1 3672//1
f 3665//2 3666//2 3670//2
f 3665//2 3670//2 3669//2
f 3666//3 3667//3 3671//3
f 3666//3 3671//3 3670//3
f 3667//4 3668//4 3672//4
f 3667//4 3672//4 3671//4
f 3668//5 3665//5 3669//5
f 3668//5 3669//5 3672//5
f 3677//1 3678//1 3679//1
f 3677//1 3679//1 3680//1
f 3673//2 3674//2 3678//2
f 3673//2 3678//2 3677//2
f 3674//3 3675//3 3679//3
f 3674//3 3679//3 3678//3
f 3675//4 3676//4 3680//4
f 3675//4 3680//4 3679//4
f 3676//5 3673//5 3677//5
f 3676//5 3677//5 3680//5
f 3685//1 3686//1 3687//1
f 3685//1 3687//1 3688//1
f 3681//2 3682//2 3686//2
f 3681//2 3686//2 3685//2
f 3682//3 3683//3 3687//3
f 3682//3 3687//3 3686//3
f 3683//4 3684//4 3688//4
f 3683//4 3688//4 3687//4
f 3684//5 3681//5 3685//5
f 3684//5 3685//5 3688//5
f 3693//1 3694//1 3695//1
f 3693//1 3695//1 3696//1
f 3689//2 3690//2 3694//2
f 3689//2 3694//2 3693//2
f 3690//3 3691//3 3695//3
f 3690//3 3695//3 3694//3
f 3691//4 3692//4 3696//4
f 3691//4 3696//4 3695//4
f 3692//5 3689//5 3693//5
f 3692//5 3693//5 3696//5
f 3701//1 3702//1 3703//1
f 3701//1 3703//1 3704//1
f 3697//2 3698//2 3702//2
f 3697//2 3702//2 3701//2
f 3698//3 3699//3 3703//3
f 3698//3 3703//3 3702//3
f 3699//4 3700//4 3704//4
f 3699//4 3704//4 3703//4
f 3700//5 3697//5 3701//5
f 3700//5 3701//5 3704//5
f 3709//1 3710//1 3711//1
f 3709//1 3711//1 3712//1
f 3705//2 3706//2 3710//2
f 3705//2 3710//2 3709//2
f 3706//3 3707//3 3711//3
f 3706//3 3711//3 3710//3
f 3707//4 3708//4 3712//4
f 3707//4 3712//4 3711//4
f 3708//5 3705//5 3709//5
f 3708//5 3709//5 3712//5
f 3717//1 3718//1 3719//1
f 3717//1 3719//1 3720//1
f 3713//2 3714//2 3718//2
f 3713//2 3718//2 3717//2
f 3714//3 3715//3 3719//3
f 3714//3 3719//3 3718//3
f 3715//4 3716//4 3720//4
f 3715//4 3720//4 3719//4
f 3716//5 3713//5 3717//5
f 3716//5 3717//5 3720//5
f 3725//1 3726//1 3727//1
f 3725//1 3727//1 3728//1
f 3721//2 3722//2 3726//2
f 3721//2 3726//2 3725//2
f 3722//3 3723//3 3727//3
f 3722//3 3727//3 3726//3
f 3723//4 3724//4 3728//4
f 3723//4 3728//4 3727//4
f 3724//5 3721//5 3725//5
f 3724//5 3725//5 3728//5
f 3733//1 3734//1 3735//1
f 3733//1 3735//1 3736//1
f 3729//2 3730//2 3734//2
f 3729//2 3734//2 3733//2
f 3730//3 3731//3 3735//3
f 3730//3 3735//3 3734//3
f 3731//4 3732//4 3736//4
f 3731//4 3736//4 3735//4
f 3732//5 3729//5 3733//5
f 3732//5 3733//5 3736//5
f 3741//1 3742//1 3743//1
f 3741//1 3743//1 3744//1
f 3737//2 3738//2 3742//2
f 3737//2 3742//2 3741//2
f 3738//3 3739//3 3743//3
f 3738//3 3743//3 3742//3
f 3739//4 3740//4 3744//4
f 3739//4 3744//4 3743//4
f 3740//5 3737//5 3741//5
f 3740//5 3741//5 3744//5
f 3749//1 3750//1 3751//1
f 3749//1 3751//1 3752//1
f 3745//2 3746//2 3750//2
f 3745//2 3750//2 3749//2
f 3746//3 3747//3 3751//3
f 3746//3 3751//3 3750//3
f 3747//4 3748//4 3752//4
f 3747//4 3752//4 3751//4
f 3748//5 3745//5 3749//5
f 3748//5 3749//5 3752//5
f 3757//1 3758//1 3759//1
f 3757//1 3759//1 3760//1
f 3753//2 3754//2 3758//2
f 3753//2 3758//2 3757//2
f 3754//3 3755//3 3759//3
f 3754//3 3759//3 3758//3
f 3755//4 3756//4 3760//4
f 3755//4 3760//4 3759//4
f 3756//5 3753//5 3757//5
f 3756//5 3757//5 3760//5
f 3765//1 3766//1 3767//1
f 3765//1 3767//1 3768//1
f 3761//2 3762//2 3766//2
f 3761//2 3766//2 3765//2
f 3762//3 3763//3 3767//3
f 3762//3 3767//3 3766//3
f 3763//4 3764//4 3768//4
f 3763//4 3768//4 3767//4
f 3764//5 3761//5 3765//5
f 3764//5 3765//5 3768//5
f 3773//1 3774//1 3775//1
f 3773//1 3775//1 3776//1
f 3769//2 3770//2 3774//2
f 3769//2 3774//2 3773//2
f 3770//3 3771//3 3775//3
f 3770//3 3775//3 3774//3
f 3771//4 3772//4 3776//4
f 3771//4 3776//4 3775//4
f 3772//5 3769//5 3773//5
f 3772//5 3773//5 3776//5
f 3781//1 3782//1 3783//1
f 3781//1 3783//1 3784//1
f 3777//2 3778//2 3782//2
f 3777//2 3782//2 3781//2
f 3778//3 3779//3 3783//3
f 3778//3 3783//3 3782//3
f 3779//4 3780//4 3784//4
f 3779//4 3784//4 3783//4
f 3780//5 3777//5 3781//5
f 3780//5 3781//5 3784//5
f 3789//1 3790//1 3791//1
f 3789//1 3791//1 3792//1
f 3785//2 3786//2 3790//2
f 3785//2 3790//2 3789//2
f 3786//3 3787//3 3791//3
f 3786//3 3791//3 3790//3
f 3787//4 3788//4 3792//4
f 3787//4 3792//4 3791//4
f 3788//5 3785//5 3789//5
f 3788//5 3789//5 3792//5
f 3797//1 3798//1 3799//1
f 3797//1 3799//1 3800//1
f 3793//2 3794//2 3798//2
f 3793//2 3798//2 3797//2
f 3794//3 3795//3 3799//3
f 3794//3 3799//3 3798//3
f 3795//4 3796//4 3800//4
f 3795//4 3800//4 3799//4
f 3796//5 3793//5 3797//5
f 3796//5 3797//5 3800//5
f 3805//1 3806//1 3807//1
f 3805//1 3807//1 3808//1
f 3801//2 3802//2 3806//2
f 3801//2 3806//2 3805//2
f 3802//3 3803//3 3807//3
f 3802//3 3807//3 3806//3
f 3803//4 3804//4 3808//4
f 3803//4 3808//4 3807//4
f 3804//5 3801//5 3805//5
f 3804//5 3805//5 3808//5
f 3813//1 3814//1 3815//1
f 3813//1 3815//1 3816//1
f 3809//2 3810//2 3814//2
f 3809//2 3814//2 3813//2
f 3810//3 3811//3 3815//3
f 3810//3 3815//3 3814//3
f 3811//4 3812//4 3816//4
f 3811//4 3816//4 3815//4
f 3812//5 3809//5 3813//5
f 3812//5 3813//5 3816//5
f 3821//1 3822//1 3823//1
f 3821//1 3823//1 3824//1
f 3817//2 3818//2 3822//2
f 3817//2 3822//2 3821//2
f 3818//3 3819//3 3823//3
f 3818//3 3823//3 3822//3
f 3819//4 3820//4 3824//4
f 3819//4 3824//4 3823//4
f 3820//5 3817//5 3821//5
f 3820//5 3821//5 3824//5
f 3829//1 3830//1 3831//1
f 3829//1 3831//1 3832//1
f 3825//2 3826//2 3830//2
f 3825//2 3830//2 3829//2
f 3826//3 3827//3 3831//3
f 3826//3 3831//3 3830//3
f 3827//4 3828//4 3832//4
f 3827//4 3832//4 3831//4
f 3828//5 3825//5 3829//5
f 3828//5 3829//5 3832//5
f 3837//1 3838//1 3839//1
f 3837//1 3839//1 3840//1
f 3833//2 3834//2 3838//2
f 3833//2 3838//2 3837//2
f 3834//3 3835//3 3839//3
f 3834//3 3839//3 3838//3
f 3835//4 3836//4 3840//4
f 3835//4 3840//4 3839//4
f 3836//5 3833//5 3837//5
f 3836//5 3837//5 3840//5
f 3845//1 3846//1 3847//1
f 3845//1 3847//1 3848//1
f 3841//2 3842//2 3846//2
f 3841//2 3846//2 3845//2
f 3842//3 3843//3 3847//3
f 3842//3 3847//3 3846//3
f 3843//4 3844//4 3848//4
f 3843//4 3848//4 3847//4
f 3844//5 3841//5 3845//5
f 3844//5 3845//5 3848//5
f 3853//1 3854//1 3855//1
f 3853//1 3855//1 3856//1
f 3849//2 3850//2 3854//2
f 3849//2 3854//2 3853//2
f 3850//3 3851//3 3855//3
f 3850//3 3855//3 3854//3
f 3851//4 3852//4 3856//4
f 3851//4 3856//4 3855//4
f 3852//5 3849//5 3853//5
f 3852//5 3853//5 3856//5
f 3861//1 3862//1 3863//1
f 3861//1 3863//1 3864//1
f 3857//2 3858//2 3862//2
f 3857//2 3862//2 3861//2
f 3858//3 3859//3 3863//3
f 3858//3 3863//3 3862//3
f 3859//4 3860//4 3864//4
f 3859//4 3864//4 3863//4
f 3860//5 3857//5 3861//5
f 3860//5 3861//5 3864//5
f 3869//1 3870//1 3871//1
f 3869//1 3871//1 3872//1
f 3865//2 3866//2 3870//2
f 3865//2 3870//2 3869//2
f 3866//3 3867//3 3871//3
f 3866//3 3871//3 3870//3
f 3867//4 3868//4 3872//4
f 3867//4 3872//4 3871//4
f 3868//5 3865//5 3869//5
f 3868//5 3869//5 3872//5
f 3877//1 3878//1 3879//1
f 3877//1 3879//1 3880//1
f 3873//2 3874//2 3878//2
f 3873//2 3878//2 3877//2
f 3874//3 3875//3 3879//3
f 3874//3 3879//3 3878//3
f 3875//4 3876//4 3880//4
f 3875//4 3880//4 3879//4
f 3876//5 3873//5 3877//5
f 3876//5 3877//5 3880//5
f 3885//1 3886//1 3887//1
f 3885//1 3887//1 3888//1
f 3881//2 3882//2 3886//2
f 3881//2 3886//2 3885//2
f 3882//3 3883//3 3887//3
f 3882//3 3887//3 3886//3
f 3883//4 3884//4 3888//4
f 3883//4 3888//4 3887//4
f 3884//5 3881//5 3885//5
f 3884//5 3885//5 3888//5
f 3893//1 3894//1 3895//1
f 3893//1 3895//1 3896//1
f 3889//2 3890//2 3894//2
f 3889//2 3894//2 3893//2
f 3890//3 3891//3 3895//3
f 3890//3 3895//3 3894//3
f 3891//4 3892//4 3896//4
f 3891//4 3896//4 3895//4
f 3892//5 3889//5 3893//5
f 3892//5 3893//5 3896//5
f 3901//1 3902//1 3903//1
f 3901//1 3903//1 3904//1
f 3897//2 3898//2 3902//2
f 3897//2 3902//2 3901//2
f 3898//3 3899//3 3903//3
f 3898//3 3903//3 3902//3
f 3899//4 3900//4 3904//4
f 3899//4 3904//4 3903//4
f 3900//5 3897//5 3901//5
f 3900//5 3901//5 3904//5
f 3909//1 3910//1 3911//1
f 3909//1 3911//1 3912//1
f 3905//2 3906//2 3910//2
f 3905//2 3910//2 3909//2
f 3906//3 3907//3 3911//3
f 3906//3 3911//3 3910//3
f 3907//4 3908//4 3912//4
f 3907//4 3912//4 3911//4
f 3908//5 3905//5 3909//5
f 3908//5 3909//5 3912//5
f 3917//1 3918//1 3919//1
f 3917//1 3919//1 3920//1
f 3913//2 3914//2 3918//2
f 3913//2 3918//2 3917//2
f 3914//3 3915//3 3919//3
f 3914//3 3919//3 3918//3
f 3915//4 3916//4 3920//4
f 3915//4 3920//4 3919//4
f 3916//5 3913//5 3917//5
f 3916//5 3917//5 3920//5
f 3925//1 3926//1 3927//1
f 3925//1 3927//1 3928//1
f 3921//2 3922//2 3926//2
f 3921//2 3926//2 3925//2
f 3922//3 3923//3 3927//3
f 3922//3 3927//3 3926//3
f 3923//4 3924//4 3928//4
f 3923//4 3928//4 3927//4
f 3924//5 3921//5 3925//5
f 3924//5 3925//5 3928//5
f 3933//1 3934//1 3935//1
f 3933//1 3935//1 3936//1
f 3929//2 3930//2 3934//2
f 3929//2 3934//2 3933//2
f 3930//3 3931//3 3935//3
f 3930//3 3935//3 3934//3
f 3931//4 3932//4 3936//4
f 3931//4 3936//4 3935//4
f 3932//5 3929//5 3933//5
f 3932//5 3933//5 3936//5
f 3941//1 3942//1 3943//1
f 3941//1 3943//1 3944//1
f 3937//2 3938//2 3942//2
f 3937//2 3942//2 3941//2
f 3938//3 3939//3 3943//3
f 3938//3 3943//3 3942//3
f 3939//4 3940//4 3944//4
f 3939//4 3944//4 3943//4
f 3940//5 3937//5 3941//5
f 3940//5 3941//5 3944//5
f 3949//1 3950//1 3951//1
f 3949//1 3951//1 3952//1
f 3945//2 3946//2 3950//2
f 3945//2 3950//2 3949//2
f 3946//3 3947//3 3951//3
f 3946//3 3951//3 3950//3
f 3947//4 3948//4 3952//4
f 3947//4 3952//4 3951//4
f 3948//5 3945//5 3949//5
f 3948//5 3949//5 3952//5
f 3957//1 3958//1 3959//1
f 3957//1 3959//1 3960//1
f 3953//2 3954//2 3958//2
f 3953//2 3958//2 3957//2
f 3954//3 3955//3 3959//3
f 3954//3 3959//3 3958//3
f 3955//4 3956//4 3960//4
f 3955//4 3960//4 3959//4
f 3956//5 3953//5 3957//5
f 3956//5 3957//5 3960//5
f 3965//1 3966//1 3967//1
f 3965//1 3967//1 3968//1
f 3961//2 3962//2 3966//2
f 3961//2 3966//2 3965//2
f 3962//3 3963//3 3967//3
f 3962//3 3967//3 3966//3
f 3963//4 3964//4 3968//4
f 3963//4 3968//4 3967//4
f 3964//5 3961//5 3965//5
f 3964//5 3965//5 3968//5
f 3973//1 3974//1 3975//1
f 3973//1 3975//1 3976//1
f 3969//2 3970//2 3974//2
f 3969//2 3974//2 3973//2
f 3970//3 3971//3 3975//3
f 3970//3 3975//3 3974//3
f 3971//4 3972//4 3976//4
f 3971//4 3976//4 3975//4
f 3972//5 3969//5 3973//5
f 3972//5 3973//5 3976//5
f 3981//1 3982//1 3983//1
f 3981//1 3983//1 3984//1
f 3977//2 3978//2 3982//2
f 3977//2 3982//2 3981//2
f 3978//3 3979//3 3983//3
f 3978//3 3983//3 3982//3
f 3979//4 3980//4 3984//4
f 3979//4 3984//4 3983//4
f 3980//5 3977//5 3981//5
f 3980//5 3981//5 3984//5
f 3989//1 3990//1 3991//1
f 3989//1 3991//1 3992//1
f 3985//2 3986//2 3990//2
f 3985//2 3990//2 3989//2
f 3986//3 3987//3 3991//3
f 3986//3 3991//3 3990//3
f 3987//4 3988//4 3992//4
f 3987//4 3992//4 3991//4
f 3988//5 3985//5 3989//5
f 3988//5 3989//5 3992//5
f 3997//1 3998//1 3999//1
f 3997//1 3999//1 4000//1
f 3993//2 3994//2 3998//2
f 3993//2 3998//2 3997//2
f 3994//3 3995//3 3999//3
f 3994//3 3999//3 3998//3
f 3995//4 3996//4 4000//4
f 3995//4 4000//4 3999//4
f 3996//5 3993//5 3997//5
f 3996//5 3997//5 4000//5
f 4005//1 4006//1 4007//1
f 4005//1 4007//1 4008//1
f 4001//2 4002//2 4006//2
f 4001//2 4006//2 4005//2
f 4002//3 4003//3 4007//3
f 4002//3 4007//3 4006//3
f 4003//4 4004//4 4008//4
f 4003//4 4008//4 4007//4
f 4004//5 4001//5 4005//5
f 4004//5 4005//5 4008//5
f 4013//1 4014//1 4015//1
f 4013//1 4015//1 4016//1
f 4009//2 4010//2 4014//2
f 4009//2 4014//2 4013//2
f 4010//3 4011//3 4015//3
f 4010//3 4015//3 4014//3
f 4011//4 4012//4 4016//4
f 4011//4 4016//4 4015//4
f 4012//5 4009//5 4013//5
f 4012//5 4013//5 4016//5
f 4021//1 4022//1 4023//1
f 4021//1 4023//1 4024//1
f 4017//2 4018//2 4022//2
f 4017//2 4022//2 4021//2
f 4018//3 4019//3 4023//3
f 4018//3 4023//3 4022//3
f 4019//4 4020//4 4024//4
f 4019//4 4024//4 4023//4
f 4020//5 4017//5 4021//5
f 4020//5 4021//5 4024//5
f 4029//1 4030//1 4031//1
f 4029//1 4031//1 4032//1
f 4025//2 4026//2 4030//2
f 4025//2 4030//2 4029//2
f 4026//3 4027//3 4031//3
f 4026//3 4031//3 4030//3
f 4027//4 4028//4 4032//4
f 4027//4 4032//4 4031//4
f 4028//5 4025//5 4029//5
f 4028//5 4029//5 4032//5
f 4037//1 4038//1 4039//1
f 4037//1 4039//1 4040//1
f 4033//2 4034//2 4038//2
f 4033//2 4038//2 4037//2
f 4034//3 4035//3 4039//3
f 4034//3 4039//3 4038//3
f 4035//4 4036//4 4040//4
f 4035//4 4040//4 4039//4
f 4036//5 4033//5 4037//5
f 4036//5 4037//5 4040//5
f 4045//1 4046//1 4047//1
f 4045//1 4047//1 4048//1
f 4041//2 4042//2 4046//2
f 4041//2 4046//2 4045//2
f 4042//3 4043//3 4047//3
f 4042//3 4047//3 4046//3
f 4043//4 4044//4 4048//4
f 4043//4 4048//4 4047//4
f 4044//5 4041//5 4045//5
f 4044//5 4045//5 4048//5
f 4053//1 4054//1 4055//1
f 4053//1 4055//1 4056//1
f 4049//2 4050//2 4054//2
f 4049//2 4054//2 4053//2
f 4050//3 4051//3 4055//3
f 4050//3 4055//3 4054//3
f 4051//4 4052//4 4056//4
f 4051//4 4056//4 4055//4
f 4052//5 4049//5 4053//5
f 4052//5 4053//5 4056//5
f 4061//1 4062//1 4063//1
f 4061//1 4063//1 4064//1
f 4057//2 4058//2 4062//2
f 4057//2 4062//2 4061//2
f 4058//3 4059//3 4063//3
f 4058//3 4063//3 4062//3
f 4059//4 4060//4 4064//4
f 4059//4 4064//4 4063//4
f 4060//5 4057//5 4061//5
f 4060//5 4061//5 4064//5
f 4069//1 4070//1 4071//1
f 4069//1 4071//1 4072//1
f 4065//2 4066//2 4070//2
f 4065//2 4070//2 4069//2
f 4066//3 4067//3 4071//3
f 4066//3 4071//3 4070//3
f 4067//4 4068//4 4072//4
f 4067//4 4072//4 4071//4
f 4068//5 4065//5 4069//5
f 4068//5 4069//5 4072//5
f 4077//1 4078//1 4079//1
f 4077//1 4079//1 4080//1
f 4073//2 4074//2 4078//2
f 4073//2 4078//2 4077//2
f 4074//3 4075//3 4079//3
f 4074//3 4079//3 4078//3
f 4075//4 4076//4 4080//4
f 4075//4 4080//4 4079//4
f 4076//5 4073//5 4077//5
f 4076//5 4077//5 4080//5
f 4085//1 4086//1 4087//1
f 4085//1 4087//1 4088//1
f 4081//2 4082//2 4086//2
f 4081//2 4086//2 4085//2
f 4082//3 4083//3 4087//3
f 4082//3 4087//3 4086//3
f 4083//4 4084//4 4088//4
f 4083//4 4088//4 4087//4
f 4084//5 4081//5 4085//5
f 4084//5 4085//5 4088//5
f 4093//1 4094//1 4095//1
f 4093//1 4095//1 4096//1
f 4089//2 4090//2 4094//2
f 4089//2 4094//2 4093//2
f 4090//3 4091//3 4095//3
f 4090//3 4095//3 4094//3
f 4091//4 4092//4 4096//4
f 4091//4 4096//4 4095//4
f 4092//5 4089//5 4093//5
f 4092//5 4093//5 4096//5
f 4101//1 4102//1 4103//1
f 4101//1 4103//1 4104//1
f 4097//2 4098//2 4102//2
f 4097//2 4102//2 4101//2
f 4098//3 4099//3 4103//3
f 4098//3 4103//3 4102//3
f 4099//4 4100//4 4104//4
f 4099//4 4104//4 4103//4
f 4100//5 4097//5 4101//5
f 4100//5 4101//5 4104//5
f 4109//1 4110//1 4111//1
f 4109//1 4111//1 4112//1
f 4105//2 4106//2 4110//2
f 4105//2 4110//2 4109//2
f 4106//3 4107//3 4111//3
f 4106//3 4111//3 4110//3
f 4107//4 4108//4 4112//4
f 4107//4 4112//4 4111//4
f 4108//5 4105//5 4109//5
f 4108//5 4109//5 4112//5
f 4117//1 4118//1 4119//1
f 4117//1 4119//1 4120//1
f 4113//2 4114//2 4118//2
f 4113//2 4118//2 4117//2
f 4114//3 4115//3 4119//3
f 4114//3 4119//3 4118//3
f 4115//4 4116//4 4120//4
f 4115//4 4120//4 4119//4
f 4116//5 4113//5 4117//5
f 4116//5 4117//5 4120//5
f 4125//1 4126//1 4127//1
f 4125//1 4127//1 4128//1
f 4121//2 4122//2 4126//2
f 4121//2 4126//2 4125//2
f 4122//3 4123//3 4127//3
f 4122//3 4127//3 4126//3
f 4123//4 4124//4 4128//4
f 4123//4 4128//4 4127//4
f 4124//5 4121//5 4125//5
f 4124//5 4125//5 4128//5
f 4133//1 4134//1 4135//1
f 4133//1 4135//1 4136//1
f 4129//2 4130//2 4134//2
f 4129//2 4134//2 4133//2
f 4130//3 4131//3 4135//3
f 4130//3 4135//3 4134//3
f 4131//4 4132//4 4136//4
f 4131//4 4136//4 4135//4
f 4132//5 4129//5 4133//5
f 4132//5 4133//5 4136//5
f 4141//1 4142//1 4143//1
f 4141//1 4143//1 4144//1
f 4137//2 4138//2 4142//2
f 4137//2 4142//2 4141//2
f 4138//3 4139//3 4143//3
f 4138//3 4143//3 4142//3
f 4139//4 4140//4 4144//4
f 4139//4 4144//4 4143//4
f 4140//5 4137//5 4141//5
f 4140//5 4141//5 4144//5
f 4149//1 4150//1 4151//1
f 4149//1 4151//1 4152//1
f 4145//2 4146//2 4150//2
f 4145//2 4150//2 4149//2
f 4146//3 4147//3 4151//3
f 4146//3 4151//3 4150//3
f 4147//4 4148//4 4152//4
f 4147//4 4152//4 4151//4
f 4148//5 4145//5 4149//5
f 4148//5 4149//5 4152//5
f 4157//1 4158//1 4159//1
f 4157//1 4159//1 4160//1
f 4153//2 4154//2 4158//2
f 4153//2 4158//2 4157//2
f 4154//3 4155//3 4159//3
f 4154//3 4159//3 4158//3
f 4155//4 4156//4 4160//4
f 4155//4 4160//4 4159//4
f 4156//5 4153//5 4157//5
f 4156//5 4157//5 4160//5
f 4165//1 4166//1 4167//1
f 4165//1 4167//1 4168//1
f 4161//2 4162//2 4166//2
f 4161//2 4166//2 4165//2
f 4162//3 4163//3 4167//3
f 4162//3 4167//3 4166//3
f 4163//4 4164//4 4168//4
f 4163//4 4168//4 4167//4
f 4164//5 4161//5 4165//5
f 4164//5 4165//5 4168//5
f 4173//1 4174//1 4175//1
f 4173//1 4175//1 4176//1
f 4169//2 4170//2 4174//2
f 4169//2 4174//2 4173//2
f 4170//3 4171//3 4175//3
f 4170//3 4175//3 4174//3
f 4171//4 4172//4 4176//4
f 4171//4 4176//4 4175//4
f 4172//5 4169//5 4173//5
f 4172//5 4173//5 4176//5
f 4181//1 4182//1 4183//1
f 4181//1 4183//1 4184//1
f 4177//2 4178//2 4182//2
f 4177//2 4182//2 4181//2
f 4178//3 4179//3 4183//3
f 4178//3 4183//3 4182//3
f 4179//4 4180//4 4184//4
f 4179//4 4184//4 4183//4
f 4180//5 4177//5 4181//5
f 4180//5 4181//5 4184//5
f 4189//1 4190//1 4191//1
f 4189//1 4191//1 4192//1
f 4185//2 4186//2 4190//2
f 4185//2 4190//2 4189//2
f 4186//3 4187//3 4191//3
f 4186//3 4191//3 4190//3
f 4187//4 4188//4 4192//4
f 4187//4 4192//4 4191//4
f 4188//5 4185//5 4189//5
f 4188//5 4189//5 4192//5
f 4197//1 4198//1 4199//1
f 4197//1 4199//1 4200//1
f 4193//2 4194//2 4198//2
f 4193//2 4198//2 4197//2
f 4194//3 4195//3 4199//3
f 4194//3 4199//3 4198//3
f 4195//4 4196//4 4200//4
f 4195//4 4200//4 4199//4
f 4196//5 4193//5 4197//5
f 4196//5 4197//5 4200//5
f 4205//1 4206//1 4207//1
f 4205//1 4207//1 4208//1
f 4201//2 4202//2 4206//2
f 4201//2 4206//2 4205//2
f 4202//3 4203//3 4207//3
f 4202//3 4207//3 4206//3
f 4203//4 4204//4 4208//4
f 4203//4 4208//4 4207//4
f 4204//5 4201//5 4205//5
f 4204//5 4205//5 4208//5
f 4213//1 4214//1 4215//1
f 4213//1 4215//1 4216//1
f 4209//2 4210//2 4214//2
f 4209//2 4214//2 4213//2
f 4210//3 4211//3 4215//3
f 4210//3 4215//3 4214//3
f 4211//4 4212//4 4216//4
f 4211//4 4216//4 4215//4
f 4212//5 4209//5 4213//5
f 4212//5 4213//5 4216//5
f 4221//1 4222//1 4223//1
f 4221//1 4223//1 4224//1
f 4217//2 4218//2 4222//2
f 4217//2 4222//2 4221//2
f 4218//3 4219//3 4223//3
f 4218//3 4223//3 4222//3
f 4219//4 4220//4 4224//4
f 4219//4 4224//4 4223//4
f 4220//5 4217//5 4221//5
f 4220//5 4221//5 4224//5
f 4229//1 4230//1 4231//1
f 4229//1 4231//1 4232//1
f 4225//2 4226//2 4230//2
f 4225//2 4230//2 4229//2
f 4226//3 4227//3 4231//3
f 4226//3 4231//3 4230//3
f 4227//4 4228//4 4232//4
f 4227//4 4232//4 4231//4
f 4228//5 4225//5 4229//5
f 4228//5 4229//5 4232//5
f 4237//1 4238//1 4239//1
f 4237//1 4239//1 4240//1
f 4233//2 4234//2 4238//2
f 4233//2 4238//2 4237//2
f 4234//3 4235//3 4239//3
f 4234//3 4239//3 4238//3
f 4235//4 4236//4 4240//4
f 4235//4 4240//4 4239//4
f 4236//5 4233//5 4237//5
f 4236//5 4237//5 4240//5
f 4245//1 4246//1 4247//1
f 4245//1 4247//1 4248//1
f 4241//2 4242//2 4246//2
f 4241//2 4246//2 4245//2
f 4242//3 4243//3 4247//3
f 4242//3 4247//3 4246//3
f 4243//4 4244//4 4248//4
f 4243//4 4248//4 4247//4
f 4244//5 4241//5 4245//5
f 4244//5 4245//5 4248//5
f 4253//1 4254//1 4255//1
f 4253//1 4255//1 4256//1
f 4249//2 4250//2 4254//2
f 4249//2 4254//2 4253//2
f 4250//3 4251//3 4255//3
f 4250//3 4255//3 4254//3
f 4251//4 4252//4 4256//4
f 4251//4 4256//4 4255//4
f 4252//5 4249//5 4253//5
f 4252//5 4253//5 4256//5
f 4261//1 4262//1 4263//1
f 4261//1 4263//1 4264//1
f 4257//2 4258//2 4262//2
f 4257//2 4262//2 4261//2
f 4258//3 4259//3 4263//3
f 4258//3 4263//3 4262//3
f 4259//4 4260//4 4264//4
f 4259//4 4264//4 4263//4
f 4260//5 4257//5 4261//5
f 4260//5 4261//5 4264//5
f 4269//1 4270//1 4271//1
f 4269//1 4271//1 4272//1
f 4265//2 4266//2 4270//2
f 4265//2 4270//2 4269//2
f 4266//3 4267//3 4271//3
f 4266//3 4271//3 4270//3
f 4267//4 4268//4 4272//4
f 4267//4 4272//4 4271//4
f 4268//5 4265//5 4269//5
f 4268//5 4269//5 4272//5
f 4277//1 4278//1 4279//1
f 4277//1 4279//1 4280//1
f 4273//2 4274//2 4278//2
f 4273//2 4278//2 4277//2
f 4274//3 4275//3 4279//3
f 4274//3 4279//3 4278//3
f 4275//4 4276//4 4280//4
f 4275//4 4280//4 4279//4
f 4276//5 4273//5 4277//5
f 4276//5 4277//5 4280//5
f 4285//1 4286//1 4287//1
f 4285//1 4287//1 4288//1
f 4281//2 4282//2 4286//2
f 4281//2 4286//2 4285//2
f 4282//3 4283//3 4287//3
f 4282//3 4287//3 4286//3
f 4283//4 4284//4 4288//4
f 4283//4 4288//4 4287//4
f 4284//5 4281//5 4285//5
f 4284//5 4285//5 4288//5
f 4293//1 4294//1 4295//1
f 4293//1 4295//1 4296//1
f 4289//2 4290//2 4294//2
f 4289//2 4294//2 4293//2
f 4290//3 4291//3 4295//3
f 4290//3 4295//3 4294//3
f 4291//4 4292//4 4296//4
f 4291//4 4296//4 4295//4
f 4292//5 4289//5 4293//5
f 4292//5 4293//5 4296//5
f 4301//1 4302//1 4303//1
f 4301//1 4303//1 4304//1
f 4297//2 4298//2 4302//2
f 4297//2 4302//2 4301//2
f 4298//3 4299//3 4303//3
f 4298//3 4303//3 4302//3
f 4299//4 4300//4 4304//4
f 4299//4 4304//4 4303//4
f 4300//5 4297//5 4301//5
f 4300//5 4301//5 4304//5
f 4309//1 4310//1 4311//1
f 4309//1 4311//1 4312//1
f 4305//2 4306//2 4310//2
f 4305//2 4310//2 4309//2
f 4306//3 4307//3 4311//3
f 4306//3 4311//3 4310//3
f 4307//4 4308//4 4312//4
f 4307//4 4312//4 4311//4
f 4308//5 4305//5 4309//5
f 4308//5 4309//5 4312//5
f 4317//1 4318//1 4319//1
f 4317//1 4319//1 4320//1
f 4313//2 4314//2 4318//2
f 4313//2 4318//2 4317//2
f 4314//3 4315//3 4319//3
f 4314//3 4319//3 4318//3
f 4315//4 4316//4 4320//4
f 4315//4 4320//4 4319//4
f 4316//5 4313//5 4317//5
f 4316//5 4317//5 4320//5
f 4325//1 4326//1 4327//1
f 4325//1 4327//1 4328//1
f 4321//2 4322//2 4326//2
f 4321//2 4326//2 4325//2
f 4322//3 4323//3 4327//3
f 4322//3 4327//3 4326//3
f 4323//4 4324//4 4328//4
f 4323//4 4328//4 4327//4
f 4324//5 4321//5 4325//5
f 4324//5 4325//5 4328//5
f 4333//1 4334//1 4335//1
f 4333//1 4335//1 4336//1
f 4329//2 4330//2 4334//2
f 4329//2 4334//2 4333//2
f 4330//3 4331//3 4335//3
f 4330//3 4335//3 4334//3
f 4331//4 4332//4 4336//4
f 4331//4 4336//4 4335//4
f 4332//5 4329//5 4333//5
f 4332//5 4333//5 4336//5
f 4341//1 4342//1 4343//1
f 4341//1 4343//1 4344//1
f 4337//2 4338//2 4342//2
f 4337//2 4342//2 4341//2
f 4338//3 4339//3 4343//3
f 4338//3 4343//3 4342//3
f 4339//4 4340//4 4344//4
f 4339//4 4344//4 4343//4
f 4340//5 4337//5 4341//5
f 4340//5 4341//5 4344//5
f 4349//1 4350//1 4351//1
f 4349//1 4351//1 4352//1
f 4345//2 4346//2 4350//2
f 4345//2 4350//2 4349//2
f 4346//3 4347//3 4351//3
f 4346//3 4351//3 4350//3
f 4347//4 4348//4 4352//4
f 4347//4 4352//4 4351//4
f 4348//5 4345//5 4349//5
f 4348//5 4349//5 4352//5
f 4357//1 4358//1 4359//1
f 4357//1 4359//1 4360//1
f 4353//2 4354//2 4358//2
f 4353//2 4358//2 4357//2
f 4354//3 4355//3 4359//3
f 4354//3 4359//3 4358//3
f 4355//4 4356//4 4360//4
f 4355//4 4360//4 4359//4
f 4356//5 4353//5 4357//5
f 4356//5 4357//5 4360//5
f 4365//1 4366//1 4367//1
f 4365//1 4367//1 4368//1
f 4361//2 4362//2 4366//2
f 4361//2 4366//2 4365//2
f 4362//3 4363//3 4367//3
f 4362//3 4367//3 4366//3
f 4363//4 4364//4 4368//4
f 4363//4 4368//4 4367//4
f 4364//5 4361//5 4365//5
f 4364//5 4365//5 4368//5
f 4373//1 4374//1 4375//1
f 4373//1 4375//1 4376//1
f 4369//2 4370//2 4374//2
f 4369//2 4374//2 4373//2
f 4370//3 4371//3 4375//3
f 4370//3 4375//3 4374//3
f 4371//4 4372//4 4376//4
f 4371//4 4376//4 4375//4
f 4372//5 4369//5 4373//5
f 4372//5 4373//5 4376//5
f 4381//1 4382//1 4383//1
f 4381//1 4383//1 4384//1
f 4377//2 4378//2 4382//2
f 4377//2 4382//2 4381//2
f 4378//3 4379//3 4383//3
f 4378//3 4383//3 4382//3
f 4379//4 4380//4 4384//4
f 4379//4 4384//4 4383//4
f 4380//5 4377//5 4381//5
f 4380//5 4381//5 4384//5
f 4389//1 4390//1 4391//1
f 4389//1 4391//1 4392//1
f 4385//2 4386//2 4390//2
f 4385//2 4390//2 4389//2
f 4386//3 4387//3 4391//3
f 4386//3 4391//3 4390//3
f 4387//4 4388//4 4392//4
f 4387//4 4392//4 4391//4
f 4388//5 4385//5 4389//5
f 4388//5 4389//5 4392//5
f 4397//1 4398//1 4399//1
f 4397//1 4399//1 4400//1
f 4393//2 4394//2 4398//2
f 4393//2 4398//2 4397//2
f 4394//3 4395//3 4399//3
f 4394//3 4399//3 4398//3
f 4395//4 4396//4 4400//4
f 4395//4 4400//4 4399//4
f 4396//5 4393//5 4397//5
f 4396//5 4397//5 4400//5
f 4405//1 4406//1 4407//1
f 4405//1 4407//1 4408//1
f 4401//2 4402//2 4406//2
f 4401//2 4406//2 4405//2
f 4402//3 4403//3 4407//3
f 4402//3 4407//3 4406//3
f 4403//4 4404//4 4408//4
f 4403//4 4408//4 4407//4
f 4404//5 4401//5 4405//5
f 4404//5 4405//5 4408//5
f 4413//1 4414//1 4415//1
f 4413//1 4415//1 4416//1
f 4409//2 4410//2 4414//2
f 4409//2 4414//2 4413//2
f 4410//3 4411//3 4415//3
f 4410//3 4415//3 4414//3
f 4411//4 4412//4 4416//4
f 4411//4 4416//4 4415//4
f 4412//5 4409//5 4413//5
f 4412//5 4413//5 4416//5
f 4421//1 4422//1 4423//1
f 4421//1 4423//1 4424//1
f 4417//2 4418//2 4422//2
f 4417//2 4422//2 4421//2
f 4418//3 4419//3 4423//3
f 4418//3 4423//3 4422//3
f 4419//4 4420//4 4424//4
f 4419//4 4424//4 4423//4
f 4420//5 4417//5 4421//5
f 4420//5 4421//5 4424//5
f 4429//1 4430//1 4431//1
f 4429//1 4431//1 4432//1
f 4425//2 4426//2 4430//2
f 4425//2 4430//2 4429//2
f 4426//3 4427//3 4431//3
f 4426//3 4431//3 4430//3
f 4427//4 4428//4 4432//4
f 4427//4 4432//4 4431//4
f 4428//5 4425//5 4429//5
f 4428//5 4429//5 4432//5
f 4437//1 4438//1 4439//1
f 4437//1 4439//1 4440//1
f 4433//2 4434//2 4438//2
f 4433//2 4438//2 4437//2
f 4434//3 4435//3 4439//3
f 4434//3 4439//3 4438//3
f 4435//4 4436//4 4440//4
f 4435//4 4440//4 4439//4
f 4436//5 4433//5 4437//5
f 4436//5 4437//5 4440//5
f 4445//1 4446//1 4447//1
f 4445//1 4447//1 4448//1
f 4441//2 4442//2 4446//2
f 4441//2 4446//2 4445//2
f 4442//3 4443//3 4447//3
f 4442//3 4447//3 4446//3
f 4443//4 4444//4 4448//4
f 4443//4 4448//4 4447//4
f 4444//5 4441//5 4445//5
f 4444//5 4445//5 4448//5
f 4453//1 4454//1 4455//1
f 4453//1 4455//1 4456//1
f 4449//2 4450//2 4454//2
f 4449//2 4454//2 4453//2
f 4450//3 4451//3 4455//3
f 4450//3 4455//3 4454//3
f 4451//4 4452//4 4456//4
f 4451//4 4456//4 4455//4
f 4452//5 4449//5 4453//5
f 4452//5 4453//5 4456//5
f 4461//1 4462//1 4463//1
f 4461//1 4463//1 4464//1
f 4457//2 4458//2 4462//2
f 4457//2 4462//2 4461//2
f 4458//3 4459//3 4463//3
f 4458//3 4463//3 4462//3
f 4459//4 4460//4 4464//4
f 4459//4 4464//4 4463//4
f 4460//5 4457//5 4461//5
f 4460//5 4461//5 4464//5
f 4469//1 4470//1 4471//1
f 4469//1 4471//1 4472//1
f 4465//2 4466//2 4470//2
f 4465//2 4470//2 4469//2
f 4466//3 4467//3 4471//3
f 4466//3 4471//3 4470//3
f 4467//4 4468//4 4472//4
f 4467//4 4472//4 4471//4
f 4468//5 4465//5 4469//5
f 4468//5 4469//5 4472//5
f 4477//1 4478//1 4479//1
f 4477//1 4479//1 4480//1
f 4473//2 4474//2 4478//2
f 4473//2 4478//2 4477//2
f 4474//3 4475//3 4479//3
f 4474//3 4479//3 4478//3
f 4475//4 4476//4 4480//4
f 4475//4 4480//4 4479//4
f 4476//5 4473//5 4477//5
f 4476//5 4477//5 4480//5
f 4485//1 4486//1 4487//1
f 4485//1 4487//1 4488//1
f 4481//2 4482//2 4486//2
f 4481//2 4486//2 4485//2
f 4482//3 4483//3 4487//3
f 4482//3 4487//3 4486//3
f 4483//4 4484//4 4488//4
f 4483//4 4488//4 4487//4
f 4484//5 4481//5 4485//5
f 4484//5 4485//5 4488//5
f 4493//1 4494//1 4495//1
f 4493//1 4495//1 4496//1
f 4489//2 4490//2 4494//2
f 4489//2 4494//2 4493//2
f 4490//3 4491//3 4495//3
f 4490//3 4495//3 4494//3
f 4491//4 4492//4 4496//4
f 4491//4 4496//4 4495//4
f 4492//5 4489//5 4493//5
f 4492//5 4493//5 4496//5
f 4501//1 4502//1 4503//1
f 4501//1 4503//1 4504//1
f 4497//2 4498//2 4502//2
f 4497//2 4502//2 4501//2
f 4498//3 4499//3 4503//3
f 4498//3 4503//3 4502//3
f 4499//4 4500//4 4504//4
f 4499//4 4504//4 4503//4
f 4500//5 4497//5 4501//5
f 4500//5 4501//5 4504//5
f 4509//1 4510//1 4511//1
f 4509//1 4511//1 4512//1
f 4505//2 4506//2 4510//2
f 4505//2 4510//2 4509//2
f 4506//3 4507//3 4511//3
f 4506//3 4511//3 4510//3
f 4507//4 4508//4 4512//4
f 4507//4 4512//4 4511//4
f 4508//5 4505//5 4509//5
f 4508//5 4509//5 4512//5
f 4517//1 4518//1 4519//1
f 4517//1 4519//1 4520//1
f 4513//2 4514//2 4518//2
f 4513//2 4518//2 4517//2
f 4514//3 4515//3 4519//3
f 4514//3 4519//3 4518//3
f 4515//4 4516//4 4520//4
f 4515//4 4520//4 4519//4
f 4516//5 4513//5 4517//5
f 4516//5 4517//5 4520//5
f 4525//1 4526//1 4527//1
f 4525//1 4527//1 4528//1
f 4521//2 4522//2 4526//2
f 4521//2 4526//2 4525//2
f 4522//3 4523//3 4527//3
f 4522//3 4527//3 4526//3
f 4523//4 4524//4 4528//4
f 4523//4 4528//4 4527//4
f 4524//5 4521//5 4525//5
f 4524//5 4525//5 4528//5
f 4533//1 4534//1 4535//1
f 4533//1 4535//1 4536//1
f 4529//2 4530//2 4534//2
f 4529//2 4534//2 4533//2
f 4530//3 4531//3 4535//3
f 4530//3 4535//3 4534//3
f 4531//4 4532//4 4536//4
f 4531//4 4536//4 4535//4
f 4532//5 4529//5 4533//5
f 4532//5 4533//5 4536//5
f 4541//1 4542//1 4543//1
f 4541//1 4543//1 4544//1
f 4537//2 4538//2 4542//2
f 4537//2 4542//2 4541//2
f 4538//3 4539//3 4543//3
f 4538//3 4543//3 4542//3
f 4539//4 4540//4 4544//4
f 4539//4 4544//4 4543//4
f 4540//5 4537//5 4541//5
f 4540//5 4541//5 4544//5
f 4549//1 4550//1 4551//1
f 4549//1 4551//1 4552//1
f 4545//2 4546//2 4550//2
f 4545//2 4550//2 4549//2
f 4546//3 4547//3 4551//3
f 4546//3 4551//3 4550//3
f 4547//4 4548//4 4552//4
f 4547//4 4552//4 4551//4
f 4548//5 4545//5 4549//5
f 4548//5 4549//5 4552//5
f 4557//1 4558//1 4559//1
f 4557//1 4559//1 4560//1
f 4553//2 4554//2 4558//2
f 4553//2 4558//2 4557//2
f 4554//3 4555//3 4559//3
f 4554//3 4559//3 4558//3
f 4555//4 4556//4 4560//4
f 4555//4 4560//4 4559//4
f 4556//5 4553//5 4557//5
f 4556//5 4557//5 4560//5
f 4565//1 4566//1 4567//1
f 4565//1 4567//1 4568//1
f 4561//2 4562//2 4566//2
f 4561//2 4566//2 4565//2
f 4562//3 4563//3 4567//3
f 4562//3 4567//3 4566//3
f 4563//4 4564//4 4568//4
f 4563//4 4568//4 4567//4
f 4564//5 4561//5 4565//5
f 4564//5 4565//5 4568//5
f 4573//1 4574//1 4575//1
f 4573//1 4575//1 4576//1
f 4569//2 4570//2 4574//2
f 4569//2 4574//2 4573//2
f 4570//3 4571//3 4575//3
f 4570//3 4575//3 4574//3
f 4571//4 4572//4 4576//4
f 4571//4 4576//4 4575//4
f 4572//5 4569//5 4573//5
f 4572//5 4573//5 4576//5
f 4581//1 4582//1 4583//1
f 4581//1 4583//1 4584//1
f 4577//2 4578//2 4582//2
f 4577//2 4582//2 4581//2
f 4578//3 4579//3 4583//3
f 4578//3 4583//3 4582//3
f 4579//4 4580//4 4584//4
f 4579//4 4584//4 4583//4
f 4580//5 4577//5 4581//5
f 4580//5 4581//5 4584//5
f 4589//1 4590//1 4591//1
f 4589//1 4591//1 4592//1
f 4585//2 4586//2 4590//2
f 4585//2 4590//2 4589//2
f 4586//3 4587//3 4591//3
f 4586//3 4591//3 4590//3
f 4587//4 4588//4 4592//4
f 4587//4 4592//4 4591//4
f 4588//5 4585//5 4589//5
f 4588//5 4589//5 4592//5
f 4597//1 4598//1 4599//1
f 4597//1 4599//1 4600//1
f 4593//2 4594//2 4598//2
f 4593//2 4598//2 4597//2
f 4594//3 4595//3 4599//3
f 4594//3 4599//3 4598//3
f 4595//4 4596//4 4600//4
f 4595//4 4600//4 4599//4
f 4596//5 4593//5 4597//5
f 4596//5 4597//5 4600//5
f 4605//1 4606//1 4607//1
f 4605//1 4607//1 4608//1
f 4601//2 4602//2 4606//2
f 4601//2 4606//2 4605//2
f 4602//3 4603//3 4607//3
f 4602//3 4607//3 4606//3
f 4603//4 4604//4 4608//4
f 4603//4 4608//4 4607//4
f 4604//5 4601//5 4605//5
f 4604//5 4605//5 4608//5
f 4613//1 4614//1 4615//1
f 4613//1 4615//1 4616//1
f 4609//2 4610//2 4614//2
f 4609//2 4614//2 4613//2
f 4610//3 4611//3 4615//3
f 4610//3 4615//3 4614//3
f 4611//4 4612//4 4616//4
f 4611//4 4616//4 4615//4
f 4612//5 4609//5 4613//5
f 4612//5 4613//5 4616//5
f 4621//1 4622//1 4623//1
f 4621//1 4623//1 4624//1
f 4617//2 4618//2 4622//2
f 4617//2 4622//2 4621//2
f 4618//3 4619//3 4623//3
f 4618//3 4623//3 4622//3
f 4619//4 4620//4 4624//4
f 4619//4 4624//4 4623//4
f 4620//5 4617//5 4621//5
f 4620//5 4621//5 4624//5
f 4629//1 4630//1 4631//1
f 4629//1 4631//1 4632//1
f 4625//2 4626//2 4630//2
f 4625//2 4630//2 4629//2
f 4626//3 4627//3 4631//3
f 4626//3 4631//3 4630//3
f 4627//4 4628//4 4632//4
f 4627//4 4632//4 4631//4
f 4628//5 4625//5 4629//5
f 4628//5 4629//5 4632//5
f 4637//1 4638//1 4639//1
f 4637//1 4639//1 4640//1
f 4633//2 4634//2 4638//2
f 4633//2 4638//2 4637//2
f 4634//3 4635//3 4639//3
f 4634//3 4639//3 4638//3
f 4635//4 4636//4 4640//4
f 4635//4 4640//4 4639//4
f 4636//5 4633//5 4637//5
f 4636//5 4637//5 4640//5
f 4645//1 4646//1 4647//1
f 4645//1 4647//1 4648//1
f 4641//2 4642//2 4646//2
f 4641//2 4646//2 4645//2
f 4642//3 4643//3 4647//3
f 4642//3 4647//3 4646//3
f 4643//4 4644//4 4648//4
f 4643//4 4648//4 4647//4
f 4644//5 4641//5 4645//5
f 4644//5 4645//5 4648//5
f 4653//1 4654//1 4655//1
f 4653//1 4655//1 4656//1
f 4649//2 4650//2 4654//2
f 4649//2 4654//2 4653//2
f 4650//3 4651//3 4655//3
f 4650//3 4655//3 4654//3
f 4651//4 4652//4 4656//4
f 4651//4 4656//4 4655//4
f 4652//5 4649//5 4653//5
f 4652//5 4653//5 4656//5
f 4661//1 4662//1 4663//1
f 4661//1 4663//1 4664//1
f 4657//2 4658//2 4662//2
f 4657//2 4662//2 4661//2
f 4658//3 4659//3 4663//3
f 4658//3 4663//3 4662//3
f 4659//4 4660//4 4664//4
f 4659//4 4664//4 4663//4
f 4660//5 4657//5 4661//5
f 4660//5 4661//5 4664//5
f 4669//1 4670//1 4671//1
f 4669//1 4671//1 4672//1
f 4665//2 4666//2 4670//2
f 4665//2 4670//2 4669//2
f 4666//3 4667//3 4671//3
f 4666//3 4671//3 4670//3
f 4667//4 4668//4 4672//4
f 4667//4 4672//4 4671//4
f 4668//5 4665//5 4669//5
f 4668//5 4669//5 4672//5
f 4677//1 4678//1 4679//1
f 4677//1 4679//1 4680//1
f 4673//2 4674//2 4678//2
f 4673//2 4678//2 4677//2
f 4674//3 4675//3 4679//3
f 4674//3 4679//3 4678//3
f 4675//4 4676//4 4680//4
f 4675//4 4680//4 4679//4
f 4676//5 4673//5 4677//5
f 4676//5 4677//5 4680//5
f 4685//1 4686//1 4687//1
f 4685//1 4687//1 4688//1
f 4681//2 4682//2 4686//2
f 4681//2 4686//2 4685//2
f 4682//3 4683//3 4687//3
f 4682//3 4687//3 4686//3
f 4683//4 4684//4 4688//4
f 4683//4 4688//4 4687//4
f 4684//5 4681//5 4685//5
f 4684//5 4685//5 4688//5
f 4693//1 4694//1 4695//1
f 4693//1 4695//1 4696//1
f 4689//2 4690//2 4694//2
f 4689//2 4694//2 4693//2
f 4690//3 4691//3 4695//3
f 4690//3 4695//3 4694//3
f 4691//4 4692//4 4696//4
f 4691//4 4696//4 4695//4
f 4692//5 4689//5 4693//5
f 4692//5 4693//5 4696//5
f 4701//1 4702//1 4703//1
f 4701//1 4703//1 4704//1
f 4697//2 4698//2 4702//2
f 4697//2 4702//2 4701//2
f 4698//3 4699//3 4703//3
f 4698//3 4703//3 4702//3
f 4699//4 4700//4 4704//4
f 4699//4 4704//4 4703//4
f 4700//5 4697//5 4701//5
f 4700//5 4701//5 4704//5
f 4709//1 4710//1 4711//1
f 4709//1 4711//1 4712//1
f 4705//2 4706//2 4710//2
f 4705//2 4710//2 4709//2
f 4706//3 4707//3 4711//3
f 4706//3 4711//3 4710//3
f 4707//4 4708//4 4712//4
f 4707//4 4712//4 4711//4
f 4708//5 4705//5 4709//5
f 4708//5 4709//5 4712//5
f 4717//1 4718//1 4719//1
f 4717//1 4719//1 4720//1
f 4713//2 4714//2 4718//2
f 4713//2 4718//2 4717//2
f 4714//3 4715//3 4719//3
f 4714//3 4719//3 4718//3
f 4715//4 4716//4 4720//4
f 4715//4 4720//4 4719//4
f 4716//5 4713//5 4717//5
f 4716//5 4717//5 4720//5
f 4725//1 4726//1 4727//1
f 4725//1 4727//1 4728//1
f 4721//2 4722//2 4726//2
f 4721//2 4726//2 4725//2
f 4722//3 4723//3 4727//3
f 4722//3 4727//3 4726//3
f 4723//4 4724//4 4728//4
f 4723//4 4728//4 4727//4
f 4724//5 4721//5 4725//5
f 4724//5 4725//5 4728//5
f 4733//1 4734//1 4735//1
f 4733//1 4735//1 4736//1
f 4729//2 4730//2 4734//2
f 4729//2 4734//2 4733//2
f 4730//3 4731//3 4735//3
f 4730//3 4735//3 4734//3
f 4731//4 4732//4 4736//4
f 4731//4 4736//4 4735//4
f 4732//5 4729//5 4733//5
f 4732//5 4733//5 4736//5
f 4741//1 4742//1 4743//1
f 4741//1 4743//1 4744//1
f 4737//2 4738//2 4742//2
f 4737//2 4742//2 4741//2
f 4738//3 4739//3 4743//3
f 4738//3 4743//3 4742//3
f 4739//4 4740//4 4744//4
f 4739//4 4744//4 4743//4
f 4740//5 4737//5 4741//5
f 4740//5 4741//5 4744//5
f 4749//1 4750//1 4751//1
f 4749//1 4751//1 4752//1
f 4745//2 4746//2 4750//2
f 4745//2 4750//2 4749//2
f 4746//3 4747//3 4751//3
f 4746//3 4751//3 4750//3
f 4747//4 4748//4 4752//4
f 4747//4 4752//4 4751//4
f 4748//5 4745//5 4749//5
f 4748//5 4749//5 4752//5
f 4757//1 4758//1 4759//1
f 4757//1 4759//1 4760//1
f 4753//2 4754//2 4758//2
f 4753//2 4758//2 4757//2
f 4754//3 4755//3 4759//3
f 4754//3 4759//3 4758//3
f 4755//4 4756//4 4760//4
f 4755//4 4760//4 4759//4
f 4756//5 4753//5 4757//5
f 4756//5 4757//5 4760//5
f 4765//1 4766//1 4767//1
f 4765//1 4767//1 4768//1
f 4761//2 4762//2 4766//2
f 4761//2 4766//2 4765//2
f 4762//3 4763//3 4767//3
f 4762//3 4767//3 4766//3
f 4763//4 4764//4 4768//4
f 4763//4 4768//4 4767//4
f 4764//5 4761//5 4765//5
f 4764//5 4765//5 4768//5
f 4773//1 4774//1 4775//1
f 4773//1 4775//1 4776//1
f 4769//2 4770//2 4774//2
f 4769//2 4774//2 4773//2
f 4770//3 4771//3 4775//3
f 4770//3 4775//3 4774//3
f 4771//4 4772//4 4776//4
f 4771//4 4776//4 4775//4
f 4772//5 4769//5 4773//5
f 4772//5 4773//5 4776//5
f 4781//1 4782//1 4783//1
f 4781//1 4783//1 4784//1
f 4777//2 4778//2 4782//2
f 4777//2 4782//2 4781//2
f 4778//3 4779//3 4783//3
f 4778//3 4783//3 4782//3
f 4779//4 4780//4 4784//4
f 4779//4 4784//4 4783//4
f 4780//5 4777//5 4781//5
f 4780//5 4781//5 4784//5
f 4789//1 4790//1 4791//1
f 4789//1 4791//1 4792//1
f 4785//2 4786//2 4790//2
f 4785//2 4790//2 4789//2
f 4786//3 4787//3 4791//3
f 4786//3 4791//3 4790//3
f 4787//4 4788//4 4792//4
f 4787//4 4792//4 4791//4
f 4788//5 4785//5 4789//5
f 4788//5 4789//5 4792//5
f 4797//1 4798//1 4799//1
f 4797//1 4799//1 4800//1
f 4793//2 4794//2 4798//2
f 4793//2 4798//2 4797//2
f 4794//3 4795//3 4799//3
f 4794//3 4799//3 4798//3
f 4795//4 4796//4 4800//4
f 4795//4 4800//4 4799//4
f 4796//5 4793//5 4797//5
f 4796//5 4797//5 4800//5
f 4805//1 4806//1 4807//1
f 4805//1 4807//1 4808//1
f 4801//2 4802//2 4806//2
f 4801//2 4806//2 4805//2
f 4802//3 4803//3 4807//3
f 4802//3 4807//3 4806//3
f 4803//4 4804//4 4808//4
f 4803//4 4808//4 4807//4
f 4804//5 4801//5 4805//5
f 4804//5 4805//5 4808//5
f 4813//1 4814//1 4815//1
f 4813//1 4815//1 4816//1
f 4809//2 4810//2 4814//2
f 4809//2 4814//2 4813//2
f 4810//3 4811//3 4815//3
f 4810//3 4815//3 4814//3
f 4811//4 4812//4 4816//4
f 4811//4 4816//4 4815//4
f 4812//5 4809//5 4813//5
f 4812//5 4813//5 4816//5
f 4821//1 4822//1 4823//1
f 4821//1 4823//1 4824//1
f 4817//2 4818//2 4822//2
f 4817//2 4822//2 4821//2
f 4818//3 4819//3 4823//3
f 4818//3 4823//3 4822//3
f 4819//4 4820//4 4824//4
f 4819//4 4824//4 4823//4
f 4820//5 4817//5 4821//5
f 4820//5 4821//5 4824//5
f 4829//1 4830//1 4831//1
f 4829//1 4831//1 4832//1
f 4825//2 4826//2 4830//2
f 4825//2 4830//2 4829//2
f 4826//3 4827//3 4831//3
f 4826//3 4831//3 4830//3
f 4827//4 4828//4 4832//4
f 4827//4 4832//4 4831//4
f 4828//5 4825//5 4829//5
f 4828//5 4829//5 4832//5
f 4837//1 4838//1 4839//1
f 4837//1 4839//1 4840//1
f 4833//2 4834//2 4838//2
f 4833//2 4838//2 4837//2
f 4834//3 4835//3 4839//3
f 4834//3 4839//3 4838//3
f 4835//4 4836//4 4840//4
f 4835//4 4840//4 4839//4
f 4836//5 4833//5 4837//5
f 4836//5 4837//5 4840//5
f 4845//1 4846//1 4847//1
f 4845//1 4847//1 4848//1
f 4841//2 4842//2 4846//2
f 4841//2 4846//2 4845//2
f 4842//3 4843//3 4847//3
f 4842//3 4847//3 4846//3
f 4843//4 4844//4 4848//4
f 4843//4 4848//4 4847//4
f 4844//5 4841//5 4845//5
f 4844//5 4845//5 4848//5
f 4853//1 4854//1 4855//1
f 4853//1 4855//1 4856//1
f 4849//2 4850//2 4854//2
f 4849//2 4854//2 4853//2
f 4850//3 4851//3 4855//3
f 4850//3 4855//3 4854//3
f 4851//4 4852//4 4856//4
f 4851//4 4856//4 4855//4
f 4852//5 4849//5 4853//5
f 4852//5 4853//5 4856//5
f 4861//1 4862//1 4863//1
f 4861//1 4863//1 4864//1
f 4857//2 4858//2 4862//2
f 4857//2 4862//2 4861//2
f 4858//3 4859//3 4863//3
f 4858//3 4863//3 4862//3
f 4859//4 4860//4 4864//4
f 4859//4 4864//4 4863//4
f 4860//5 4857//5 4861//5
f 4860//5 4861//5 4864//5
f 4869//1 4870//1 4871//1
f 4869//1 4871//1 4872//1
f 4865//2 4866//2 4870//2
f 4865//2 4870//2 4869//2
f 4866//3 4867//3 4871//3
f 4866//3 4871//3 4870//3
f 4867//4 4868//4 4872//4
f 4867//4 4872//4 4871//4
f 4868//5 4865//5 4869//5
f 4868//5 4869//5 4872//5
f 4877//1 4878//1 4879//1
f 4877//1 4879//1 4880//1
f 4873//2 4874//2 4878//2
f 4873//2 4878//2 4877//2
f 4874//3 4875//3 4879//3
f 4874//3 4879//3 4878//3
f 4875//4 4876//4 4880//4
f 4875//4 4880//4 4879//4
f 4876//5 4873//5 4877//5
f 4876//5 4877//5 4880//5
f 4885//1 4886//1 4887//1
f 4885//1 4887//1 4888//1
f 4881//2 4882//2 4886//2
f 4881//2 4886//2 4885//2
f 4882//3 4883//3 4887//3
f 4882//3 4887//3 4886//3
f 4883//4 4884//4 4888//4
f 4883//4 4888//4 4887//4
f 4884//5 4881//5 4885//5
f 4884//5 4885//5 4888//5
f 4893//1 4894//1 4895//1
f 4893//1 4895//1 4896//1
f 4889//2 4890//2 4894//2
f 4889//2 4894//2 4893//2
f 4890//3 4891//3 4895//3
f 4890//3 4895//3 4894//3
f 4891//4 4892//4 4896//4
f 4891//4 4896//4 4895//4
f 4892//5 4889//5 4893//5
f 4892//5 4893//5 4896//5
f 4901//1 4902//1 4903//1
f 4901//1 4903//1 4904//1
f 4897//2 4898//2 4902//2
f 4897//2 4902//2 4901//2
f 4898//3 4899//3 4903//3
f 4898//3 4903//3 4902//3
f 4899//4 4900//4 4904//4
f 4899//4 4904//4 4903//4
f 4900//5 4897//5 4901//5
f 4900//5 4901//5 4904//5
f 4909//1 4910//1 4911//1
f 4909//1 4911//1 4912//1
f 4905//2 4906//2 4910//2
f 4905//2 4910//2 4909//2
f 4906//3 4907//3 4911//3
f 4906//3 4911//3 4910//3
f 4907//4 4908//4 4912//4
f 4907//4 4912//4 4911//4
f 4908//5 4905//5 4909//5
f 4908//5 4909//5 4912//5
f 4917//1 4918//1 4919//1
f 4917//1 4919//1 4920//1
f 4913//2 4914//2 4918//2
f 4913//2 4918//2 4917//2
f 4914//3 4915//3 4919//3
f 4914//3 4919//3 4918//3
f 4915//4 4916//4 4920//4
f 4915//4 4920//4 4919//4
f 4916//5 4913//5 4917//5
f 4916//5 4917//5 4920//5
f 4925//1 4926//1 4927//1
f 4925//1 4927//1 4928//1
f 4921//2 4922//2 4926//2
f 4921//2 4926//2 4925//2
f 4922//3 4923//3 4927//3
f 4922//3 4927//3 4926//3
f 4923//4 4924//4 4928//4
f 4923//4 4928//4 4927//4
f 4924//5 4921//5 4925//5
f 4924//5 4925//5 4928//5
f 4933//1 4934//1 4935//1
f 4933//1 4935//1 4936//1
f 4929//2 4930//2 4934//2
f 4929//2 4934//2 4933//2
f 4930//3 4931//3 4935//3
f 4930//3 4935//3 4934//3
f 4931//4 4932//4 4936//4
f 4931//4 4936//4 4935//4
f 4932//5 4929//5 4933//5
f 4932//5 4933//5 4936//5
f 4941//1 4942//1 4943//1
f 4941//1 4943//1 4944//1
f 4937//2 4938//2 4942//2
f 4937//2 4942//2 4941//2
f 4938//3 4939//3 4943//3
f 4938//3 4943//3 4942//3
f 4939//4 4940//4 4944//4
f 4939//4 4944//4 4943//4
f 4940//5 4937//5 4941//5
f 4940//5 4941//5 4944//5
f 4949//1 4950//1 4951//1
f 4949//1 4951//1 4952//1
f 4945//2 4946//2 4950//2
f 4945//2 4950//2 4949//2
f 4946//3 4947//3 4951//3
f 4946//3 4951//3 4950//3
f 4947//4 4948//4 4952//4
f 4947//4 4952//4 4951//4
f 4948//5 4945//5 4949//5
f 4948//5 4949//5 4952//5
f 4957//1 4958//1 4959//1
f 4957//1 4959//1 4960//1
f 4953//2 4954//2 4958//2
f 4953//2 4958//2 4957//2
f 4954//3 4955//3 4959//3
f 4954//3 4959//3 4958//3
f 4955//4 4956//4 4960//4
f 4955//4 4960//4 4959//4
f 4956//5 4953//5 4957//5
f 4956//5 4957//5 4960//5
f 4965//1 4966//1 4967//1
f 4965//1 4967//1 4968//1
f 4961//2 4962//2 4966//2
f 4961//2 4966//2 4965//2
f 4962//3 4963//3 4967//3
f 4962//3 4967//3 4966//3
f 4963//4 4964//4 4968//4
f 4963//4 4968//4 4967//4
f 4964//5 4961//5 4965//5
f 4964//5 4965//5 4968//5
f 4973//1 4974//1 4975//1
f 4973//1 4975//1 4976//1
f 4969//2 4970//2 4974//2
f 4969//2 4974//2 4973//2
f 4970//3 4971//3 4975//3
f 4970//3 4975//3 4974//3
f 4971//4 4972//4 4976//4
f 4971//4 4976//4 4975//4
f 4972//5 4969//5 4973//5
f 4972//5 4973//5 4976//5
f 4981//1 4982//1 4983//1
f 4981//1 4983//1 4984//1
f 4977//2 4978//2 4982//2
f 4977//2 4982//2 4981//2
f 4978//3 4979//3 4983//3
f 4978//3 4983//3 4982//3
f 4979//4 4980//4 4984//4
f 4979//4 4984//4 4983//4
f 4980//5 4977//5 4981//5
f 4980//5 4981//5 4984//5
f 4989//1 4990//1 4991//1
f 4989//1 4991//1 4992//1
f 4985//2 4986//2 4990//2
f 4985//2 4990//2 4989//2
f 4986//3 4987//3 4991//3
f 4986//3 4991//3 4990//3
f 4987//4 4988//4 4992//4
f 4987//4 4992//4 4991//4
f 4988//5 4985//5 4989//5
f 4988//5 4989//5 4992//5
f 4997//1 4998//1 4999//1
f 4997//1 4999//1 5000//1
f 4993//2 4994//2 4998//2
f 4993//2 4998//2 4997//2
f 4994//3 4995//3 4999//3
f 4994//3 4999//3 4998//3
f 4995//4 4996//4 5000//4
f 4995//4 5000//4 4999//4
f 4996//5 4993//5 4997//5
f 4996//5 4997//5 5000//5
f 5005//1 5006//1 5007//1
f 5005//1 5007//1 5008//1
f 5001//2 5002//2 5006//2
f 5001//2 5006//2 5005//2
f 5002//3 5003//3 5007//3
f 5002//3 5007//3 5006//3
f 5003//4 5004//4 5008//4
f 5003//4 5008//4 5007//4
f 5004//5 5001//5 5005//5
f 5004//5 5005//5 5008//5
f 5013//1 5014//1 5015//1
f 5013//1 5015//1 5016//1
f 5009//2 5010//2 5014//2
f 5009//2 5014//2 5013//2
f 5010//3 5011//3 5015//3
f 5010//3 5015//3 5014//3
f 5011//4 5012//4 5016//4
f 5011//4 5016//4 5015//4
f 5012//5 5009//5 5013//5
f 5012//5 5013//5 5016//5
f 5021//1 5022//1 5023//1
f 5021//1 5023//1 5024//1
f 5017//2 5018//2 5022//2
f 5017//2 5022//2 5021//2
f 5018//3 5019//3 5023//3
f 5018//3 5023//3 5022//3
f 5019//4 5020//4 5024//4
f 5019//4 5024//4 5023//4
f 5020//5 5017//5 5021//5
f 5020//5 5021//5 5024//5
f 5029//1 5030//1 5031//1
f 5029//1 5031//1 5032//1
f 5025//2 5026//2 5030//2
f 5025//2 5030//2 5029//2
f 5026//3 5027//3 5031//3
f 5026//3 5031//3 5030//3
f 5027//4 5028//4 5032//4
f 5027//4 5032//4 5031//4
f 5028//5 5025//5 5029//5
f 5028//5 5029//5 5032//5
f 5037//1 5038//1 5039//1
f 5037//1 5039//1 5040//1
f 5033//2 5034//2 5038//2
f 5033//2 5038//2 5037//2
f 5034//3 5035//3 5039//3
f 5034//3 5039//3 5038//3
f 5035//4 5036//4 5040//4
f 5035//4 5040//4 5039//4
f 5036//5 5033//5 5037//5
f 5036//5 5037//5 5040//5
f 5045//1 5046//1 5047//1
f 5045//1 5047//1 5048//1
f 5041//2 5042//2 5046//2
f 5041//2 5046//2 5045//2
f 5042//3 5043//3 5047//3
f 5042//3 5047//3 5046//3
f 5043//4 5044//4 5048//4
f 5043//4 5048//4 5047//4
f 5044//5 5041//5 5045//5
f 5044//5 5045//5 5048//5
f 5053//1 5054//1 5055//1
f 5053//1 5055//1 5056//1
f 5049//2 5050//2 5054//2
f 5049//2 5054//2 5053//2
f 5050//3 5051//3 5055//3
f 5050//3 5055//3 5054//3
f 5051//4 5052//4 5056//4
f 5051//4 5056//4 5055//4
f 5052//5 5049//5 5053//5
f 5052//5 5053//5 5056//5
f 5061//1 5062//1 5063//1
f 5061//1 5063//1 5064//1
f 5057//2 5058//2 5062//2
f 5057//2 5062//2 5061//2
f 5058//3 5059//3 5063//3
f 5058//3 5063//3 5062//3
f 5059//4 5060//4 5064//4
f 5059//4 5064//4 5063//4
f 5060//5 5057//5 5061//5
f 5060//5 5061//5 5064//5
f 5069//1 5070//1 5071//1
f 5069//1 5071//1 5072//1
f 5065//2 5066//2 5070//2
f 5065//2 5070//2 5069//2
f 5066//3 5067//3 5071//3
f 5066//3 5071//3 5070//3
f 5067//4 5068//4 5072//4
f 5067//4 5072//4 5071//4
f 5068//5 5065//5 5069//5
f 5068//5 5069//5 5072//5
f 5077//1 5078//1 5079//1
f 5077//1 5079//1 5080//1
f 5073//2 5074//2 5078//2
f 5073//2 5078//2 5077//2
f 5074//3 5075//3 5079//3
f 5074//3 5079//3 5078//3
f 5075//4 5076//4 5080//4
f 5075//4 5080//4 5079//4
f 5076//5 5073//5 5077//5
f 5076//5 5077//5 5080//5
f 5085//1 5086//1 5087//1
f 5085//1 5087//1 5088//1
f 5081//2 5082//2 5086//2
f 5081//2 5086//2 5085//2
f 5082//3 5083//3 5087//3
f 5082//3 5087//3 5086//3
f 5083//4 5084//4 5088//4
f 5083//4 5088//4 5087//4
f 5084//5 5081//5 5085//5
f 5084//5 5085//5 5088//5
f 5093//1 5094//1 5095//1
f 5093//1 5095//1 5096//1
f 5089//2 5090//2 5094//2
f 5089//2 5094//2 5093//2
f 5090//3 5091//3 5095//3
f 5090//3 5095//3 5094//3
f 5091//4 5092//4 5096//4
f 5091//4 5096//4 5095//4
f 5092//5 5089//5 5093//5
f 5092//5 5093//5 5096//5
f 5101//1 5102//1 5103//1
f 5101//1 5103//1 5104//1
f 5097//2 5098//2 5102//2
f 5097//2 5102//2 5101//2
f 5098//3 5099//3 5103//3
f 5098//3 5103//3 5102//3
f 5099//4 5100//4 5104//4
f 5099//4 5104//4 5103//4
f 5100//5 5097//5 5101//5
f 5100//5 5101//5 5104//5
f 5109//1 5110//1 5111//1
f 5109//1 5111//1 5112//1
f 5105//2 5106//2 5110//2
f 5105//2 5110//2 5109//2
f 5106//3 5107//3 5111//3
f 5106//3 5111//3 5110//3
f 5107//4 5108//4 5112//4
f 5107//4 5112//4 5111//4
f 5108//5 5105//5 5109//5
f 5108//5 5109//5 5112//5
f 5117//1 5118//1 5119//1
f 5117//1 5119//1 5120//1
f 5113//2 5114//2 5118//2
f 5113//2 5118//2 5117//2
f 5114//3 5115//3 5119//3
f 5114//3 5119//3 5118//3
f 5115//4 5116//4 5120//4
f 5115//4 5120//4 5119//4
f 5116//5 5113//5 5117//5
f 5116//5 5117//5 5120//5
f 5125//1 5126//1 5127//1
f 5125//1 5127//1 5128//1
f 5121//2 5122//2 5126//2
f 5121//2 5126//2 5125//2
f 5122//3 5123//3 5127//3
f 5122//3 5127//3 5126//3
f 5123//4 5124//4 5128//4
f 5123//4 5128//4 5127//4
f 5124//5 5121//5 5125//5
f 5124//5 5125//5 5128//5
f 5133//1 5134//1 5135//1
f 5133//1 5135//1 5136//1
f 5129//2 5130//2 5134//2
f 5129//2 5134//2 5133//2
f 5130//3 5131//3 5135//3
f 5130//3 5135//3 5134//3
f 5131//4 5132//4 5136//4
f 5131//4 5136//4 5135//4
f 5132//5 5129//5 5133//5
f 5132//5 5133//5 5136//5
f 5141//1 5142//1 5143//1
f 5141//1 5143//1 5144//1
f 5137//2 5138//2 5142//2
f 5137//2 5142//2 5141//2
f 5138//3 5139//3 5143//3
f 5138//3 5143//3 5142//3
f 5139//4 5140//4 5144//4
f 5139//4 5144//4 5143//4
f 5140//5 5137//5 5141//5
f 5140//5 5141//5 5144//5
f 5149//1 5150//1 5151//1
f 5149//1 5151//1 5152//1
f 5145//2 5146//2 5150//2
f 5145//2 5150//2 5149//2
f 5146//3 5147//3 5151//3
f 5146//3 5151//3 5150//3
f 5147//4 5148//4 5152//4
f 5147//4 5152//4 5151//4
f 5148//5 5145//5 5149//5
f 5148//5 5149//5 5152//5
f 5157//1 5158//1 5159//1
f 5157//1 5159//1 5160//1
f 5153//2 5154//2 5158//2
f 5153//2 5158//2 5157//2
f 5154//3 5155//3 5159//3
f 5154//3 5159//3 5158//3
f 5155//4 5156//4 5160//4
f 5155//4 5160//4 5159//4
f 5156//5 5153//5 5157//5
f 5156//5 5157//5 5160//5
f 5165//1 5166//1 5167//1
f 5165//1 5167//1 5168//1
f 5161//2 5162//2 5166//2
f 5161//2 5166//2 5165//2
f 5162//3 5163//3 5167//3
f 5162//3 5167//3 5166//3
f 5163//4 5164//4 5168//4
f 5163//4 5168//4 5167//4
f 5164//5 5161//5 5165//5
f 5164//5 5165//5 5168//5
f 5173//1 5174//1 5175//1
f 5173//1 5175//1 5176//1
f 5169//2 5170//2 5174//2
f 5169//2 5174//2 5173//2
f 5170//3 5171//3 5175//3
f 5170//3 5175//3 5174//3
f 5171//4 5172//4 5176//4
f 5171//4 5176//4 5175//4
f 5172//5 5169//5 5173//5
f 5172//5 5173//5 5176//5
f 5181//1 5182//1 5183//1
f 5181//1 5183//1 5184//1
f 5177//2 5178//2 5182//2
f 5177//2 5182//2 5181//2
f 5178//3 5179//3 5183//3
f 5178//3 5183//3 5182//3
f 5179//4 5180//4 5184//4
f 5179//4 5184//4 5183//4
f 5180//5 5177//5 5181//5
f 5180//5 5181//5 5184//5
f 5189//1 5190//1 5191//1
f 5189//1 5191//1 5192//1
f 5185//2 5186//2 5190//2
f 5185//2 5190//2 5189//2
f 5186//3 5187//3 5191//3
f 5186//3 5191//3 5190//3
f 5187//4 5188//4 5192//4
f 5187//4 5192//4 5191//4
f 5188//5 5185//5 5189//5
f 5188//5 5189//5 5192//5
f 5197//1 5198//1 5199//1
f 5197//1 5199//1 5200//1
f 5193//2 5194//2 5198//2
f 5193//2 5198//2 5197//2
f 5194//3 5195//3 5199//3
f 5194//3 5199//3 5198//3
f 5195//4 5196//4 5200//4
f 5195//4 5200//4 5199//4
f 5196//5 5193//5 5197//5
f 5196//5 5197//5 5200//5
f 5205//1 5206//1 5207//1
f 5205//1 5207//1 5208//1
f 5201//2 5202//2 5206//2
f 5201//2 5206//2 5205//2
f 5202//3 5203//3 5207//3
f 5202//3 5207//3 5206//3
f 5203//4 5204//4 5208//4
f 5203//4 5208//4 5207//4
f 5204//5 5201//5 5205//5
f 5204//5 5205//5 5208//5
f 5213//1 5214//1 5215//1
f 5213//1 5215//1 5216//1
f 5209//2 5210//2 5214//2
f 5209//2 5214//2 5213//2
f 5210//3 5211//3 5215//3
f 5210//3 5215//3 5214//3
f 5211//4 5212//4 5216//4
f 5211//4 5216//4 5215//4
f 5212//5 5209//5 5213//5
f 5212//5 5213//5 5216//5
f 5221//1 5222//1 5223//1
f 5221//1 5223//1 5224//1
f 5217//2 5218//2 5222//2
f 5217//2 5222//2 5221//2
f 5218//3 5219//3 5223//3
f 5218//3 5223//3 5222//3
f 5219//4 5220//4 5224//4
f 5219//4 5224//4 5223//4
f 5220//5 5217//5 5221//5
f 5220//5 5221//5 5224//5
f 5229//1 5230//1 5231//1
f 5229//1 5231//1 5232//1
f 5225//2 5226//2 5230//2
f 5225//2 5230//2 5229//2
f 5226//3 5227//3 5231//3
f 5226//3 5231//3 5230//3
f 5227//4 5228//4 5232//4
f 5227//4 5232//4 5231//4
f 5228//5 5225//5 5229//5
f 5228//5 5229//5 5232//5
f 5237//1 5238//1 5239//1
f 5237//1 5239//1 5240//1
f 5233//2 5234//2 5238//2
f 5233//2 5238//2 5237//2
f 5234//3 5235//3 5239//3
f 5234//3 5239//3 5238//3
f 5235//4 5236//4 5240//4
f 5235//4 5240//4 5239//4
f 5236//5 5233//5 5237//5
f 5236//5 5237//5 5240//5
f 5245//1 5246//1 5247//1
f 5245//1 5247//1 5248//1
f 5241//2 5242//2 5246//2
f 5241//2 5246//2 5245//2
f 5242//3 5243//3 5247//3
f 5242//3 5247//3 5246//3
f 5243//4 5244//4 5248//4
f 5243//4 5248//4 5247//4
f 5244//5 5241//5 5245//5
f 5244//5 5245//5 5248//5
f 5253//1 5254//1 5255//1
f 5253//1 5255//1 5256//1
f 5249//2 5250//2 5254//2
f 5249//2 5254//2 5253//2
f 5250//3 5251//3 5255//3
f 5250//3 5255//3 5254//3
f 5251//4 5252//4 5256//4
f 5251//4 5256//4 5255//4
f 5252//5 5249//5 5253//5
f 5252//5 5253//5 5256//5
f 5261//1 5262//1 5263//1
f 5261//1 5263//1 5264//1
f 5257//2 5258//2 5262//2
f 5257//2 5262//2 5261//2
f 5258//3 5259//3 5263//3
f 5258//3 5263//3 5262//3
f 5259//4 5260//4 5264//4
f 5259//4 5264//4 5263//4
f 5260//5 5257//5 5261//5
f 5260//5 5261//5 5264//5
f 5269//1 5270//1 5271//1
f 5269//1 5271//1 5272//1
f 5265//2 5266//2 5270//2
f 5265//2 5270//2 5269//2
f 5266//3 5267//3 5271//3
f 5266//3 5271//3 5270//3
f 5267//4 5268//4 5272//4
f 5267//4 5272//4 5271//4
f 5268//5 5265//5 5269//5
f 5268//5 5269//5 5272//5
f 5277//1 5278//1 5279//1
f 5277//1 5279//1 5280//1
f 5273//2 5274//2 5278//2
f 5273//2 5278//2 5277//2
f 5274//3 5275//3 5279//3
f 5274//3 5279//3 5278//3
f 5275//4 5276//4 5280//4
f 5275//4 5280//4 5279//4
f 5276//5 5273//5 5277//5
f 5276//5 5277//5 5280//5
f 5285//1 5286//1 5287//1
f 5285//1 5287//1 5288//1
f 5281//2 5282//2 5286//2
f 5281//2 5286//2 5285//2
f 5282//3 5283//3 5287//3
f 5282//3 5287//3 5286//3
f 5283//4 5284//4 5288//4
f 5283//4 5288//4 5287//4
f 5284//5 5281//5 5285//5
f 5284//5 5285//5 5288//5
f 5293//1 5294//1 5295//1
f 5293//1 5295//1 5296//1
f 5289//2 5290//2 5294//2
f 5289//2 5294//2 5293//2
f 5290//3 5291//3 5295//3
f 5290//3 5295//3 5294//3
f 5291//4 5292//4 5296//4
f 5291//4 5296//4 5295//4
f 5292//5 5289//5 5293//5
f 5292//5 5293//5 5296//5
f 5301//1 5302//1 5303//1
f 5301//1 5303//1 5304//1
f 5297//2 5298//2 5302//2
f 5297//2 5302//2 5301//2
f 5298//3 5299//3 5303//3
f 5298//3 5303//3 5302//3
f 5299//4 5300//4 5304//4
f 5299//4 5304//4 5303//4
f 5300//5 5297//5 5301//5
f 5300//5 5301//5 5304//5
f 5309//1 5310//1 5311//1
f 5309//1 5311//1 5312//1
f 5305//2 5306//2 5310//2
f 5305//2 5310//2 5309//2
f 5306//3 5307//3 5311//3
f 5306//3 5311//3 5310//3
f 5307//4 5308//4 5312//4
f 5307//4 5312//4 5311//4
f 5308//5 5305//5 5309//5
f 5308//5 5309//5 5312//5
f 5317//1 5318//1 5319//1
f 5317//1 5319//1 5320//1
f 5313//2 5314//2 5318//2
f 5313//2 5318//2 5317//2
f 5314//3 5315//3 5319//3
f 5314//3 5319//3 5318//3
f 5315//4 5316//4 5320//4
f 5315//4 5320//4 5319//4
f 5316//5 5313//5 5317//5
f 5316//5 5317//5 5320//5
f 5325//1 5326//1 5327//1
f 5325//1 5327//1 5328//1
f 5321//2 5322//2 5326//2
f 5321//2 5326//2 5325//2
f 5322//3 5323//3 5327//3
f 5322//3 5327//3 5326//3
f 5323//4 5324//4 5328//4
f 5323//4 5328//4 5327//4
f 5324//5 5321//5 5325//5
f 5324//5 5325//5 5328//5
f 5333//1 5334//1 5335//1
f 5333//1 5335//1 5336//1
f 5329//2 5330//2 5334//2
f 5329//2 5334//2 5333//2
f 5330//3 5331//3 5335//3
f 5330//3 5335//3 5334//3
f 5331//4 5332//4 5336//4
f 5331//4 5336//4 5335//4
f 5332//5 5329//5 5333//5
f 5332//5 5333//5 5336//5
f 5341//1 5342//1 5343//1
f 5341//1 5343//1 5344//1
f 5337//2 5338//2 5342//2
f 5337//2 5342//2 5341//2
f 5338//3 5339//3 5343//3
f 5338//3 5343//3 5342//3
f 5339//4 5340//4 5344//4
f 5339//4 5344//4 5343//4
f 5340//5 5337//5 5341//5
f 5340//5 5341//5 5344//5
f 5349//1 5350//1 5351//1
f 5349//1 5351//1 5352//1
f 5345//2 5346//2 5350//2
f 5345//2 5350//2 5349//2
f 5346//3 5347//3 5351//3
f 5346//3 5351//3 5350//3
f 5347//4 5348//4 5352//4
f 5347//4 5352//4 5351//4
f 5348//5 5345//5 5349//5
f 5348//5 5349//5 5352//5
f 5357//1 5358//1 5359//1
f 5357//1 5359//1 5360//1
f 5353//2 5354//2 5358//2
f 5353//2 5358//2 5357//2
f 5354//3 5355//3 5359//3
f 5354//3 5359//3 5358//3
f 5355//4 5356//4 5360//4
f 5355//4 5360//4 5359//4
f 5356//5 5353//5 5357//5
f 5356//5 5357//5 5360//5
f 5365//1 5366//1 5367//1
f 5365//1 5367//1 5368//1
f 5361//2 5362//2 5366//2
f 5361//2 5366//2 5365//2
f 5362//3 5363//3 5367//3
f 5362//3 5367//3 5366//3
f 5363//4 5364//4 5368//4
f 5363//4 5368//4 5367//4
f 5364//5 5361//5 5365//5
f 5364//5 5365//5 5368//5
f 5373//1 5374//1 5375//1
f 5373//1 5375//1 5376//1
f 5369//2 5370//2 5374//2
f 5369//2 5374//2 5373//2
f 5370//3 5371//3 5375//3
f 5370//3 5375//3 5374//3
f 5371//4 5372//4 5376//4
f 5371//4 5376//4 5375//4
f 5372//5 5369//5 5373//5
f 5372//5 5373//5 5376//5
f 5381//1 5382//1 5383//1
f 5381//1 5383//1 5384//1
f 5377//2 5378//2 5382//2
f 5377//2 5382//2 5381//2
f 5378//3 5379//3 5383//3
f 5378//3 5383//3 5382//3
f 5379//4 5380//4 5384//4
f 5379//4 5384//4 5383//4
f 5380//5 5377//5 5381//5
f 5380//5 5381//5 5384//5
f 5389//1 5390//1 5391//1
f 5389//1 5391//1 5392//1
f 5385//2 5386//2 5390//2
f 5385//2 5390//2 5389//2
f 5386//3 5387//3 5391//3
f 5386//3 5391//3 5390//3
f 5387//4 5388//4 5392//4
f 5387//4 5392//4 5391//4
f 5388//5 5385//5 5389//5
f 5388//5 5389//5 5392//5
f 5397//1 5398//1 5399//1
f 5397//1 5399//1 5400//1
f 5393//2 5394//2 5398//2
f 5393//2 5398//2 5397//2
f 5394//3 5395//3 5399//3
f 5394//3 5399//3 5398//3
f 5395//4 5396//4 5400//4
f 5395//4 5400//4 5399//4
f 5396//5 5393//5 5397//5
f 5396//5 5397//5 5400//5
f 5405//1 5406//1 5407//1
f 5405//1 5407//1 5408//1
f 5401//2 5402//2 5406//2
f 5401//2 5406//2 5405//2
f 5402//3 5403//3 5407//3
f 5402//3 5407//3 5406//3
f 5403//4 5404//4 5408//4
f 5403//4 5408//4 5407//4
f 5404//5 5401//5 5405//5
f 5404//5 5405//5 5408//5
f 5413//1 5414//1 5415//1
f 5413//1 5415//1 5416//1
f 5409//2 5410//2 5414//2
f 5409//2 5414//2 5413//2
f 5410//3 5411//3 5415//3
f 5410//3 5415//3 5414//3
f 5411//4 5412//4 5416//4
f 5411//4 5416//4 5415//4
f 5412//5 5409//5 5413//5
f 5412//5 5413//5 5416//5
f 5421//1 5422//1 5423//1
f 5421//1 5423//1 5424//1
f 5417//2 5418//2 5422//2
f 5417//2 5422//2 5421//2
f 5418//3 5419//3 5423//3
f 5418//3 5423//3 5422//3
f 5419//4 5420//4 5424//4
f 5419//4 5424//4 5423//4
f 5420//5 5417//5 5421//5
f 5420//5 5421//5 5424//5
f 5429//1 5430//1 5431//1
f 5429//1 5431//1 5432//1
f 5425//2 5426//2 5430//2
f 5425//2 5430//2 5429//2
f 5426//3 5427//3 5431//3
f 5426//3 5431//3 5430//3
f 5427//4 5428//4 5432//4
f 5427//4 5432//4 5431//4
f 5428//5 5425//5 5429//5
f 5428//5 5429//5 5432//5
f 5437//1 5438//1 5439//1
f 5437//1 5439//1 5440//1
f 5433//2 5434//2 5438//2
f 5433//2 5438//2 5437//2
f 5434//3 5435//3 5439//3
f 5434//3 5439//3 5438//3
f 5435//4 5436//4 5440//4
f 5435//4 5440//4 5439//4
f 5436//5 5433//5 5437//5
f 5436//5 5437//5 5440//5
f 5445//1 5446//1 5447//1
f 5445//1 5447//1 5448//1
f 5441//2 5442//2 5446//2
f 5441//2 5446//2 5445//2
f 5442//3 5443//3 5447//3
f 5442//3 5447//3 5446//3
f 5443//4 5444//4 5448//4
f 5443//4 5448//4 5447//4
f 5444//5 5441//5 5445//5
f 5444//5 5445//5 5448//5
f 5453//1 5454//1 5455//1
f 5453//1 5455//1 5456//1
f 5449//2 5450//2 5454//2
f 5449//2 5454//2 5453//2
f 5450//3 5451//3 5455//3
f 5450//3 5455//3 5454//3
f 5451//4 5452//4 5456//4
f 5451//4 5456//4 5455//4
f 5452//5 5449//5 5453//5
f 5452//5 5453//5 5456//5
f 5461//1 5462//1 5463//1
f 5461//1 5463//1 5464//1
f 5457//2 5458//2 5462//2
f 5457//2 5462//2 5461//2
f 5458//3 5459//3 5463//3
f 5458//3 5463//3 5462//3
f 5459//4 5460//4 5464//4
f 5459//4 5464//4 5463//4
f 5460//5 5457//5 5461//5
f 5460//5 5461//5 5464//5
f 5469//1 5470//1 5471//1
f 5469//1 5471//1 5472//1
f 5465//2 5466//2 5470//2
f 5465//2 5470//2 5469//2
f 5466//3 5467//3 5471//3
f 5466//3 5471//3 5470//3
f 5467//4 5468//4 5472//4
f 5467//4 5472//4 5471//4
f 5468//5 5465//5 5469//5
f 5468//5 5469//5 5472//5
f 5477//1 5478//1 5479//1
f 5477//1 5479//1 5480//1
f 5473//2 5474//2 5478//2
f 5473//2 5478//2 5477//2
f 5474//3 5475//3 5479//3
f 5474//3 5479//3 5478//3
f 5475//4 5476//4 5480//4
f 5475//4 5480//4 5479//4
f 5476//5 5473//5 5477//5
f 5476//5 5477//5 5480//5
f 5485//1 5486//1 5487//1
f 5485//1 5487//1 5488//1
f 5481//2 5482//2 5486//2
f 5481//2 5486//2 5485//2
f 5482//3 5483//3 5487//3
f 5482//3 5487//3 5486//3
f 5483//4 5484//4 5488//4
f 5483//4 5488//4 5487//4
f 5484//5 5481//5 5485//5
f 5484//5 5485//5 5488//5
f 5493//1 5494//1 5495//1
f 5493//1 5495//1 5496//1
f 5489//2 5490//2 5494//2
f 5489//2 5494//2 5493//2
f 5490//3 5491//3 5495//3
f 5490//3 5495//3 5494//3
f 5491//4 5492//4 5496//4
f 5491//4 5496//4 5495//4
f 5492//5 5489//5 5493//5
f 5492//5 5493//5 5496//5
f 5501//1 5502//1 5503//1
f 5501//1 5503//1 5504//1
f 5497//2 5498//2 5502//2
f 5497//2 5502//2 5501//2
f 5498//3 5499//3 5503//3
f 5498//3 5503//3 5502//3
f 5499//4 5500//4 5504//4
f 5499//4 5504//4 5503//4
f 5500//5 5497//5 5501//5
f 5500//5 5501//5 5504//5
f 5509//1 5510//1 5511//1
f 5509//1 5511//1 5512//1
f 5505//2 5506//2 5510//2
f 5505//2 5510//2 5509//2
f 5506//3 5507//3 5511//3
f 5506//3 5511//3 5510//3
f 5507//4 5508//4 5512//4
f 5507//4 5512//4 5511//4
f 5508//5 5505//5 5509//5
f 5508//5 5509//5 5512//5
f 5517//1 5518//1 5519//1
f 5517//1 5519//1 5520//1
f 5513//2 5514//2 5518//2
f 5513//2 5518//2 5517//2
f 5514//3 5515//3 5519//3
f 5514//3 5519//3 5518//3
f 5515//4 5516//4 5520//4
f 5515//4 5520//4 5519//4
f 5516//5 5513//5 5517//5
f 5516//5 5517//5 5520//5
f 5525//1 5526//1 5527//1
f 5525//1 5527//1 5528//1
f 5521//2 5522//2 5526//2
f 5521//2 5526//2 5525//2
f 5522//3 5523//3 5527//3
f 5522//3 5527//3 5526//3
f 5523//4 5524//4 5528//4
f 5523//4 5528//4 5527//4
f 5524//5 5521//5 5525//5
f 5524//5 5525//5 5528//5
f 5533//1 5534//1 5535//1
f 5533//1 5535//1 5536//1
f 5529//2 5530//2 5534//2
f 5529//2 5534//2 5533//2
f 5530//3 5531//3 5535//3
f 5530//3 5535//3 5534//3
f 5531//4 5532//4 5536//4
f 5531//4 5536//4 5535//4
f 5532//5 5529//5 5533//5
f 5532//5 5533//5 5536//5
f 5541//1 5542//1 5543//1
f 5541//1 5543//1 5544//1
f 5537//2 5538//2 5542//2
f 5537//2 5542//2 5541//2
f 5538//3 5539//3 5543//3
f 5538//3 5543//3 5542//3
f 5539//4 5540//4 5544//4
f 5539//4 5544//4 5543//4
f 5540//5 5537//5 5541//5
f 5540//5 5541//5 5544//5
f 5549//1 5550//1 5551//1
f 5549//1 5551//1 5552//1
f 5545//2 5546//2 5550//2
f 5545//2 5550//2 5549//2
f 5546//3 5547//3 5551//3
f 5546//3 5551//3 5550//3
f 5547//4 5548//4 5552//4
f 5547//4 5552//4 5551//4
f 5548//5 5545//5 5549//5
f 5548//5 5549//5 5552//5
f 5557//1 5558//1 5559//1
f 5557//1 5559//1 5560//1
f 5553//2 5554//2 5558//2
f 5553//2 5558//2 5557//2
f 5554//3 5555//3 5559//3
f 5554//3 5559//3 5558//3
f 5555//4 5556//4 5560//4
f 5555//4 5560//4 5559//4
f 5556//5 5553//5 5557//5
f 5556//5 5557//5 5560//5
f 5565//1 5566//1 5567//1
f 5565//1 5567//1 5568//1
f 5561//2 5562//2 5566//2
f 5561//2 5566//2 5565//2
f 5562//3 5563//3 5567//3
f 5562//3 5567//3 5566//3
f 5563//4 5564//4 5568//4
f 5563//4 5568//4 5567//4
f 5564//5 5561//5 5565//5
f 5564//5 5565//5 5568//5
f 5573//1 5574//1 5575//1
f 5573//1 5575//1 5576//1
f 5569//2 5570//2 5574//2
f 5569//2 5574//2 5573//2
f 5570//3 5571//3 5575//3
f 5570//3 5575//3 5574//3
f 5571//4 5572//4 5576//4
f 5571//4 5576//4 5575//4
f 5572//5 5569//5 5573//5
f 5572//5 5573//5 5576//5
f 5581//1 5582//1 5583//1
f 5581//1 5583//1 5584//1
f 5577//2 5578//2 5582//2
f 5577//2 5582//2 5581//2
f 5578//3 5579//3 5583//3
f 5578//3 5583//3 5582//3
f 5579//4 5580//4 5584//4
f 5579//4 5584//4 5583//4
f 5580//5 5577//5 5581//5
f 5580//5 5581//5 5584//5
f 5589//1 5590//1 5591//1
f 5589//1 5591//1 5592//1
f 5585//2 5586//2 5590//2
f 5585//2 5590//2 5589//2
f 5586//3 5587//3 5591//3
f 5586//3 5591//3 5590//3
f 5587//4 5588//4 5592//4
f 5587//4 5592//4 5591//4
f 5588//5 5585//5 5589//5
f 5588//5 5589//5 5592//5
f 5597//1 5598//1 5599//1
f 5597//1 5599//1 5600//1
f 5593//2 5594//2 5598//2
f 5593//2 5598//2 5597//2
f 5594//3 5595//3 5599//3
f 5594//3 5599//3 5598//3
f 5595//4 5596//4 5600//4
f 5595//4 5600//4 5599//4
f 5596//5 5593//5 5597//5
f 5596//5 5597//5 5600//5
f 5605//1 5606//1 5607//1
f 5605//1 5607//1 5608//1
f 5601//2 5602//2 5606//2
f 5601//2 5606//2 5605//2
f 5602//3 5603//3 5607//3
f 5602//3 5607//3 5606//3
f 5603//4 5604//4 5608//4
f 5603//4 5608//4 5607//4
f 5604//5 5601//5 5605//5
f 5604//5 5605//5 5608//5
f 5613//1 5614//1 5615//1
f 5613//1 5615//1 5616//1
f 5609//2 5610//2 5614//2
f 5609//2 5614//2 5613//2
f 5610//3 5611//3 5615//3
f 5610//3 5615//3 5614//3
f 5611//4 5612//4 5616//4
f 5611//4 5616//4 5615//4
f 5612//5 5609//5 5613//5
f 5612//5 5613//5 5616//5
f 5621//1 5622//1 5623//1
f 5621//1 5623//1 5624//1
f 5617//2 5618//2 5622//2
f 5617//2 5622//2 5621//2
f 5618//3 5619//3 5623//3
f 5618//3 5623//3 5622//3
f 5619//4 5620//4 5624//4
f 5619//4 5624//4 5623//4
f 5620//5 5617//5 5621//5
f 5620//5 5621//5 5624//5
f 5629//1 5630//1 5631//1
f 5629//1 5631//1 5632//1
f 5625//2 5626//2 5630//2
f 5625//2 5630//2 5629//2
f 5626//3 5627//3 5631//3
f 5626//3 5631//3 5630//3
f 5627//4 5628//4 5632//4
f 5627//4 5632//4 5631//4
f 5628//5 5625//5 5629//5
f 5628//5 5629//5 5632//5
f 5637//1 5638//1 5639//1
f 5637//1 5639//1 5640//1
f 5633//2 5634//2 5638//2
f 5633//2 5638//2 5637//2
f 5634//3 5635//3 5639//3
f 5634//3 5639//3 5638//3
f 5635//4 5636//4 5640//4
f 5635//4 5640//4 5639//4
f 5636//5 5633//5 5637//5
f 5636//5 5637//5 5640//5
f 5645//1 5646//1 5647//1
f 5645//1 5647//1 5648//1
f 5641//2 5642//2 5646//2
f 5641//2 5646//2 5645//2
f 5642//3 5643//3 5647//3
f 5642//3 5647//3 5646//3
f 5643//4 5644//4 5648//4
f 5643//4 5648//4 5647//4
f 5644//5 5641//5 5645//5
f 5644//5 5645//5 5648//5
f 5653//1 5654//1 5655//1
f 5653//1 5655//1 5656//1
f 5649//2 5650//2 5654//2
f 5649//2 5654//2 5653//2
f 5650//3 5651//3 5655//3
f 5650//3 5655//3 5654//3
f 5651//4 5652//4 5656//4
f 5651//4 5656//4 5655//4
f 5652//5 5649//5 5653//5
f 5652//5 5653//5 5656//5
f 5661//1 5662//1 5663//1
f 5661//1 5663//1 5664//1
f 5657//2 5658//2 5662//2
f 5657//2 5662//2 5661//2
f 5658//3 5659//3 5663//3
f 5658//3 5663//3 5662//3
f 5659//4 5660//4 5664//4
f 5659//4 5664//4 5663//4
f 5660//5 5657//5 5661//5
f 5660//5 5661//5 5664//5
f 5669//1 5670//1 5671//1
f 5669//1 5671//1 5672//1
f 5665//2 5666//2 5670//2
f 5665//2 5670//2 5669//2
f 5666//3 5667//3 5671//3
f 5666//3 5671//3 5670//3
f 5667//4 5668//4 5672//4
f 5667//4 5672//4 5671//4
f 5668//5 5665//5 5669//5
f 5668//5 5669//5 5672//5
f 5677//1 5678//1 5679//1
f 5677//1 5679//1 5680//1
f 5673//2 5674//2 5678//2
f 5673//2 5678//2 5677//2
f 5674//3 5675//3 5679//3
f 5674//3 5679//3 5678//3
f 5675//4 5676//4 5680//4
f 5675//4 5680//4 5679//4
f 5676//5 5673//5 5677//5
f 5676//5 5677//5 5680//5
f 5685//1 5686//1 5687//1
f 5685//1 5687//1 5688//1
f 5681//2 5682//2 5686//2
f 5681//2 5686//2 5685//2
f 5682//3 5683//3 5687//3
f 5682//3 5687//3 5686//3
f 5683//4 5684//4 5688//4
f 5683//4 5688//4 5687//4
f 5684//5 5681//5 5685//5
f 5684//5 5685//5 5688//5
f 5693//1 5694//1 5695//1
f 5693//1 5695//1 5696//1
f 5689//2 5690//2 5694//2
f 5689//2 5694//2 5693//2
f 5690//3 5691//3 5695//3
f 5690//3 5695//3 5694//3
f 5691//4 5692//4 5696//4
f 5691//4 5696//4 5695//4
f 5692//5 5689//5 5693//5
f 5692//5 5693//5 5696//5
f 5701//1 5702//1 5703//1
f 5701//1 5703//1 5704//1
f 5697//2 5698//2 5702//2
f 5697//2 5702//2 5701//2
f 5698//3 5699//3 5703//3
f 5698//3 5703//3 5702//3
f 5699//4 5700//4 5704//4
f 5699//4 5704//4 5703//4
f 5700//5 5697//5 5701//5
f 5700//5 5701//5 5704//5
f 5709//1 5710//1 5711//1
f 5709//1 5711//1 5712//1
f 5705//2 5706//2 5710//2
f 5705//2 5710//2 5709//2
f 5706//3 5707//3 5711//3
f 5706//3 5711//3 5710//3
f 5707//4 5708//4 5712//4
f 5707//4 5712//4 5711//4
f 5708//5 5705//5 5709//5
f 5708//5 5709//5 5712//5
f 5717//1 5718//1 5719//1
f 5717//1 5719//1 5720//1
f 5713//2 5714//2 5718//2
f 5713//2 5718//2 5717//2
f 5714//3 5715//3 5719//3
f 5714//3 5719//3 5718//3
f 5715//4 5716//4 5720//4
f 5715//4 5720//4 5719//4
f 5716//5 5713//5 5717//5
f 5716//5 5717//5 5720//5
f 5725//1 5726//1 5727//1
f 5725//1 5727//1 5728//1
f 5721//2 5722//2 5726//2
f 5721//2 5726//2 5725//2
f 5722//3 5723//3 5727//3
f 5722//3 5727//3 5726//3
f 5723//4 5724//4 5728//4
f 5723//4 5728//4 5727//4
f 5724//5 5721//5 5725//5
f 5724//5 5725//5 5728//5
f 5733//1 5734//1 5735//1
f 5733//1 5735//1 5736//1
f 5729//2 5730//2 5734//2
f 5729//2 5734//2 5733//2
f 5730//3 5731//3 5735//3
f 5730//3 5735//3 5734//3
f 5731//4 5732//4 5736//4
f 5731//4 5736//4 5735//4
f 5732//5 5729//5 5733//5
f 5732//5 5733//5 5736//5
f 5741//1 5742//1 5743//1
f 5741//1 5743//1 5744//1
f 5737//2 5738//2 5742//2
f 5737//2 5742//2 5741//2
f 5738//3 5739//3 5743//3
f 5738//3 5743//3 5742//3
f 5739//4 5740//4 5744//4
f 5739//4 5744//4 5743//4
f 5740//5 5737//5 5741//5
f 5740//5 5741//5 5744//5
f 5749//1 5750//1 5751//1
f 5749//1 5751//1 5752//1
f 5745//2 5746//2 5750//2
f 5745//2 5750//2 5749//2
f 5746//3 5747//3 5751//3
f 5746//3 5751//3 5750//3
f 5747//4 5748//4 5752//4
f 5747//4 5752//4 5751//4
f 5748//5 5745//5 5749//5
f 5748//5 5749//5 5752//5
f 5757//1 5758//1 5759//1
f 5757//1 5759//1 5760//1
f 5753//2 5754//2 5758//2
f 5753//2 5758//2 5757//2
f 5754//3 5755//3 5759//3
f 5754//3 5759//3 5758//3
f 5755//4 5756//4 5760//4
f 5755//4 5760//4 5759//4
f 5756//5 5753//5 5757//5
f 5756//5 5757//5 5760//5
f 5765//1 5766//1 5767//1
f 5765//1 5767//1 5768//1
f 5761//2 5762//2 5766//2
f 5761//2 5766//2 5765//2
f 5762//3 5763//3 5767//3
f 5762//3 5767//3 5766//3
f 5763//4 5764//4 5768//4
f 5763//4 5768//4 5767//4
f 5764//5 5761//5 5765//5
f 5764//5 5765//5 5768//5
f 5773//1 5774//1 5775//1
f 5773//1 5775//1 5776//1
f 5769//2 5770//2 5774//2
f 5769//2 5774//2 5773//2
f 5770//3 5771//3 5775//3
f 5770//3 5775//3 5774//3
f 5771//4 5772//4 5776//4
f 5771//4 5776//4 5775//4
f 5772//5 5769//5 5773//5
f 5772//5 5773//5 5776//5
f 5781//1 5782//1 5783//1
f 5781//1 5783//1 5784//1
f 5777//2 5778//2 5782//2
f 5777//2 5782//2 5781//2
f 5778//3 5779//3 5783//3
f 5778//3 5783//3 5782//3
f 5779//4 5780//4 5784//4
f 5779//4 5784//4 5783//4
f 5780//5 5777//5 5781//5
f 5780//5 5781//5 5784//5
f 5789//1 5790//1 5791//1
f 5789//1 5791//1 5792//1
f 5785//2 5786//2 5790//2
f 5785//2 5790//2 5789//2
f 5786//3 5787//3 5791//3
f 5786//3 5791//3 5790//3
f 5787//4 5788//4 5792//4
f 5787//4 5792//4 5791//4
f 5788//5 5785//5 5789//5
f 5788//5 5789//5 5792//5
f 5797//1 5798//1 5799//1
f 5797//1 5799//1 5800//1
f 5793//2 5794//2 5798//2
f 5793//2 5798//2 5797//2
f 5794//3 5795//3 5799//3
f 5794//3 5799//3 5798//3
f 5795//4 5796//4 5800//4
f 5795//4 5800//4 5799//4
f 5796//5 5793//5 5797//5
f 5796//5 5797//5 5800//5
f 5805//1 5806//1 5807//1
f 5805//1 5807//1 5808//1
f 5801//2 5802//2 5806//2
f 5801//2 5806//2 5805//2
f 5802//3 5803//3 5807//3
f 5802//3 5807//3 5806//3
f 5803//4 5804//4 5808//4
f 5803//4 5808//4 5807//4
f 5804//5 5801//5 5805//5
f 5804//5 5805//5 5808//5
f 5813//1 5814//1 5815//1
f 5813//1 5815//1 5816//1
f 5809//2 5810//2 5814//2
f 5809//2 5814//2 5813//2
f 5810//3 5811//3 5815//3
f 5810//3 5815//3 5814//3
f 5811//4 5812//4 5816//4
f 5811//4 5816//4 5815//4
f 5812//5 5809//5 5813//5
f 5812//5 5813//5 5816//5
f 5821//1 5822//1 5823//1
f 5821//1 5823//1 5824//1
f 5817//2 5818//2 5822//2
f 5817//2 5822//2 5821//2
f 5818//3 5819//3 5823//3
f 5818//3 5823//3 5822//3
f 5819//4 5820//4 5824//4
f 5819//4 5824//4 5823//4
f 5820//5 5817//5 5821//5
f 5820//5 5821//5 5824//5
f 5829//1 5830//1 5831//1
f 5829//1 5831//1 5832//1
f 5825//2 5826//2 5830//2
f 5825//2 5830//2 5829//2
f 5826//3 5827//3 5831//3
f 5826//3 5831//3 5830//3
f 5827//4 5828//4 5832//4
f 5827//4 5832//4 5831//4
f 5828//5 5825//5 5829//5
f 5828//5 5829//5 5832//5
f 5837//1 5838//1 5839//1
f 5837//1 5839//1 5840//1
f 5833//2 5834//2 5838//2
f 5833//2 5838//2 5837//2
f 5834//3 5835//3 5839//3
f 5834//3 5839//3 5838//3
f 5835//4 5836//4 5840//4
f 5835//4 5840//4 5839//4
f 5836//5 5833//5 5837//5
f 5836//5 5837//5 5840//5
f 5845//1 5846//1 5847//1
f 5845//1 5847//1 5848//1
f 5841//2 5842//2 5846//2
f 5841//2 5846//2 5845//2
f 5842//3 5843//3 5847//3
f 5842//3 5847//3 5846//3
f 5843//4 5844//4 5848//4
f 5843//4 5848//4 5847//4
f 5844//5 5841//5 5845//5
f 5844//5 5845//5 5848//5
f 5853//1 5854//1 5855//1
f 5853//1 5855//1 5856//1
f 5849//2 5850//2 5854//2
f 5849//2 5854//2 5853//2
f 5850//3 5851//3 5855//3
f 5850//3 5855//3 5854//3
f 5851//4 5852//4 5856//4
f 5851//4 5856//4 5855//4
f 5852//5 5849//5 5853//5
f 5852//5 5853//5 5856//5
f 5861//1 5862//1 5863//1
f 5861//1 5863//1 5864//1
f 5857//2 5858//2 5862//2
f 5857//2 5862//2 5861//2
f 5858//3 5859//3 5863//3
f 5858//3 5863//3 5862//3
f 5859//4 5860//4 5864//4
f 5859//4 5864//4 5863//4
f 5860//5 5857//5 5861//5
f 5860//5 5861//5 5864//5
f 5869//1 5870//1 5871//1
f 5869//1 5871//1 5872//1
f 5865//2 5866//2 5870//2
f 5865//2 5870//2 5869//2
f 5866//3 5867//3 5871//3
f 5866//3 5871//3 5870//3
f 5867//4 5868//4 5872//4
f 5867//4 5872//4 5871//4
f 5868//5 5865//5 5869//5
f 5868//5 5869//5 5872//5
f 5877//1 5878//1 5879//1
f 5877//1 5879//1 5880//1
f 5873//2 5874//2 5878//2
f 5873//2 5878//2 5877//2
f 5874//3 5875//3 5879//3
f 5874//3 5879//3 5878//3
f 5875//4 5876//4 5880//4
f 5875//4 5880//4 5879//4
f 5876//5 5873//5 5877//5
f 5876//5 5877//5 5880//5
f 5885//1 5886//1 5887//1
f 5885//1 5887//1 5888//1
f 5881//2 5882//2 5886//2
f 5881//2 5886//2 5885//2
f 5882//3 5883//3 5887//3
f 5882//3 5887//3 5886//3
f 5883//4 5884//4 5888//4
f 5883//4 5888//4 5887//4
f 5884//5 5881//5 5885//5
f 5884//5 5885//5 5888//5
f 5893//1 5894//1 5895//1
f 5893//1 5895//1 5896//1
f 5889//2 5890//2 5894//2
f 5889//2 5894//2 5893//2
f 5890//3 5891//3 5895//3
f 5890//3 5895//3 5894//3
f 5891//4 5892//4 5896//4
f 5891//4 5896//4 5895//4
f 5892//5 5889//5 5893//5
f 5892//5 5893//5 5896//5
f 5901//1 5902//1 5903//1
f 5901//1 5903//1 5904//1
f 5897//2 5898//2 5902//2
f 5897//2 5902//2 5901//2
f 5898//3 5899//3 5903//3
f 5898//3 5903//3 5902//3
f 5899//4 5900//4 5904//4
f 5899//4 5904//4 5903//4
f 5900//5 5897//5 5901//5
f 5900//5 5901//5 5904//5
f 5909//1 5910//1 5911//1
f 5909//1 5911//1 5912//1
f 5905//2 5906//2 5910//2
f 5905//2 5910//2 5909//2
f 5906//3 5907//3 5911//3
f 5906//3 5911//3 5910//3
f 5907//4 5908//4 5912//4
f 5907//4 5912//4 5911//4
f 5908//5 5905//5 5909//5
f 5908//5 5909//5 5912//5
f 5917//1 5918//1 5919//1
f 5917//1 5919//1 5920//1
f 5913//2 5914//2 5918//2
f 5913//2 5918//2 5917//2
f 5914//3 5915//3 5919//3
f 5914//3 5919//3 5918//3
f 5915//4 5916//4 5920//4
f 5915//4 5920//4 5919//4
f 5916//5 5913//5 5917//5
f 5916//5 5917//5 5920//5
f 5925//1 5926//1 5927//1
f 5925//1 5927//1 5928//1
f 5921//2 5922//2 5926//2
f 5921//2 5926//2 5925//2
f 5922//3 5923//3 5927//3
f 5922//3 5927//3 5926//3
f 5923//4 5924//4 5928//4
f 5923//4 5928//4 5927//4
f 5924//5 5921//5 5925//5
f 5924//5 5925//5 5928//5
f 5933//1 5934//1 5935//1
f 5933//1 5935//1 5936//1
f 5929//2 5930//2 5934//2
f 5929//2 5934//2 5933//2
f 5930//3 5931//3 5935//3
f 5930//3 5935//3 5934//3
f 5931//4 5932//4 5936//4
f 5931//4 5936//4 5935//4
f 5932//5 5929//5 5933//5
f 5932//5 5933//5 5936//5
f 5941//1 5942//1 5943//1
f 5941//1 5943//1 5944//1
f 5937//2 5938//2 5942//2
f 5937//2 5942//2 5941//2
f 5938//3 5939//3 5943//3
f 5938//3 5943//3 5942//3
f 5939//4 5940//4 5944//4
f 5939//4 5944//4 5943//4
f 5940//5 5937//5 5941//5
f 5940//5 5941//5 5944//5
f 5949//1 5950//1 5951//1
f 5949//1 5951//1 5952//1
f 5945//2 5946//2 5950//2
f 5945//2 5950//2 5949//2
f 5946//3 5947//3 5951//3
f 5946//3 5951//3 5950//3
f 5947//4 5948//4 5952//4
f 5947//4 5952//4 5951//4
f 5948//5 5945//5 5949//5
f 5948//5 5949//5 5952//5
f 5957//1 5958//1 5959//1
f 5957//1 5959//1 5960//1
f 5953//2 5954//2 5958//2
f 5953//2 5958//2 5957//2
f 5954//3 5955//3 5959//3
f 5954//3 5959//3 5958//3
f 5955//4 5956//4 5960//4
f 5955//4 5960//4 5959//4
f 5956//5 5953//5 5957//5
f 5956//5 5957//5 5960//5
f 5965//1 5966//1 5967//1
f 5965//1 5967//1 5968//1
f 5961//2 5962//2 5966//2
f 5961//2 5966//2 5965//2
f 5962//3 5963//3 5967//3
f 5962//3 5967//3 5966//3
f 5963//4 5964//4 5968//4
f 5963//4 5968//4 5967//4
f 5964//5 5961//5 5965//5
f 5964//5 5965//5 5968//5
f 5973//1 5974//1 5975//1
f 5973//1 5975//1 5976//1
f 5969//2 5970//2 5974//2
f 5969//2 5974//2 5973//2
f 5970//3 5971//3 5975//3
f 5970//3 5975//3 5974//3
f 5971//4 5972//4 5976//4
f 5971//4 5976//4 5975//4
f 5972//5 5969//5 5973//5
f 5972//5 5973//5 5976//5
f 5981//1 5982//1 5983//1
f 5981//1 5983//1 5984//1
f 5977//2 5978//2 5982//2
f 5977//2 5982//2 5981//2
f 5978//3 5979//3 5983//3
f 5978//3 5983//3 5982//3
f 5979//4 5980//4 5984//4
f 5979//4 5984//4 5983//4
f 5980//5 5977//5 5981//5
f 5980//5 5981//5 5984//5
f 5989//1 5990//1 5991//1
f 5989//1 5991//1 5992//1
f 5985//2 5986//2 5990//2
f 5985//2 5990//2 5989//2
f 5986//3 5987//3 5991//3
f 5986//3 5991//3 5990//3
f 5987//4 5988//4 5992//4
f 5987//4 5992//4 5991//4
f 5988//5 5985//5 5989//5
f 5988//5 5989//5 5992//5
f 5997//1 5998//1 5999//1
f 5997//1 5999//1 6000//1
f 5993//2 5994//2 5998//2
f 5993//2 5998//2 5997//2
f 5994//3 5995//3 5999//3
f 5994//3 5999//3 5998//3
f 5995//4 5996//4 6000//4
f 5995//4 6000//4 5999//4
f 5996//5 5993//5 5997//5
f 5996//5 5997//5 6000//5
f 6005//1 6006//1 6007//1
f 6005//1 6007//1 6008//1
f 6001//2 6002//2 6006//2
f 6001//2 6006//2 6005//2
f 6002//3 6003//3 6007//3
f 6002//3 6007//3 6006//3
f 6003//4 6004//4 6008//4
f 6003//4 6008//4 6007//4
f 6004//5 6001//5 6005//5
f 6004//5 6005//5 6008//5
f 6013//1 6014//1 6015//1
f 6013//1 6015//1 6016//1
f 6009//2 6010//2 6014//2
f 6009//2 6014//2 6013//2
f 6010//3 6011//3 6015//3
f 6010//3 6015//3 6014//3
f 6011//4 6012//4 6016//4
f 6011//4 6016//4 6015//4
f 6012//5 6009//5 6013//5
f 6012//5 6013//5 6016//5
f 6021//1 6022//1 6023//1
f 6021//1 6023//1 6024//1
f 6017//2 6018//2 6022//2
f 6017//2 6022//2 6021//2
f 6018//3 6019//3 6023//3
f 6018//3 6023//3 6022//3
f 6019//4 6020//4 6024//4
f 6019//4 6024//4 6023//4
f 6020//5 6017//5 6021//5
f 6020//5 6021//5 6024//5
f 6029//1 6030//1 6031//1
f 6029//1 6031//1 6032//1
f 6025//2 6026//2 6030//2
f 6025//2 6030//2 6029//2
f 6026//3 6027//3 6031//3
f 6026//3 6031//3 6030//3
f 6027//4 6028//4 6032//4
f 6027//4 6032//4 6031//4
f 6028//5 6025//5 6029//5
f 6028//5 6029//5 6032//5
f 6037//1 6038//1 6039//1
f 6037//1 6039//1 6040//1
f 6033//2 6034//2 6038//2
f 6033//2 6038//2 6037//2
f 6034//3 6035//3 6039//3
f 6034//3 6039//3 6038//3
f 6035//4 6036//4 6040//4
f 6035//4 6040//4 6039//4
f 6036//5 6033//5 6037//5
f 6036//5 6037//5 6040//5
f 6045//1 6046//1 6047//1
f 6045//1 6047//1 6048//1
f 6041//2 6042//2 6046//2
f 6041//2 6046//2 6045//2
f 6042//3 6043//3 6047//3
f 6042//3 6047//3 6046//3
f 6043//4 6044//4 6048//4
f 6043//4 6048//4 6047//4
f 6044//5 6041//5 6045//5
f 6044//5 6045//5 6048//5
f 6053//1 6054//1 6055//1
f 6053//1 6055//1 6056//1
f 6049//2 6050//2 6054//2
f 6049//2 6054//2 6053//2
f 6050//3 6051//3 6055//3
f 6050//3 6055//3 6054//3
f 6051//4 6052//4 6056//4
f 6051//4 6056//4 6055//4
f 6052//5 6049//5 6053//5
f 6052//5 6053//5 6056//5
f 6061//1 6062//1 6063//1
f 6061//1 6063//1 6064//1
f 6057//2 6058//2 6062//2
f 6057//2 6062//2 6061//2
f 6058//3 6059//3 6063//3
f 6058//3 6063//3 6062//3
f 6059//4 6060//4 6064//4
f 6059//4 6064//4 6063//4
f 6060//5 6057//5 6061//5
f 6060//5 6061//5 6064//5
f 6069//1 6070//1 6071//1
f 6069//1 6071//1 6072//1
f 6065//2 6066//2 6070//2
f 6065//2 6070//2 6069//2
f 6066//3 6067//3 6071//3
f 6066//3 6071//3 6070//3
f 6067//4 6068//4 6072//4
f 6067//4 6072//4 6071//4
f 6068//5 6065//5 6069//5
f 6068//5 6069//5 6072//5
f 6077//1 6078//1 6079//1
f 6077//1 6079//1 6080//1
f 6073//2 6074//2 6078//2
f 6073//2 6078//2 6077//2
f 6074//3 6075//3 6079//3
f 6074//3 6079//3 6078//3
f 6075//4 6076//4 6080//4
f 6075//4 6080//4 6079//4
f 6076//5 6073//5 6077//5
f 6076//5 6077//5 6080//5
f 6085//1 6086//1 6087//1
f 6085//1 6087//1 6088//1
f 6081//2 6082//2 6086//2
f 6081//2 6086//2 6085//2
f 6082//3 6083//3 6087//3
f 6082//3 6087//3 6086//3
f 6083//4 6084//4 6088//4
f 6083//4 6088//4 6087//4
f 6084//5 6081//5 6085//5
f 6084//5 6085//5 6088//5
f 6093//1 6094//1 6095//1
f 6093//1 6095//1 6096//1
f 6089//2 6090//2 6094//2
f 6089//2 6094//2 6093//2
f 6090//3 6091//3 6095//3
f 6090//3 6095//3 6094//3
f 6091//4 6092//4 6096//4
f 6091//4 6096//4 6095//4
f 6092//5 6089//5 6093//5
f 6092//5 6093//5 6096//5
f 6101//1 6102//1 6103//1
f 6101//1 6103//1 6104//1
f 6097//2 6098//2 6102//2
f 6097//2 6102//2 6101//2
f 6098//3 6099//3 6103//3
f 6098//3 6103//3 6102//3
f 6099//4 6100//4 6104//4
f 6099//4 6104//4 6103//4
f 6100//5 6097//5 6101//5
f 6100//5 6101//5 6104//5
f 6109//1 6110//1 6111//1
f 6109//1 6111//1 6112//1
f 6105//2 6106//2 6110//2
f 6105//2 6110//2 6109//2
f 6106//3 6107//3 6111//3
f 6106//3 6111//3 6110//3
f 6107//4 6108//4 6112//4
f 6107//4 6112//4 6111//4
f 6108//5 6105//5 6109//5
f 6108//5 6109//5 6112//5
f 6117//1 6118//1 6119//1
f 6117//1 6119//1 6120//1
f 6113//2 6114//2 6118//2
f 6113//2 6118//2 6117//2
f 6114//3 6115//3 6119//3
f 6114//3 6119//3 6118//3
f 6115//4 6116//4 6120//4
f 6115//4 6120//4 6119//4
f 6116//5 6113//5 6117//5
f 6116//5 6117//5 6120//5
f 6125//1 6126//1 6127//1
f 6125//1 6127//1 6128//1
f 6121//2 6122//2 6126//2
f 6121//2 6126//2 6125//2
f 6122//3 6123//3 6127//3
f 6122//3 6127//3 6126//3
f 6123//4 6124//4 6128//4
f 6123//4 6128//4 6127//4
f 6124//5 6121//5 6125//5
f 6124//5 6125//5 6128//5
f 6133//1 6134//1 6135//1
f 6133//1 6135//1 6136//1
f 6129//2 6130//2 6134//2
f 6129//2 6134//2 6133//2
f 6130//3 6131//3 6135//3
f 6130//3 6135//3 6134//3
f 6131//4 6132//4 6136//4
f 6131//4 6136//4 6135//4
f 6132//5 6129//5 6133//5
f 6132//5 6133//5 6136//5
f 6141//1 6142//1 6143//1
f 6141//1 6143//1 6144//1
f 6137//2 6138//2 6142//2
f 6137//2 6142//2 6141//2
f 6138//3 6139//3 6143//3
f 6138//3 6143//3 6142//3
f 6139//4 6140//4 6144//4
f 6139//4 6144//4 6143//4
f 6140//5 6137//5 6141//5
f 6140//5 6141//5 6144//5
f 6149//1 6150//1 6151//1
f 6149//1 6151//1 6152//1
f 6145//2 6146//2 6150//2
f 6145//2 6150//2 6149//2
f 6146//3 6147//3 6151//3
f 6146//3 6151//3 6150//3
f 6147//4 6148//4 6152//4
f 6147//4 6152//4 6151//4
f 6148//5 6145//5 6149//5
f 6148//5 6149//5 6152//5
f 6157//1 6158//1 6159//1
f 6157//1 6159//1 6160//1
f 6153//2 6154//2 6158//2
f 6153//2 6158//2 6157//2
f 6154//3 6155//3 6159//3
f 6154//3 6159//3 6158//3
f 6155//4 6156//4 6160//4
f 6155//4 6160//4 6159//4
f 6156//5 6153//5 6157//5
f 6156//5 6157//5 6160//5
f 6165//1 6166//1 6167//1
f 6165//1 6167//1 6168//1
f 6161//2 6162//2 6166//2
f 6161//2 6166//2 6165//2
f 6162//3 6163//3 6167//3
f 6162//3 6167//3 6166//3
f 6163//4 6164//4 6168//4
f 6163//4 6168//4 6167//4
f 6164//5 6161//5 6165//5
f 6164//5 6165//5 6168//5
f 6173//1 6174//1 6175//1
f 6173//1 6175//1 6176//1
f 6169//2 6170//2 6174//2
f 6169//2 6174//2 6173//2
f 6170//3 6171//3 6175//3
f 6170//3 6175//3 6174//3
f 6171//4 6172//4 6176//4
f 6171//4 6176//4 6175//4
f 6172//5 6169//5 6173//5
f 6172//5 6173//5 6176//5
f 6181//1 6182//1 6183//1
f 6181//1 6183//1 6184//1
f 6177//2 6178//2 6182//2
f 6177//2 6182//2 6181//2
f 6178//3 6179//3 6183//3
f 6178//3 6183//3 6182//3
f 6179//4 6180//4 6184//4
f 6179//4 6184//4 6183//4
f 6180//5 6177//5 6181//5
f 6180//5 6181//5 6184//5
f 6189//1 6190//1 6191//1
f 6189//1 6191//1 6192//1
f 6185//2 6186//2 6190//2
f 6185//2 6190//2 6189//2
f 6186//3 6187//3 6191//3
f 6186//3 6191//3 6190//3
f 6187//4 6188//4 6192//4
f 6187//4 6192//4 6191//4
f 6188//5 6185//5 6189//5
f 6188//5 6189//5 6192//5
f 6197//1 6198//1 6199//1
f 6197//1 6199//1 6200//1
f 6193//2 6194//2 6198//2
f 6193//2 6198//2 6197//2
f 6194//3 6195//3 6199//3
f 6194//3 6199//3 6198//3
f 6195//4 6196//4 6200//4
f 6195//4 6200//4 6199//4
f 6196//5 6193//5 6197//5
f 6196//5 6197//5 6200//5
f 6205//1 6206//1 6207//1
f 6205//1 6207//1 6208//1
f 6201//2 6202//2 6206//2
f 6201//2 6206//2 6205//2
f 6202//3 6203//3 6207//3
f 6202//3 6207//3 6206//3
f 6203//4 6204//4 6208//4
f 6203//4 6208//4 6207//4
f 6204//5 6201//5 6205//5
f 6204//5 6205//5 6208//5
f 6213//1 6214//1 6215//1
f 6213//1 6215//1 6216//1
f 6209//2 6210//2 6214//2
f 6209//2 6214//2 6213//2
f 6210//3 6211//3 6215//3
f 6210//3 6215//3 6214//3
f 6211//4 6212//4 6216//4
f 6211//4 6216//4 6215//4
f 6212//5 6209//5 6213//5
f 6212//5 6213//5 6216//5
f 6221//1 6222//1 6223//1
f 6221//1 6223//1 6224//1
f 6217//2 6218//2 6222//2
f 6217//2 6222//2 6221//2
f 6218//3 6219//3 6223//3
f 6218//3 6223//3 6222//3
f 6219//4 6220//4 6224//4
f 6219//4 6224//4 6223//4
f 6220//5 6217//5 6221//5
f 6220//5 6221//5 6224//5
f 6229//1 6230//1 6231//1
f 6229//1 6231//1 6232//1
f 6225//2 6226//2 6230//2
f 6225//2 6230//2 6229//2
f 6226//3 6227//3 6231//3
f 6226//3 6231//3 6230//3
f 6227//4 6228//4 6232//4
f 6227//4 6232//4 6231//4
f 6228//5 6225//5 6229//5
f 6228//5 6229//5 6232//5
f 6237//1 6238//1 6239//1
f 6237//1 6239//1 6240//1
f 6233//2 6234//2 6238//2
f 6233//2 6238//2 6237//2
f 6234//3 6235//3 6239//3
f 6234//3 6239//3 6238//3
f 6235//4 6236//4 6240//4
f 6235//4 6240//4 6239//4
f 6236//5 6233//5 6237//5
f 6236//5 6237//5 6240//5
f 6245//1 6246//1 6247//1
f 6245//1 6247//1 6248//1
f 6241//2 6242//2 6246//2
f 6241//2 6246//2 6245//2
f 6242//3 6243//3 6247//3
f 6242//3 6247//3 6246//3
f 6243//4 6244//4 6248//4
f 6243//4 6248//4 6247//4
f 6244//5 6241//5 6245//5
f 6244//5 6245//5 6248//5
f 6253//1 6254//1 6255//1
f 6253//1 6255//1 6256//1
f 6249//2 6250//2 6254//2
f 6249//2 6254//2 6253//2
f 6250//3 6251//3 6255//3
f 6250//3 6255//3 6254//3
f 6251//4 6252//4 6256//4
f 6251//4 6256//4 6255//4
f 6252//5 6249//5 6253//5
f 6252//5 6253//5 6256//5
f 6261//1 6262//1 6263//1
f 6261//1 6263//1 6264//1
f 6257//2 6258//2 6262//2
f 6257//2 6262//2 6261//2
f 6258//3 6259//3 6263//3
f 6258//3 6263//3 6262//3
f 6259//4 6260//4 6264//4
f 6259//4 6264//4 6263//4
f 6260//5 6257//5 6261//5
f 6260//5 6261//5 6264//5
f 6269//1 6270//1 6271//1
f 6269//1 6271//1 6272//1
f 6265//2 6266//2 6270//2
f 6265//2 6270//2 6269//2
f 6266//3 6267//3 6271//3
f 6266//3 6271//3 6270//3
f 6267//4 6268//4 6272//4
f 6267//4 6272//4 6271//4
f 6268//5 6265//5 6269//5
f 6268//5 6269//5 6272//5
f 6277//1 6278//1 6279//1
f 6277//1 6279//1 6280//1
f 6273//2 6274//2 6278//2
f 6273//2 6278//2 6277//2
f 6274//3 6275//3 6279//3
f 6274//3 6279//3 6278//3
f 6275//4 6276//4 6280//4
f 6275//4 6280//4 6279//4
f 6276//5 6273//5 6277//5
f 6276//5 6277//5 6280//5
f 6285//1 6286//1 6287//1
f 6285//1 6287//1 6288//1
f 6281//2 6282//2 6286//2
f 6281//2 6286//2 6285//2
f 6282//3 6283//3 6287//3
f 6282//3 6287//3 6286//3
f 6283//4 6284//4 6288//4
f 6283//4 6288//4 6287//4
f 6284//5 6281//5 6285//5
f 6284//5 6285//5 6288//5
f 6293//1 6294//1 6295//1
f 6293//1 6295//1 6296//1
f 6289//2 6290//2 6294//2
f 6289//2 6294//2 6293//2
f 6290//3 6291//3 6295//3
f 6290//3 6295//3 6294//3
f 6291//4 6292//4 6296//4
f 6291//4 6296//4 6295//4
f 6292//5 6289//5 6293//5
f 6292//5 6293//5 6296//5
f 6301//1 6302//1 6303//1
f 6301//1 6303//1 6304//1
f 6297//2 6298//2 6302//2
f 6297//2 6302//2 6301//2
f 6298//3 6299//3 6303//3
f 6298//3 6303//3 6302//3
f 6299//4 6300//4 6304//4
f 6299//4 6304//4 6303//4
f 6300//5 6297//5 6301//5
f 6300//5 6301//5 6304//5
f 6309//1 6310//1 6311//1
f 6309//1 6311//1 6312//1
f 6305//2 6306//2 6310//2
f 6305//2 6310//2 6309//2
f 6306//3 6307//3 6311//3
f 6306//3 6311//3 6310//3
f 6307//4 6308//4 6312//4
f 6307//4 6312//4 6311//4
f 6308//5 6305//5 6309//5
f 6308//5 6309//5 6312//5
f 6317//1 6318//1 6319//1
f 6317//1 6319//1 6320//1
f 6313//2 6314//2 6318//2
f 6313//2 6318//2 6317//2
f 6314//3 6315//3 6319//3
f 6314//3 6319//3 6318//3
f 6315//4 6316//4 6320//4
f 6315//4 6320//4 6319//4
f 6316//5 6313//5 6317//5
f 6316//5 6317//5 6320//5
f 6325//1 6326//1 6327//1
f 6325//1 6327//1 6328//1
f 6321//2 6322//2 6326//2
f 6321//2 6326//2 6325//2
f 6322//3 6323//3 6327//3
f 6322//3 6327//3 6326//3
f 6323//4 6324//4 6328//4
f 6323//4 6328//4 6327//4
f 6324//5 6321//5 6325//5
f 6324//5 6325//5 6328//5
f 6333//1 6334//1 6335//1
f 6333//1 6335//1 6336//1
f 6329//2 6330//2 6334//2
f 6329//2 6334//2 6333//2
f 6330//3 6331//3 6335//3
f 6330//3 6335//3 6334//3
f 6331//4 6332//4 6336//4
f 6331//4 6336//4 6335//4
f 6332//5 6329//5 6333//5
f 6332//5 6333//5 6336//5
f 6341//1 6342//1 6343//1
f 6341//1 6343//1 6344//1
f 6337//2 6338//2 6342//2
f 6337//2 6342//2 6341//2
f 6338//3 6339//3 6343//3
f 6338//3 6343//3 6342//3
f 6339//4 6340//4 6344//4
f 6339//4 6344//4 6343//4
f 6340//5 6337//5 6341//5
f 6340//5 6341//5 6344//5
f 6349//1 6350//1 6351//1
f 6349//1 6351//1 6352//1
f 6345//2 6346//2 6350//2
f 6345//2 6350//2 6349//2
f 6346//3 6347//3 6351//3
f 6346//3 6351//3 6350//3
f 6347//4 6348//4 6352//4
f 6347//4 6352//4 6351//4
f 6348//5 6345//5 6349//5
f 6348//5 6349//5 6352//5
f 6357//1 6358//1 6359//1
f 6357//1 6359//1 6360//1
f 6353//2 6354//2 6358//2
f 6353//2 6358//2 6357//2
f 6354//3 6355//3 6359//3
f 6354//3 6359//3 6358//3
f 6355//4 6356//4 6360//4
f 6355//4 6360//4 6359//4
f 6356//5 6353//5 6357//5
f 6356//5 6357//5 6360//5
f 6365//1 6366//1 6367//1
f 6365//1 6367//1 6368//1
f 6361//2 6362//2 6366//2
f 6361//2 6366//2 6365//2
f 6362//3 6363//3 6367//3
f 6362//3 6367//3 6366//3
f 6363//4 6364//4 6368//4
f 6363//4 6368//4 6367//4
f 6364//5 6361//5 6365//5
f 6364//5 6365//5 6368//5
f 6373//1 6374//1 6375//1
f 6373//1 6375//1 6376//1
f 6369//2 6370//2 6374//2
f 6369//2 6374//2 6373//2
f 6370//3 6371//3 6375//3
f 6370//3 6375//3 6374//3
f 6371//4 6372//4 6376//4
f 6371//4 6376//4 6375//4
f 6372//5 6369//5 6373//5
f 6372//5 6373//5 6376//5
f 6381//1 6382//1 6383//1
f 6381//1 6383//1 6384//1
f 6377//2 6378//2 6382//2
f 6377//2 6382//2 6381//2
f 6378//3 6379//3 6383//3
f 6378//3 6383//3 6382//3
f 6379//4 6380//4 6384//4
f 6379//4 6384//4 6383//4
f 6380//5 6377//5 6381//5
f 6380//5 6381//5 6384//5
f 6389//1 6390//1 6391//1
f 6389//1 6391//1 6392//1
f 6385//2 6386//2 6390//2
f 6385//2 6390//2 6389//2
f 6386//3 6387//3 6391//3
f 6386//3 6391//3 6390//3
f 6387//4 6388//4 6392//4
f 6387//4 6392//4 6391//4
f 6388//5 6385//5 6389//5
f 6388//5 6389//5 6392//5
f 6397//1 6398//1 6399//1
f 6397//1 6399//1 6400//1
f 6393//2 6394//2 6398//2
f 6393//2 6398//2 6397//2
f 6394//3 6395//3 6399//3
f 6394//3 6399//3 6398//3
f 6395//4 6396//4 6400//4
f 6395//4 6400//4 6399//4
f 6396//5 6393//5 6397//5
f 6396//5 6397//5 6400//5
f 6405//1 6406//1 6407//1
f 6405//1 6407//1 6408//1
f 6401//2 6402//2 6406//2
f 6401//2 6406//2 6405//2
f 6402//3 6403//3 6407//3
f 6402//3 6407//3 6406//3
f 6403//4 6404//4 6408//4
f 6403//4 6408//4 6407//4
f 6404//5 6401//5 6405//5
f 6404//5 6405//5 6408//5
f 6413//1 6414//1 6415//1
f 6413//1 6415//1 6416//1
f 6409//2 6410//2 6414//2
f 6409//2 6414//2 6413//2
f 6410//3 6411//3 6415//3
f 6410//3 6415//3 6414//3
f 6411//4 6412//4 6416//4
f 6411//4 6416//4 6415//4
f 6412//5 6409//5 6413//5
f 6412//5 6413//5 6416//5
f 6421//1 6422//1 6423//1
f 6421//1 6423//1 6424//1
f 6417//2 6418//2 6422//2
f 6417//2 6422//2 6421//2
f 6418//3 6419//3 6423//3
f 6418//3 6423//3 6422//3
f 6419//4 6420//4 6424//4
f 6419//4 6424//4 6423//4
f 6420//5 6417//5 6421//5
f 6420//5 6421//5 6424//5
f 6429//1 6430//1 6431//1
f 6429//1 6431//1 6432//1
f 6425//2 6426//2 6430//2
f 6425//2 6430//2 6429//2
f 6426//3 6427//3 6431//3
f 6426//3 6431//3 6430//3
f 6427//4 6428//4 6432//4
f 6427//4 6432//4 6431//4
f 6428//5 6425//5 6429//5
f 6428//5 6429//5 6432//5
f 6437//1 6438//1 6439//1
f 6437//1 6439//1 6440//1
f 6433//2 6434//2 6438//2
f 6433//2 6438//2 6437//2
f 6434//3 6435//3 6439//3
f 6434//3 6439//3 6438//3
f 6435//4 6436//4 6440//4
f 6435//4 6440//4 6439//4
f 6436//5 6433//5 6437//5
f 6436//5 6437//5 6440//5
f 6445//1 6446//1 6447//1
f 6445//1 6447//1 6448//1
f 6441//2 6442//2 6446//2
f 6441//2 6446//2 6445//2
f 6442//3 6443//3 6447//3
f 6442//3 6447//3 6446//3
f 6443//4 6444//4 6448//4
f 6443//4 6448//4 6447//4
f 6444//5 6441//5 6445//5
f 6444//5 6445//5 6448//5
f 6453//1 6454//1 6455//1
f 6453//1 6455//1 6456//1
f 6449//2 6450//2 6454//2
f 6449//2 6454//2 6453//2
f 6450//3 6451//3 6455//3
f 6450//3 6455//3 6454//3
f 6451//4 6452//4 6456//4
f 6451//4 6456//4 6455//4
f 6452//5 6449//5 6453//5
f 6452//5 6453//5 6456//5
f 6461//1 6462//1 6463//1
f 6461//1 6463//1 6464//1
f 6457//2 6458//2 6462//2
f 6457//2 6462//2 6461//2
f 6458//3 6459//3 6463//3
f 6458//3 6463//3 6462//3
f 6459//4 6460//4 6464//4
f 6459//4 6464//4 6463//4
f 6460//5 6457//5 6461//5
f 6460//5 6461//5 6464//5
f 6469//1 6470//1 6471//1
f 6469//1 6471//1 6472//1
f 6465//2 6466//2 6470//2
f 6465//2 6470//2 6469//2
f 6466//3 6467//3 6471//3
f 6466//3 6471//3 6470//3
f 6467//4 6468//4 6472//4
f 6467//4 6472//4 6471//4
f 6468//5 6465//5 6469//5
f 6468//5 6469//5 6472//5
f 6477//1 6478//1 6479//1
f 6477//1 6479//1 6480//1
f 6473//2 6474//2 6478//2
f 6473//2 6478//2 6477//2
f 6474//3 6475//3 6479//3
f 6474//3 6479//3 6478//3
f 6475//4 6476//4 6480//4
f 6475//4 6480//4 6479//4
f 6476//5 6473//5 6477//5
f 6476//5 6477//5 6480//5
f 6485//1 6486//1 6487//1
f 6485//1 6487//1 6488//1
f 6481//2 6482//2 6486//2
f 6481//2 6486//2 6485//2
f 6482//3 6483//3 6487//3
f 6482//3 6487//3 6486//3
f 6483//4 6484//4 6488//4
f 6483//4 6488//4 6487//4
f 6484//5 6481//5 6485//5
f 6484//5 6485//5 6488//5
f 6493//1 6494//1 6495//1
f 6493//1 6495//1 6496//1
f 6489//2 6490//2 6494//2
f 6489//2 6494//2 6493//2
f 6490//3 6491//3 6495//3
f 6490//3 6495//3 6494//3
f 6491//4 6492//4 6496//4
f 6491//4 6496//4 6495//4
f 6492//5 6489//5 6493//5
f 6492//5 6493//5 6496//5
f 6501//1 6502//1 6503//1
f 6501//1 6503//1 6504//1
f 6497//2 6498//2 6502//2
f 6497//2 6502//2 6501//2
f 6498//3 6499//3 6503//3
f 6498//3 6503//3 6502//3
f 6499//4 6500//4 6504//4
f 6499//4 6504//4 6503//4
f 6500//5 6497//5 6501//5
f 6500//5 6501//5 6504//5
f 6509//1 6510//1 6511//1
f 6509//1 6511//1 6512//1
f 6505//2 6506//2 6510//2
f 6505//2 6510//2 6509//2
f 6506//3 6507//3 6511//3
f 6506//3 6511//3 6510//3
f 6507//4 6508//4 6512//4
f 6507//4 6512//4 6511//4
f 6508//5 6505//5 6509//5
f 6508//5 6509//5 6512//5
f 6517//1 6518//1 6519//1
f 6517//1 6519//1 6520//1
f 6513//2 6514//2 6518//2
f 6513//2 6518//2 6517//2
f 6514//3 6515//3 6519//3
f 6514//3 6519//3 6518//3
f 6515//4 6516//4 6520//4
f 6515//4 6520//4 6519//4
f 6516//5 6513//5 6517//5
f 6516//5 6517//5 6520//5
f 6525//1 6526//1 6527//1
f 6525//1 6527//1 6528//1
f 6521//2 6522//2 6526//2
f 6521//2 6526//2 6525//2
f 6522//3 6523//3 6527//3
f 6522//3 6527//3 6526//3
f 6523//4 6524//4 6528//4
f 6523//4 6528//4 6527//4
f 6524//5 6521//5 6525//5
f 6524//5 6525//5 6528//5
f 6533//1 6534//1 6535//1
f 6533//1 6535//1 6536//1
f 6529//2 6530//2 6534//2
f 6529//2 6534//2 6533//2
f 6530//3 6531//3 6535//3
f 6530//3 6535//3 6534//3
f 6531//4 6532//4 6536//4
f 6531//4 6536//4 6535//4
f 6532//5 6529//5 6533//5
f 6532//5 6533//5 6536//5
f 6541//1 6542//1 6543//1
f 6541//1 6543//1 6544//1
f 6537//2 6538//2 6542//2
f 6537//2 6542//2 6541//2
f 6538//3 6539//3 6543//3
f 6538//3 6543//3 6542//3
f 6539//4 6540//4 6544//4
f 6539//4 6544//4 6543//4
f 6540//5 6537//5 6541//5
f 6540//5 6541//5 6544//5
f 6549//1 6550//1 6551//1
f 6549//1 6551//1 6552//1
f 6545//2 6546//2 6550//2
f 6545//2 6550//2 6549//2
f 6546//3 6547//3 6551//3
f 6546//3 6551//3 6550//3
f 6547//4 6548//4 6552//4
f 6547//4 6552//4 6551//4
f 6548//5 6545//5 6549//5
f 6548//5 6549//5 6552//5
f 6557//1 6558//1 6559//1
f 6557//1 6559//1 6560//1
f 6553//2 6554//2 6558//2
f 6553//2 6558//2 6557//2
f 6554//3 6555//3 6559//3
f 6554//3 6559//3 6558//3
f 6555//4 6556//4 6560//4
f 6555//4 6560//4 6559//4
f 6556//5 6553//5 6557//5
f 6556//5 6557//5 6560//5
f 6565//1 6566//1 6567//1
f 6565//1 6567//1 6568//1
f 6561//2 6562//2 6566//2
f 6561//2 6566//2 6565//2
f 6562//3 6563//3 6567//3
f 6562//3 6567//3 6566//3
f 6563//4 6564//4 6568//4
f 6563//4 6568//4 6567//4
f 6564//5 6561//5 6565//5
f 6564//5 6565//5 6568//5
f 6573//1 6574//1 6575//1
f 6573//1 6575//1 6576//1
f 6569//2 6570//2 6574//2
f 6569//2 6574//2 6573//2
f 6570//3 6571//3 6575//3
f 6570//3 6575//3 6574//3
f 6571//4 6572//4 6576//4
f 6571//4 6576//4 6575//4
f 6572//5 6569//5 6573//5
f 6572//5 6573//5 6576//5
f 6581//1 6582//1 6583//1
f 6581//1 6583//1 6584//1
f 6577//2 6578//2 6582//2
f 6577//2 6582//2 6581//2
f 6578//3 6579//3 6583//3
f 6578//3 6583//3 6582//3
f 6579//4 6580//4 6584//4
f 6579//4 6584//4 6583//4
f 6580//5 6577//5 6581//5
f 6580//5 6581//5 6584//5
f 6589//1 6590//1 6591//1
f 6589//1 6591//1 6592//1
f 6585//2 6586//2 6590//2
f 6585//2 6590//2 6589//2
f 6586//3 6587//3 6591//3
f 6586//3 6591//3 6590//3
f 6587//4 6588//4 6592//4
f 6587//4 6592//4 6591//4
f 6588//5 6585//5 6589//5
f 6588//5 6589//5 6592//5
f 6597//1 6598//1 6599//1
f 6597//1 6599//1 6600//1
f 6593//2 6594//2 6598//2
f 6593//2 6598//2 6597//2
f 6594//3 6595//3 6599//3
f 6594//3 6599//3 6598//3
f 6595//4 6596//4 6600//4
f 6595//4 6600//4 6599//4
f 6596//5 6593//5 6597//5
f 6596//5 6597//5 6600//5
f 6605//1 6606//1 6607//1
f 6605//1 6607//1 6608//1
f 6601//2 6602//2 6606//2
f 6601//2 6606//2 6605//2
f 6602//3 6603//3 6607//3
f 6602//3 6607//3 6606//3
f 6603//4 6604//4 6608//4
f 6603//4 6608//4 6607//4
f 6604//5 6601//5 6605//5
f 6604//5 6605//5 6608//5
f 6613//1 6614//1 6615//1
f 6613//1 6615//1 6616//1
f 6609//2 6610//2 6614//2
f 6609//2 6614//2 6613//2
f 6610//3 6611//3 6615//3
f 6610//3 6615//3 6614//3
f 6611//4 6612//4 6616//4
f 6611//4 6616//4 6615//4
f 6612//5 6609//5 6613//5
f 6612//5 6613//5 6616//5
f 6621//1 6622//1 6623//1
f 6621//1 6623//1 6624//1
f 6617//2 6618//2 6622//2
f 6617//2 6622//2 6621//2
f 6618//3 6619//3 6623//3
f 6618//3 6623//3 6622//3
f 6619//4 6620//4 6624//4
f 6619//4 6624//4 6623//4
f 6620//5 6617//5 6621//5
f 6620//5 6621//5 6624//5
f 6629//1 6630//1 6631//1
f 6629//1 6631//1 6632//1
f 6625//2 6626//2 6630//2
f 6625//2 6630//2 6629//2
f 6626//3 6627//3 6631//3
f 6626//3 6631//3 6630//3
f 6627//4 6628//4 6632//4
f 6627//4 6632//4 6631//4
f 6628//5 6625//5 6629//5
f 6628//5 6629//5 6632//5
f 6637//1 6638//1 6639//1
f 6637//1 6639//1 6640//1
f 6633//2 6634//2 6638//2
f 6633//2 6638//2 6637//2
f 6634//3 6635//3 6639//3
f 6634//3 6639//3 6638//3
f 6635//4 6636//4 6640//4
f 6635//4 6640//4 6639//4
f 6636//5 6633//5 6637//5
f 6636//5 6637//5 6640//5
f 6645//1 6646//1 6647//1
f 6645//1 6647//1 6648//1
f 6641//2 6642//2 6646//2
f 6641//2 6646//2 6645//2
f 6642//3 6643//3 6647//3
f 6642//3 6647//3 6646//3
f 6643//4 6644//4 6648//4
f 6643//4 6648//4 6647//4
f 6644//5 6641//5 6645//5
f 6644//5 6645//5 6648//5
f 6653//1 6654//1 6655//1
f 6653//1 6655//1 6656//1
f 6649//2 6650//2 6654//2
f 6649//2 6654//2 6653//2
f 6650//3 6651//3 6655//3
f 6650//3 6655//3 6654//3
f 6651//4 6652//4 6656//4
f 6651//4 6656//4 6655//4
f 6652//5 6649//5 6653//5
f 6652//5 6653//5 6656//5
f 6661//1 6662//1 6663//1
f 6661//1 6663//1 6664//1
f 6657//2 6658//2 6662//2
f 6657//2 6662//2 6661//2
f 6658//3 6659//3 6663//3
f 6658//3 6663//3 6662//3
f 6659//4 6660//4 6664//4
f 6659//4 6664//4 6663//4
f 6660//5 6657//5 6661//5
f 6660//5 6661//5 6664//5
f 6669//1 6670//1 6671//1
f 6669//1 6671//1 6672//1
f 6665//2 6666//2 6670//2
f 6665//2 6670//2 6669//2
f 6666//3 6667//3 6671//3
f 6666//3 6671//3 6670//3
f 6667//4 6668//4 6672//4
f 6667//4 6672//4 6671//4
f 6668//5 6665//5 6669//5
f 6668//5 6669//5 6672//5
f 6677//1 6678//1 6679//1
f 6677//1 6679//1 6680//1
f 6673//2 6674//2 6678//2
f 6673//2 6678//2 6677//2
f 6674//3 6675//3 6679//3
f 6674//3 6679//3 6678//3
f 6675//4 6676//4 6680//4
f 6675//4 6680//4 6679//4
f 6676//5 6673//5 6677//5
f 6676//5 6677//5 6680//5
f 6685//1 6686//1 6687//1
f 6685//1 6687//1 6688//1
f 6681//2 6682//2 6686//2
f 6681//2 6686//2 6685//2
f 6682//3 6683//3 6687//3
f 6682//3 6687//3 6686//3
f 6683//4 6684//4 6688//4
f 6683//4 6688//4 6687//4
f 6684//5 6681//5 6685//5
f 6684//5 6685//5 6688//5
f 6693//1 6694//1 6695//1
f 6693//1 6695//1 6696//1
f 6689//2 6690//2 6694//2
f 6689//2 6694//2 6693//2
f 6690//3 6691//3 6695//3
f 6690//3 6695//3 6694//3
f 6691//4 6692//4 6696//4
f 6691//4 6696//4 6695//4
f 6692//5 6689//5 6693//5
f 6692//5 6693//5 6696//5
f 6701//1 6702//1 6703//1
f 6701//1 6703//1 6704//1
f 6697//2 6698//2 6702//2
f 6697//2 6702//2 6701//2
f 6698//3 6699//3 6703//3
f 6698//3 6703//3 6702//3
f 6699//4 6700//4 6704//4
f 6699//4 6704//4 6703//4
f 6700//5 6697//5 6701//5
f 6700//5 6701//5 6704//5
f 6709//1 6710//1 6711//1
f 6709//1 6711//1 6712//1
f 6705//2 6706//2 6710//2
f 6705//2 6710//2 6709//2
f 6706//3 6707//3 6711//3
f 6706//3 6711//3 6710//3
f 6707//4 6708//4 6712//4
f 6707//4 6712//4 6711//4
f 6708//5 6705//5 6709//5
f 6708//5 6709//5 6712//5
f 6717//1 6718//1 6719//1
f 6717//1 6719//1 6720//1
f 6713//2 6714//2 6718//2
f 6713//2 6718//2 6717//2
f 6714//3 6715//3 6719//3
f 6714//3 6719//3 6718//3
f 6715//4 6716//4 6720//4
f 6715//4 6720//4 6719//4
f 6716//5 6713//5 6717//5
f 6716//5 6717//5 6720//5
f 6725//1 6726//1 6727//1
f 6725//1 6727//1 6728//1
f 6721//2 6722//2 6726//2
f 6721//2 6726//2 6725//2
f 6722//3 6723//3 6727//3
f 6722//3 6727//3 6726//3
f 6723//4 6724//4 6728//4
f 6723//4 6728//4 6727//4
f 6724//5 6721//5 6725//5
f 6724//5 6725//5 6728//5
f 6733//1 6734//1 6735//1
f 6733//1 6735//1 6736//1
f 6729//2 6730//2 6734//2
f 6729//2 6734//2 6733//2
f 6730//3 6731//3 6735//3
f 6730//3 6735//3 6734//3
f 6731//4 6732//4 6736//4
f 6731//4 6736//4 6735//4
f 6732//5 6729//5 6733//5
f 6732//5 6733//5 6736//5
f 6741//1 6742//1 6743//1
f 6741//1 6743//1 6744//1
f 6737//2 6738//2 6742//2
f 6737//2 6742//2 6741//2
f 6738//3 6739//3 6743//3
f 6738//3 6743//3 6742//3
f 6739//4 6740//4 6744//4
f 6739//4 6744//4 6743//4
f 6740//5 6737//5 6741//5
f 6740//5 6741//5 6744//5
f 6749//1 6750//1 6751//1
f 6749//1 6751//1 6752//1
f 6745//2 6746//2 6750//2
f 6745//2 6750//2 6749//2
f 6746//3 6747//3 6751//3
f 6746//3 6751//3 6750//3
f 6747//4 6748//4 6752//4
f 6747//4 6752//4 6751//4
f 6748//5 6745//5 6749//5
f 6748//5 6749//5 6752//5
f 6757//1 6758//1 6759//1
f 6757//1 6759//1 6760//1
f 6753//2 6754//2 6758//2
f 6753//2 6758//2 6757//2
f 6754//3 6755//3 6759//3
f 6754//3 6759//3 6758//3
f 6755//4 6756//4 6760//4
f 6755//4 6760//4 6759//4
f 6756//5 6753//5 6757//5
f 6756//5 6757//5 6760//5
f 6765//1 6766//1 6767//1
f 6765//1 6767//1 6768//1
f 6761//2 6762//2 6766//2
f 6761//2 6766//2 6765//2
f 6762//3 6763//3 6767//3
f 6762//3 6767//3 6766//3
f 6763//4 6764//4 6768//4
f 6763//4 6768//4 6767//4
f 6764//5 6761//5 6765//5
f 6764//5 6765//5 6768//5
f 6773//1 6774//1 6775//1
f 6773//1 6775//1 6776//1
f 6769//2 6770//2 6774//2
f 6769//2 6774//2 6773//2
f 6770//3 6771//3 6775//3
f 6770//3 6775//3 6774//3
f 6771//4 6772//4 6776//4
f 6771//4 6776//4 6775//4
f 6772//5 6769//5 6773//5
f 6772//5 6773//5 6776//5
f 6781//1 6782//1 6783//1
f 6781//1 6783//1 6784//1
f 6777//2 6778//2 6782//2
f 6777//2 6782//2 6781//2
f 6778//3 6779//3 6783//3
f 6778//3 6783//3 6782//3
f 6779//4 6780//4 6784//4
f 6779//4 6784//4 6783//4
f 6780//5 6777//5 6781//5
f 6780//5 6781//5 6784//5
f 6789//1 6790//1 6791//1
f 6789//1 6791//1 6792//1
f 6785//2 6786//2 6790//2
f 6785//2 6790//2 6789//2
f 6786//3 6787//3 6791//3
f 6786//3 6791//3 6790//3
f 6787//4 6788//4 6792//4
f 6787//4 6792//4 6791//4
f 6788//5 6785//5 6789//5
f 6788//5 6789//5 6792//5
f 6797//1 6798//1 6799//1
f 6797//1 6799//1 6800//1
f 6793//2 6794//2 6798//2
f 6793//2 6798//2 6797//2
f 6794//3 6795//3 6799//3
f 6794//3 6799//3 6798//3
f 6795//4 6796//4 6800//4
f 6795//4 6800//4 6799//4
f 6796//5 6793//5 6797//5
f 6796//5 6797//5 6800//5
f 6805//1 6806//1 6807//1
f 6805//1 6807//1 6808//1
f 6801//2 6802//2 6806//2
f 6801//2 6806//2 6805//2
f 6802//3 6803//3 6807//3
f 6802//3 6807//3 6806//3
f 6803//4 6804//4 6808//4
f 6803//4 6808//4 6807//4
f 6804//5 6801//5 6805//5
f 6804//5 6805//5 6808//5
f 6813//1 6814//1 6815//1
f 6813//1 6815//1 6816//1
f 6809//2 6810//2 6814//2
f 6809//2 6814//2 6813//2
f 6810//3 6811//3 6815//3
f 6810//3 6815//3 6814//3
f 6811//4 6812//4 6816//4
f 6811//4 6816//4 6815//4
f 6812//5 6809//5 6813//5
f 6812//5 6813//5 6816//5
f 6821//1 6822//1 6823//1
f 6821//1 6823//1 6824//1
f 6817//2 6818//2 6822//2
f 6817//2 6822//2 6821//2
f 6818//3 6819//3 6823//3
f 6818//3 6823//3 6822//3
f 6819//4 6820//4 6824//4
f 6819//4 6824//4 6823//4
f 6820//5 6817//5 6821//5
f 6820//5 6821//5 6824//5
f 6829//1 6830//1 6831//1
f 6829//1 6831//1 6832//1
f 6825//2 6826//2 6830//2
f 6825//2 6830//2 6829//2
f 6826//3 6827//3 6831//3
f 6826//3 6831//3 6830//3
f 6827//4 6828//4 6832//4
f 6827//4 6832//4 6831//4
f 6828//5 6825//5 6829//5
f 6828//5 6829//5 6832//5
f 6837//1 6838//1 6839//1
f 6837//1 6839//1 6840//1
f 6833//2 6834//2 6838//2
f 6833//2 6838//2 6837//2
f 6834//3 6835//3 6839//3
f 6834//3 6839//3 6838//3
f 6835//4 6836//4 6840//4
f 6835//4 6840//4 6839//4
f 6836//5 6833//5 6837//5
f 6836//5 6837//5 6840//5
f 6845//1 6846//1 6847//1
f 6845//1 6847//1 6848//1
f 6841//2 6842//2 6846//2
f 6841//2 6846//2 6845//2
f 6842//3 6843//3 6847//3
f 6842//3 6847//3 6846//3
f 6843//4 6844//4 6848//4
f 6843//4 6848//4 6847//4
f 6844//5 6841//5 6845//5
f 6844//5 6845//5 6848//5
f 6853//1 6854//1 6855//1
f 6853//1 6855//1 6856//1
f 6849//2 6850//2 6854//2
f 6849//2 6854//2 6853//2
f 6850//3 6851//3 6855//3
f 6850//3 6855//3 6854//3
f 6851//4 6852//4 6856//4
f 6851//4 6856//4 6855//4
f 6852//5 6849//5 6853//5
f 6852//5 6853//5 6856//5
f 6861//1 6862//1 6863//1
f 6861//1 6863//1 6864//1
f 6857//2 6858//2 6862//2
f 6857//2 6862//2 6861//2
f 6858//3 6859//3 6863//3
f 6858//3 6863//3 6862//3
f 6859//4 6860//4 6864//4
f 6859//4 6864//4 6863//4
f 6860//5 6857//5 6861//5
f 6860//5 6861//5 6864//5
f 6869//1 6870//1 6871//1
f 6869//1 6871//1 6872//1
f 6865//2 6866//2 6870//2
f 6865//2 6870//2 6869//2
f 6866//3 6867//3 6871//3
f 6866//3 6871//3 6870//3
f 6867//4 6868//4 6872//4
f 6867//4 6872//4 6871//4
f 6868//5 6865//5 6869//5
f 6868//5 6869//5 6872//5
f 6877//1 6878//1 6879//1
f 6877//1 6879//1 6880//1
f 6873//2 6874//2 6878//2
f 6873//2 6878//2 6877//2
f 6874//3 6875//3 6879//3
f 6874//3 6879//3 6878//3
f 6875//4 6876//4 6880//4
f 6875//4 6880//4 6879//4
f 6876//5 6873//5 6877//5
f 6876//5 6877//5 6880//5
f 6885//1 6886//1 6887//1
f 6885//1 6887//1 6888//1
f 6881//2 6882//2 6886//2
f 6881//2 6886//2 6885//2
f 6882//3 6883//3 6887//3
f 6882//3 6887//3 6886//3
f 6883//4 6884//4 6888//4
f 6883//4 6888//4 6887//4
f 6884//5 6881//5 6885//5
f 6884//5 6885//5 6888//5
f 6893//1 6894//1 6895//1
f 6893//1 6895//1 6896//1
f 6889//2 6890//2 6894//2
f 6889//2 6894//2 6893//2
f 6890//3 6891//3 6895//3
f 6890//3 6895//3 6894//3
f 6891//4 6892//4 6896//4
f 6891//4 6896//4 6895//4
f 6892//5 6889//5 6893//5
f 6892//5 6893//5 6896//5
f 6901//1 6902//1 6903//1
f 6901//1 6903//1 6904//1
f 6897//2 6898//2 6902//2
f 6897//2 6902//2 6901//2
f 6898//3 6899//3 6903//3
f 6898//3 6903//3 6902//3
f 6899//4 6900//4 6904//4
f 6899//4 6904//4 6903//4
f 6900//5 6897//5 6901//5
f 6900//5 6901//5 6904//5
f 6909//1 6910//1 6911//1
f 6909//1 6911//1 6912//1
f 6905//2 6906//2 6910//2
f 6905//2 6910//2 6909//2
f 6906//3 6907//3 6911//3
f 6906//3 6911//3 6910//3
f 6907//4 6908//4 6912//4
f 6907//4 6912//4 6911//4
f 6908//5 6905//5 6909//5
f 6908//5 6909//5 6912//5
f 6917//1 6918//1 6919//1
f 6917//1 6919//1 6920//1
f 6913//2 6914//2 6918//2
f 6913//2 6918//2 6917//2
f 6914//3 6915//3 6919//3
f 6914//3 6919//3 6918//3
f 6915//4 6916//4 6920//4
f 6915//4 6920//4 6919//4
f 6916//5 6913//5 6917//5
f 6916//5 6917//5 6920//5
f 6925//1 6926//1 6927//1
f 6925//1 6927//1 6928//1
f 6921//2 6922//2 6926//2
f 6921//2 6926//2 6925//2
f 6922//3 6923//3 6927//3
f 6922//3 6927//3 6926//3
f 6923//4 6924//4 6928//4
f 6923//4 6928//4 6927//4
f 6924//5 6921//5 6925//5
f 6924//5 6925//5 6928//5
f 6933//1 6934//1 6935//1
f 6933//1 6935//1 6936//1
f 6929//2 6930//2 6934//2
f 6929//2 6934//2 6933//2
f 6930//3 6931//3 6935//3
f 6930//3 6935//3 6934//3
f 6931//4 6932//4 6936//4
f 6931//4 6936//4 6935//4
f 6932//5 6929//5 6933//5
f 6932//5 6933//5 6936//5
f 6941//1 6942//1 6943//1
f 6941//1 6943//1 6944//1
f 6937//2 6938//2 6942//2
f 6937//2 6942//2 6941//2
f 6938//3 6939//3 6943//3
f 6938//3 6943//3 6942//3
f 6939//4 6940//4 6944//4
f 6939//4 6944//4 6943//4
f 6940//5 6937//5 6941//5
f 6940//5 6941//5 6944//5
f 6949//1 6950//1 6951//1
f 6949//1 6951//1 6952//1
f 6945//2 6946//2 6950//2
f 6945//2 6950//2 6949//2
f 6946//3 6947//3 6951//3
f 6946//3 6951//3 6950//3
f 6947//4 6948//4 6952//4
f 6947//4 6952//4 6951//4
f 6948//5 6945//5 6949//5
f 6948//5 6949//5 6952//5
f 6957//1 6958//1 6959//1
f 6957//1 6959//1 6960//1
f 6953//2 6954//2 6958//2
f 6953//2 6958//2 6957//2
f 6954//3 6955//3 6959//3
f 6954//3 6959//3 6958//3
f 6955//4 6956//4 6960//4
f 6955//4 6960//4 6959//4
f 6956//5 6953//5 6957//5
f 6956//5 6957//5 6960//5
f 6965//1 6966//1 6967//1
f 6965//1 6967//1 6968//1
f 6961//2 6962//2 6966//2
f 6961//2 6966//2 6965//2
f 6962//3 6963//3 6967//3
f 6962//3 6967//3 6966//3
f 6963//4 6964//4 6968//4
f 6963//4 6968//4 6967//4
f 6964//5 6961//5 6965//5
f 6964//5 6965//5 6968//5
f 6973//1 6974//1 6975//1
f 6973//1 6975//1 6976//1
f 6969//2 6970//2 6974//2
f 6969//2 6974//2 6973//2
f 6970//3 6971//3 6975//3
f 6970//3 6975//3 6974//3
f 6971//4 6972//4 6976//4
f 6971//4 6976//4 6975//4
f 6972//5 6969//5 6973//5
f 6972//5 6973//5 6976//5
f 6981//1 6982//1 6983//1
f 6981//1 6983//1 6984//1
f 6977//2 6978//2 6982//2
f 6977//2 6982//2 6981//2
f 6978//3 6979//3 6983//3
f 6978//3 6983//3 6982//3
f 6979//4 6980//4 6984//4
f 6979//4 6984//4 6983//4
f 6980//5 6977//5 6981//5
f 6980//5 6981//5 6984//5
f 6989//1 6990//1 6991//1
f 6989//1 6991//1 6992//1
f 6985//2 6986//2 6990//2
f 6985//2 6990//2 6989//2
f 6986//3 6987//3 6991//3
f 6986//3 6991//3 6990//3
f 6987//4 6988//4 6992//4
f 6987//4 6992//4 6991//4
f 6988//5 6985//5 6989//5
f 6988//5 6989//5 6992//5
f 6997//1 6998//1 6999//1
f 6997//1 6999//1 7000//1
f 6993//2 6994//2 6998//2
f 6993//2 6998//2 6997//2
f 6994//3 6995//3 6999//3
f 6994//3 6999//3 6998//3
f 6995//4 6996//4 7000//4
f 6995//4 7000//4 6999//4
f 6996//5 6993//5 6997//5
f 6996//5 6997//5 7000//5
f 7005//1 7006//1 7007//1
f 7005//1 7007//1 7008//1
f 7001//2 7002//2 7006//2
f 7001//2 7006//2 7005//2
f 7002//3 7003//3 7007//3
f 7002//3 7007//3 7006//3
f 7003//4 7004//4 7008//4
f 7003//4 7008//4 7007//4
f 7004//5 7001//5 7005//5
f 7004//5 7005//5 7008//5
f 7013//1 7014//1 7015//1
f 7013//1 7015//1 7016//1
f 7009//2 7010//2 7014//2
f 7009//2 7014//2 7013//2
f 7010//3 7011//3 7015//3
f 7010//3 7015//3 7014//3
f 7011//4 7012//4 7016//4
f 7011//4 7016//4 7015//4
f 7012//5 7009//5 7013//5
f 7012//5 7013//5 7016//5
f 7021//1 7022//1 7023//1
f 7021//1 7023//1 7024//1
f 7017//2 7018//2 7022//2
f 7017//2 7022//2 7021//2
f 7018//3 7019//3 7023//3
f 7018//3 7023//3 7022//3
f 7019//4 7020//4 7024//4
f 7019//4 7024//4 7023//4
f 7020//5 7017//5 7021//5
f 7020//5 7021//5 7024//5
f 7029//1 7030//1 7031//1
f 7029//1 7031//1 7032//1
f 7025//2 7026//2 7030//2
f 7025//2 7030//2 7029//2
f 7026//3 7027//3 7031//3
f 7026//3 7031//3 7030//3
f 7027//4 7028//4 7032//4
f 7027//4 7032//4 7031//4
f 7028//5 7025//5 7029//5
f 7028//5 7029//5 7032//5
f 7037//1 7038//1 7039//1
f 7037//1 7039//1 7040//1
f 7033//2 7034//2 7038//2
f 7033//2 7038//2 7037//2
f 7034//3 7035//3 7039//3
f 7034//3 7039//3 7038//3
f 7035//4 7036//4 7040//4
f 7035//4 7040//4 7039//4
f 7036//5 7033//5 7037//5
f 7036//5 7037//5 7040//5
f 7045//1 7046//1 7047//1
f 7045//1 7047//1 7048//1
f 7041//2 7042//2 7046//2
f 7041//2 7046//2 7045//2
f 7042//3 7043//3 7047//3
f 7042//3 7047//3 7046//3
f 7043//4 7044//4 7048//4
f 7043//4 7048//4 7047//4
f 7044//5 7041//5 7045//5
f 7044//5 7045//5 7048//5
f 7053//1 7054//1 7055//1
f 7053//1 7055//1 7056//1
f 7049//2 7050//2 7054//2
f 7049//2 7054//2 7053//2
f 7050//3 7051//3 7055//3
f 7050//3 7055//3 7054//3
f 7051//4 7052//4 7056//4
f 7051//4 7056//4 7055//4
f 7052//5 7049//5 7053//5
f 7052//5 7053//5 7056//5
f 7061//1 7062//1 7063//1
f 7061//1 7063//1 7064//1
f 7057//2 7058//2 7062//2
f 7057//2 7062//2 7061//2
f 7058//3 7059//3 7063//3
f 7058//3 7063//3 7062//3
f 7059//4 7060//4 7064//4
f 7059//4 7064//4 7063//4
f 7060//5 7057//5 7061//5
f 7060//5 7061//5 7064//5
f 7069//1 7070//1 7071//1
f 7069//1 7071//1 7072//1
f 7065//2 7066//2 7070//2
f 7065//2 7070//2 7069//2
f 7066//3 7067//3 7071//3
f 7066//3 7071//3 7070//3
f 7067//4 7068//4 7072//4
f 7067//4 7072//4 7071//4
f 7068//5 7065//5 7069//5
f 7068//5 7069//5 7072//5
f 7077//1 7078//1 7079//1
f 7077//1 7079//1 7080//1
f 7073//2 7074//2 7078//2
f 7073//2 7078//2 7077//2
f 7074//3 7075//3 7079//3
f 7074//3 7079//3 7078//3
f 7075//4 7076//4 7080//4
f 7075//4 7080//4 7079//4
f 7076//5 7073//5 7077//5
f 7076//5 7077//5 7080//5
f 7085//1 7086//1 7087//1
f 7085//1 7087//1 7088//1
f 7081//2 7082//2 7086//2
f 7081//2 7086//2 7085//2
f 7082//3 7083//3 7087//3
f 7082//3 7087//3 7086//3
f 7083//4 7084//4 7088//4
f 7083//4 7088//4 7087//4
f 7084//5 7081//5 7085//5
f 7084//5 7085//5 7088//5
f 7093//1 7094//1 7095//1
f 7093//1 7095//1 7096//1
f 7089//2 7090//2 7094//2
f 7089//2 7094//2 7093//2
f 7090//3 7091//3 7095//3
f 7090//3 7095//3 7094//3
f 7091//4 7092//4 7096//4
f 7091//4 7096//4 7095//4
f 7092//5 7089//5 7093//5
f 7092//5 7093//5 7096//5
f 7101//1 7102//1 7103//1
f 7101//1 7103//1 7104//1
f 7097//2 7098//2 7102//2
f 7097//2 7102//2 7101//2
f 7098//3 7099//3 7103//3
f 7098//3 7103//3 7102//3
f 7099//4 7100//4 7104//4
f 7099//4 7104//4 7103//4
f 7100//5 7097//5 7101//5
f 7100//5 7101//5 7104//5
f 7109//1 7110//1 7111//1
f 7109//1 7111//1 7112//1
f 7105//2 7106//2 7110//2
f 7105//2 7110//2 7109//2
f 7106//3 7107//3 7111//3
f 7106//3 7111//3 7110//3
f 7107//4 7108//4 7112//4
f 7107//4 7112//4 7111//4
f 7108//5 7105//5 7109//5
f 7108//5 7109//5 7112//5
f 7117//1 7118//1 7119//1
f 7117//1 7119//1 7120//1
f 7113//2 7114//2 7118//2
f 7113//2 7118//2 7117//2
f 7114//3 7115//3 7119//3
f 7114//3 7119//3 7118//3
f 7115//4 7116//4 7120//4
f 7115//4 7120//4 7119//4
f 7116//5 7113//5 7117//5
f 7116//5 7117//5 7120//5
f 7125//1 7126//1 7127//1
f 7125//1 7127//1 7128//1
f 7121//2 7122//2 7126//2
f 7121//2 7126//2 7125//2
f 7122//3 7123//3 7127//3
f 7122//3 7127//3 7126//3
f 7123//4 7124//4 7128//4
f 7123//4 7128//4 7127//4
f 7124//5 7121//5 7125//5
f 7124//5 7125//5 7128//5
f 7133//1 7134//1 7135//1
f 7133//1 7135//1 7136//1
f 7129//2 7130//2 7134//2
f 7129//2 7134//2 7133//2
f 7130//3 7131//3 7135//3
f 7130//3 7135//3 7134//3
f 7131//4 7132//4 7136//4
f 7131//4 7136//4 7135//4
f 7132//5 7129//5 7133//5
f 7132//5 7133//5 7136//5
f 7141//1 7142//1 7143//1
f 7141//1 7143//1 7144//1
f 7137//2 7138//2 7142//2
f 7137//2 7142//2 7141//2
f 7138//3 7139//3 7143//3
f 7138//3 7143//3 7142//3
f 7139//4 7140//4 7144//4
f 7139//4 7144//4 7143//4
f 7140//5 7137//5 7141//5
f 7140//5 7141//5 7144//5
f 7149//1 7150//1 7151//1
f 7149//1 7151//1 7152//1
f 7145//2 7146//2 7150//2
f 7145//2 7150//2 7149//2
f 7146//3 7147//3 7151//3
f 7146//3 7151//3 7150//3
f 7147//4 7148//4 7152//4
f 7147//4 7152//4 7151//4
f 7148//5 7145//5 7149//5
f 7148//5 7149//5 7152//5
f 7157//1 7158//1 7159//1
f 7157//1 7159//1 7160//1
f 7153//2 7154//2 7158//2
f 7153//2 7158//2 7157//2
f 7154//3 7155//3 7159//3
f 7154//3 7159//3 7158//3
f 7155//4 7156//4 7160//4
f 7155//4 7160//4 7159//4
f 7156//5 7153//5 7157//5
f 7156//5 7157//5 7160//5
f 7165//1 7166//1 7167//1
f 7165//1 7167//1 7168//1
f 7161//2 7162//2 7166//2
f 7161//2 7166//2 7165//2
f 7162//3 7163//3 7167//3
f 7162//3 7167//3 7166//3
f 7163//4 7164//4 7168//4
f 7163//4 7168//4 7167//4
f 7164//5 7161//5 7165//5
f 7164//5 7165//5 7168//5
f 7173//1 7174//1 7175//1
f 7173//1 7175//1 7176//1
f 7169//2 7170//2 7174//2
f 7169//2 7174//2 7173//2
f 7170//3 7171//3 7175//3
f 7170//3 7175//3 7174//3
f 7171//4 7172//4 7176//4
f 7171//4 7176//4 7175//4
f 7172//5 7169//5 7173//5
f 7172//5 7173//5 7176//5
f 7181//1 7182//1 7183//1
f 7181//1 7183//1 7184//1
f 7177//2 7178//2 7182//2
f 7177//2 7182//2 7181//2
f 7178//3 7179//3 7183//3
f 7178//3 7183//3 7182//3
f 7179//4 7180//4 7184//4
f 7179//4 7184//4 7183//4
f 7180//5 7177//5 7181//5
f 7180//5 7181//5 7184//5
f 7189//1 7190//1 7191//1
f 7189//1 7191//1 7192//1
f 7185//2 7186//2 7190//2
f 7185//2 7190//2 7189//2
f 7186//3 7187//3 7191//3
f 7186//3 7191//3 7190//3
f 7187//4 7188//4 7192//4
f 7187//4 7192//4 7191//4
f 7188//5 7185//5 7189//5
f 7188//5 7189//5 7192//5
f 7197//1 7198//1 7199//1
f 7197//1 7199//1 7200//1
f 7193//2 7194//2 7198//2
f 7193//2 7198//2 7197//2
f 7194//3 7195//3 7199//3
f 7194//3 7199//3 7198//3
f 7195//4 7196//4 7200//4
f 7195//4 7200//4 7199//4
f 7196//5 7193//5 7197//5
f 7196//5 7197//5 7200//5
f 7205//1 7206//1 7207//1
f 7205//1 7207//1 7208//1
f 7201//2 7202//2 7206//2
f 7201//2 7206//2 7205//2
f 7202//3 7203//3 7207//3
f 7202//3 7207//3 7206//3
f 7203//4 7204//4 7208//4
f 7203//4 7208//4 7207//4
f 7204//5 7201//5 7205//5
f 7204//5 7205//5 7208//5
f 7213//1 7214//1 7215//1
f 7213//1 7215//1 7216//1
f 7209//2 7210//2 7214//2
f 7209//2 7214//2 7213//2
f 7210//3 7211//3 7215//3
f 7210//3 7215//3 7214//3
f 7211//4 7212//4 7216//4
f 7211//4 7216//4 7215//4
f 7212//5 7209//5 7213//5
f 7212//5 7213//5 7216//5
f 7221//1 7222//1 7223//1
f 7221//1 7223//1 7224//1
f 7217//2 7218//2 7222//2
f 7217//2 7222//2 7221//2
f 7218//3 7219//3 7223//3
f 7218//3 7223//3 7222//3
f 7219//4 7220//4 7224//4
f 7219//4 7224//4 7223//4
f 7220//5 7217//5 7221//5
f 7220//5 7221//5 7224//5
f 7229//1 7230//1 7231//1
f 7229//1 7231//1 7232//1
f 7225//2 7226//2 7230//2
f 7225//2 7230//2 7229//2
f 7226//3 7227//3 7231//3
f 7226//3 7231//3 7230//3
f 7227//4 7228//4 7232//4
f 7227//4 7232//4 7231//4
f 7228//5 7225//5 7229//5
f 7228//5 7229//5 7232//5
f 7237//1 7238//1 7239//1
f 7237//1 7239//1 7240//1
f 7233//2 7234//2 7238//2
f 7233//2 7238//2 7237//2
f 7234//3 7235//3 7239//3
f 7234//3 7239//3 7238//3
f 7235//4 7236//4 7240//4
f 7235//4 7240//4 7239//4
f 7236//5 7233//5 7237//5
f 7236//5 7237//5 7240//5
f 7245//1 7246//1 7247//1
f 7245//1 7247//1 7248//1
f 7241//2 7242//2 7246//2
f 7241//2 7246//2 7245//2
f 7242//3 7243//3 7247//3
f 7242//3 7247//3 7246//3
f 7243//4 7244//4 7248//4
f 7243//4 7248//4 7247//4
f 7244//5 7241//5 7245//5
f 7244//5 7245//5 7248//5
f 7253//1 7254//1 7255//1
f 7253//1 7255//1 7256//1
f 7249//2 7250//2 7254//2
f 7249//2 7254//2 7253//2
f 7250//3 7251//3 7255//3
f 7250//3 7255//3 7254//3
f 7251//4 7252//4 7256//4
f 7251//4 7256//4 7255//4
f 7252//5 7249//5 7253//5
f 7252//5 7253//5 7256//5
f 7261//1 7262//1 7263//1
f 7261//1 7263//1 7264//1
f 7257//2 7258//2 7262//2
f 7257//2 7262//2 7261//2
f 7258//3 7259//3 7263//3
f 7258//3 7263//3 7262//3
f 7259//4 7260//4 7264//4
f 7259//4 7264//4 7263//4
f 7260//5 7257//5 7261//5
f 7260//5 7261//5 7264//5
f 7269//1 7270//1 7271//1
f 7269//1 7271//1 7272//1
f 7265//2 7266//2 7270//2
f 7265//2 7270//2 7269//2
f 7266//3 7267//3 7271//3
f 7266//3 7271//3 7270//3
f 7267//4 7268//4 7272//4
f 7267//4 7272//4 7271//4
f 7268//5 7265//5 7269//5
f 7268//5 7269//5 7272//5
f 7277//1 7278//1 7279//1
f 7277//1 7279//1 7280//1
f 7273//2 7274//2 7278//2
f 7273//2 7278//2 7277//2
f 7274//3 7275//3 7279//3
f 7274//3 7279//3 7278//3
f 7275//4 7276//4 7280//4
f 7275//4 7280//4 7279//4
f 7276//5 7273//5 7277//5
f 7276//5 7277//5 7280//5
f 7285//1 7286//1 7287//1
f 7285//1 7287//1 7288//1
f 7281//2 7282//2 7286//2
f 7281//2 7286//2 7285//2
f 7282//3 7283//3 7287//3
f 7282//3 7287//3 7286//3
f 7283//4 7284//4 7288//4
f 7283//4 7288//4 7287//4
f 7284//5 7281//5 7285//5
f 7284//5 7285//5 7288//5
f 7293//1 7294//1 7295//1
f 7293//1 7295//1 7296//1
f 7289//2 7290//2 7294//2
f 7289//2 7294//2 7293//2
f 7290//3 7291//3 7295//3
f 7290//3 7295//3 7294//3
f 7291//4 7292//4 7296//4
f 7291//4 7296//4 7295//4
f 7292//5 7289//5 7293//5
f 7292//5 7293//5 7296//5
f 7301//1 7302//1 7303//1
f 7301//1 7303//1 7304//1
f 7297//2 7298//2 7302//2
f 7297//2 7302//2 7301//2
f 7298//3 7299//3 7303//3
f 7298//3 7303//3 7302//3
f 7299//4 7300//4 7304//4
f 7299//4 7304//4 7303//4
f 7300//5 7297//5 7301//5
f 7300//5 7301//5 7304//5
f 7309//1 7310//1 7311//1
f 7309//1 7311//1 7312//1
f 7305//2 7306//2 7310//2
f 7305//2 7310//2 7309//2
f 7306//3 7307//3 7311//3
f 7306//3 7311//3 7310//3
f 7307//4 7308//4 7312//4
f 7307//4 7312//4 7311//4
f 7308//5 7305//5 7309//5
f 7308//5 7309//5 7312//5
f 7317//1 7318//1 7319//1
f 7317//1 7319//1 7320//1
f 7313//2 7314//2 7318//2
f 7313//2 7318//2 7317//2
f 7314//3 7315//3 7319//3
f 7314//3 7319//3 7318//3
f 7315//4 7316//4 7320//4
f 7315//4 7320//4 7319//4
f 7316//5 7313//5 7317//5
f 7316//5 7317//5 7320//5
f 7325//1 7326//1 7327//1
f 7325//1 7327//1 7328//1
f 7321//2 7322//2 7326//2
f 7321//2 7326//2 7325//2
f 7322//3 7323//3 7327//3
f 7322//3 7327//3 7326//3
f 7323//4 7324//4 7328//4
f 7323//4 7328//4 7327//4
f 7324//5 7321//5 7325//5
f 7324//5 7325//5 7328//5
f 7333//1 7334//1 7335//1
f 7333//1 7335//1 7336//1
f 7329//2 7330//2 7334//2
f 7329//2 7334//2 7333//2
f 7330//3 7331//3 7335//3
f 7330//3 7335//3 7334//3
f 7331//4 7332//4 7336//4
f 7331//4 7336//4 7335//4
f 7332//5 7329//5 7333//5
f 7332//5 7333//5 7336//5
f 7341//1 7342//1 7343//1
f 7341//1 7343//1 7344//1
f 7337//2 7338//2 7342//2
f 7337//2 7342//2 7341//2
f 7338//3 7339//3 7343//3
f 7338//3 7343//3 7342//3
f 7339//4 7340//4 7344//4
f 7339//4 7344//4 7343//4
f 7340//5 7337//5 7341//5
f 7340//5 7341//5 7344//5
f 7349//1 7350//1 7351//1
f 7349//1 7351//1 7352//1
f 7345//2 7346//2 7350//2
f 7345//2 7350//2 7349//2
f 7346//3 7347//3 7351//3
f 7346//3 7351//3 7350//3
f 7347//4 7348//4 7352//4
f 7347//4 7352//4 7351//4
f 7348//5 7345//5 7349//5
f 7348//5 7349//5 7352//5
f 7357//1 7358//1 7359//1
f 7357//1 7359//1 7360//1
f 7353//2 7354//2 7358//2
f 7353//2 7358//2 7357//2
f 7354//3 7355//3 7359//3
f 7354//3 7359//3 7358//3
f 7355//4 7356//4 7360//4
f 7355//4 7360//4 7359//4
f 7356//5 7353//5 7357//5
f 7356//5 7357//5 7360//5
f 7365//1 7366//1 7367//1
f 7365//1 7367//1 7368//1
f 7361//2 7362//2 7366//2
f 7361//2 7366//2 7365//2
f 7362//3 7363//3 7367//3
f 7362//3 7367//3 7366//3
f 7363//4 7364//4 7368//4
f 7363//4 7368//4 7367//4
f 7364//5 7361//5 7365//5
f 7364//5 7365//5 7368//5
f 7373//1 7374//1 7375//1
f 7373//1 7375//1 7376//1
f 7369//2 7370//2 7374//2
f 7369//2 7374//2 7373//2
f 7370//3 7371//3 7375//3
f 7370//3 7375//3 7374//3
f 7371//4 7372//4 7376//4
f 7371//4 7376//4 7375//4
f 7372//5 7369//5 7373//5
f 7372//5 7373//5 7376//5
f 7381//1 7382//1 7383//1
f 7381//1 7383//1 7384//1
f 7377//2 7378//2 7382//2
f 7377//2 7382//2 7381//2
f 7378//3 7379//3 7383//3
f 7378//3 7383//3 7382//3
f 7379//4 7380//4 7384//4
f 7379//4 7384//4 7383//4
f 7380//5 7377//5 7381//5
f 7380//5 7381//5 7384//5
f 7389//1 7390//1 7391//1
f 7389//1 7391//1 7392//1
f 7385//2 7386//2 7390//2
f 7385//2 7390//2 7389//2
f 7386//3 7387//3 7391//3
f 7386//3 7391//3 7390//3
f 7387//4 7388//4 7392//4
f 7387//4 7392//4 7391//4
f 7388//5 7385//5 7389//5
f 7388//5 7389//5 7392//5
f 7397//1 7398//1 7399//1
f 7397//1 7399//1 7400//1
f 7393//2 7394//2 7398//2
f 7393//2 7398//2 7397//2
f 7394//3 7395//3 7399//3
f 7394//3 7399//3 7398//3
f 7395//4 7396//4 7400//4
f 7395//4 7400//4 7399//4
f 7396//5 7393//5 7397//5
f 7396//5 7397//5 7400//5
f 7405//1 7406//1 7407//1
f 7405//1 7407//1 7408//1
f 7401//2 7402//2 7406//2
f 7401//2 7406//2 7405//2
f 7402//3 7403//3 7407//3
f 7402//3 7407//3 7406//3
f 7403//4 7404//4 7408//4
f 7403//4 7408//4 7407//4
f 7404//5 7401//5 7405//5
f 7404//5 7405//5 7408//5
f 7413//1 7414//1 7415//1
f 7413//1 7415//1 7416//1
f 7409//2 7410//2 7414//2
f 7409//2 7414//2 7413//2
f 7410//3 7411//3 7415//3
f 7410//3 7415//3 7414//3
f 7411//4 7412//4 7416//4
f 7411//4 7416//4 7415//4
f 7412//5 7409//5 7413//5
f 7412//5 7413//5 7416//5
f 7421//1 7422//1 7423//1
f 7421//1 7423//1 7424//1
f 7417//2 7418//2 7422//2
f 7417//2 7422//2 7421//2
f 7418//3 7419//3 7423//3
f 7418//3 7423//3 7422//3
f 7419//4 7420//4 7424//4
f 7419//4 7424//4 7423//4
f 7420//5 7417//5 7421//5
f 7420//5 7421//5 7424//5
f 7429//1 7430//1 7431//1
f 7429//1 7431//1 7432//1
f 7425//2 7426//2 7430//2
f 7425//2 7430//2 7429//2
f 7426//3 7427//3 7431//3
f 7426//3 7431//3 7430//3
f 7427//4 7428//4 7432//4
f 7427//4 7432//4 7431//4
f 7428//5 7425//5 7429//5
f 7428//5 7429//5 7432//5
f 7437//1 7438//1 7439//1
f 7437//1 7439//1 7440//1
f 7433//2 7434//2 7438//2
f 7433//2 7438//2 7437//2
f 7434//3 7435//3 7439//3
f 7434//3 7439//3 7438//3
f 7435//4 7436//4 7440//4
f 7435//4 7440//4 7439//4
f 7436//5 7433//5 7437//5
f 7436//5 7437//5 7440//5
f 7445//1 7446//1 7447//1
f 7445//1 7447//1 7448//1
f 7441//2 7442//2 7446//2
f 7441//2 7446//2 7445//2
f 7442//3 7443//3 7447//3
f 7442//3 7447//3 7446//3
f 7443//4 7444//4 7448//4
f 7443//4 7448//4 7447//4
f 7444//5 7441//5 7445//5
f 7444//5 7445//5 7448//5
f 7453//1 7454//1 7455//1
f 7453//1 7455//1 7456//1
f 7449//2 7450//2 7454//2
f 7449//2 7454//2 7453//2
f 7450//3 7451//3 7455//3
f 7450//3 7455//3 7454//3
f 7451//4 7452//4 7456//4
f 7451//4 7456//4 7455//4
f 7452//5 7449//5 7453//5
f 7452//5 7453//5 7456//5
f 7461//1 7462//1 7463//1
f 7461//1 7463//1 7464//1
f 7457//2 7458//2 7462//2
f 7457//2 7462//2 7461//2
f 7458//3 7459//3 7463//3
f 7458//3 7463//3 7462//3
f 7459//4 7460//4 7464//4
f 7459//4 7464//4 7463//4
f 7460//5 7457//5 7461//5
f 7460//5 7461//5 7464//5
f 7469//1 7470//1 7471//1
f 7469//1 7471//1 7472//1
f 7465//2 7466//2 7470//2
f 7465//2 7470//2 7469//2
f 7466//3 7467//3 7471//3
f 7466//3 7471//3 7470//3
f 7467//4 7468//4 7472//4
f 7467//4 7472//4 7471//4
f 7468//5 7465//5 7469//5
f 7468//5 7469//5 7472//5
f 7477//1 7478//1 7479//1
f 7477//1 7479//1 7480//1
f 7473//2 7474//2 7478//2
f 7473//2 7478//2 7477//2
f 7474//3 7475//3 7479//3
f 7474//3 7479//3 7478//3
f 7475//4 7476//4 7480//4
f 7475//4 7480//4 7479//4
f 7476//5 7473//5 7477//5
f 7476//5 7477//5 7480//5
f 7485//1 7486//1 7487//1
f 7485//1 7487//1 7488//1
f 7481//2 7482//2 7486//2
f 7481//2 7486//2 7485//2
f 7482//3 7483//3 7487//3
f 7482//3 7487//3 7486//3
f 7483//4 7484//4 7488//4
f 7483//4 7488//4 7487//4
f 7484//5 7481//5 7485//5
f 7484//5 7485//5 7488//5
f 7493//1 7494//1 7495//1
f 7493//1 7495//1 7496//1
f 7489//2 7490//2 7494//2
f 7489//2 7494//2 7493//2
f 7490//3 7491//3 7495//3
f 7490//3 7495//3 7494//3
f 7491//4 7492//4 7496//4
f 7491//4 7496//4 7495//4
f 7492//5 7489//5 7493//5
f 7492//5 7493//5 7496//5
f 7501//1 7502//1 7503//1
f 7501//1 7503//1 7504//1
f 7497//2 7498//2 7502//2
f 7497//2 7502//2 7501//2
f 7498//3 7499//3 7503//3
f 7498//3 7503//3 7502//3
f 7499//4 7500//4 7504//4
f 7499//4 7504//4 7503//4
f 7500//5 7497//5 7501//5
f 7500//5 7501//5 7504//5
f 7509//1 7510//1 7511//1
f 7509//1 7511//1 7512//1
f 7505//2 7506//2 7510//2
f 7505//2 7510//2 7509//2
f 7506//3 7507//3 7511//3
f 7506//3 7511//3 7510//3
f 7507//4 7508//4 7512//4
f 7507//4 7512//4 7511//4
f 7508//5 7505//5 7509//5
f 7508//5 7509//5 7512//5
f 7517//1 7518//1 7519//1
f 7517//1 7519//1 7520//1
f 7513//2 7514//2 7518//2
f 7513//2 7518//2 7517//2
f 7514//3 7515//3 7519//3
f 7514//3 7519//3 7518//3
f 7515//4 7516//4 7520//4
f 7515//4 7520//4 7519//4
f 7516//5 7513//5 7517//5
f 7516//5 7517//5 7520//5
f 7525//1 7526//1 7527//1
f 7525//1 7527//1 7528//1
f 7521//2 7522//2 7526//2
f 7521//2 7526//2 7525//2
f 7522//3 7523//3 7527//3
f 7522//3 7527//3 7526//3
f 7523//4 7524//4 7528//4
f 7523//4 7528//4 7527//4
f 7524//5 7521//5 7525//5
f 7524//5 7525//5 7528//5
f 7533//1 7534//1 7535//1
f 7533//1 7535//1 7536//1
f 7529//2 7530//2 7534//2
f 7529//2 7534//2 7533//2
f 7530//3 7531//3 7535//3
f 7530//3 7535//3 7534//3
f 7531//4 7532//4 7536//4
f 7531//4 7536//4 7535//4
f 7532//5 7529//5 7533//5
f 7532//5 7533//5 7536//5
f 7541//1 7542//1 7543//1
f 7541//1 7543//1 7544//1
f 7537//2 7538//2 7542//2
f 7537//2 7542//2 7541//2
f 7538//3 7539//3 7543//3
f 7538//3 7543//3 7542//3
f 7539//4 7540//4 7544//4
f 7539//4 7544//4 7543//4
f 7540//5 7537//5 7541//5
f 7540//5 7541//5 7544//5
f 7549//1 7550//1 7551//1
f 7549//1 7551//1 7552//1
f 7545//2 7546//2 7550//2
f 7545//2 7550//2 7549//2
f 7546//3 7547//3 7551//3
f 7546//3 7551//3 7550//3
f 7547//4 7548//4 7552//4
f 7547//4 7552//4 7551//4
f 7548//5 7545//5 7549//5
f 7548//5 7549//5 7552//5
f 7557//1 7558//1 7559//1
f 7557//1 7559//1 7560//1
f 7553//2 7554//2 7558//2
f 7553//2 7558//2 7557//2
f 7554//3 7555//3 7559//3
f 7554//3 7559//3 7558//3
f 7555//4 7556//4 7560//4
f 7555//4 7560//4 7559//4
f 7556//5 7553//5 7557//5
f 7556//5 7557//5 7560//5
f 7565//1 7566//1 7567//1
f 7565//1 7567//1 7568//1
f 7561//2 7562//2 7566//2
f 7561//2 7566//2 7565//2
f 7562//3 7563//3 7567//3
f 7562//3 7567//3 7566//3
f 7563//4 7564//4 7568//4
f 7563//4 7568//4 7567//4
f 7564//5 7561//5 7565//5
f 7564//5 7565//5 7568//5
f 7573//1 7574//1 7575//1
f 7573//1 7575//1 7576//1
f 7569//2 7570//2 7574//2
f 7569//2 7574//2 7573//2
f 7570//3 7571//3 7575//3
f 7570//3 7575//3 7574//3
f 7571//4 7572//4 7576//4
f 7571//4 7576//4 7575//4
f 7572//5 7569//5 7573//5
f 7572//5 7573//5 7576//5
f 7581//1 7582//1 7583//1
f 7581//1 7583//1 7584//1
f 7577//2 7578//2 7582//2
f 7577//2 7582//2 7581//2
f 7578//3 7579//3 7583//3
f 7578//3 7583//3 7582//3
f 7579//4 7580//4 7584//4
f 7579//4 7584//4 7583//4
f 7580//5 7577//5 7581//5
f 7580//5 7581//5 7584//5
f 7589//1 7590//1 7591//1
f 7589//1 7591//1 7592//1
f 7585//2 7586//2 7590//2
f 7585//2 7590//2 7589//2
f 7586//3 7587//3 7591//3
f 7586//3 7591//3 7590//3
f 7587//4 7588//4 7592//4
f 7587//4 7592//4 7591//4
f 7588//5 7585//5 7589//5
f 7588//5 7589//5 7592//5
f 7597//1 7598//1 7599//1
f 7597//1 7599//1 7600//1
f 7593//2 7594//2 7598//2
f 7593//2 7598//2 7597//2
f 7594//3 7595//3 7599//3
f 7594//3 7599//3 7598//3
f 7595//4 7596//4 7600//4
f 7595//4 7600//4 7599//4
f 7596//5 7593//5 7597//5
f 7596//5 7597//5 7600//5
f 7605//1 7606//1 7607//1
f 7605//1 7607//1 7608//1
f 7601//2 7602//2 7606//2
f 7601//2 7606//2 7605//2
f 7602//3 7603//3 7607//3
f 7602//3 7607//3 7606//3
f 7603//4 7604//4 7608//4
f 7603//4 7608//4 7607//4
f 7604//5 7601//5 7605//5
f 7604//5 7605//5 7608//5
f 7613//1 7614//1 7615//1
f 7613//1 7615//1 7616//1
f 7609//2 7610//2 7614//2
f 7609//2 7614//2 7613//2
f 7610//3 7611//3 7615//3
f 7610//3 7615//3 7614//3
f 7611//4 7612//4 7616//4
f 7611//4 7616//4 7615//4
f 7612//5 7609//5 7613//5
f 7612//5 7613//5 7616//5
f 7621//1 7622//1 7623//1
f 7621//1 7623//1 7624//1
f 7617//2 7618//2 7622//2
f 7617//2 7622//2 7621//2
f 7618//3 7619//3 7623//3
f 7618//3 7623//3 7622//3
f 7619//4 7620//4 7624//4
f 7619//4 7624//4 7623//4
f 7620//5 7617//5 7621//5
f 7620//5 7621//5 7624//5
f 7629//1 7630//1 7631//1
f 7629//1 7631//1 7632//1
f 7625//2 7626//2 7630//2
f 7625//2 7630//2 7629//2
f 7626//3 7627//3 7631//3
f 7626//3 7631//3 7630//3
f 7627//4 7628//4 7632//4
f 7627//4 7632//4 7631//4
f 7628//5 7625//5 7629//5
f 7628//5 7629//5 7632//5
f 7637//1 7638//1 7639//1
f 7637//1 7639//1 7640//1
f 7633//2 7634//2 7638//2
f 7633//2 7638//2 7637//2
f 7634//3 7635//3 7639//3
f 7634//3 7639//3 7638//3
f 7635//4 7636//4 7640//4
f 7635//4 7640//4 7639//4
f 7636//5 7633//5 7637//5
f 7636//5 7637//5 7640//5
f 7645//1 7646//1 7647//1
f 7645//1 7647//1 7648//1
f 7641//2 7642//2 7646//2
f 7641//2 7646//2 7645//2
f 7642//3 7643//3 7647//3
f 7642//3 7647//3 7646//3
f 7643//4 7644//4 7648//4
f 7643//4 7648//4 7647//4
f 7644//5 7641//5 7645//5
f 7644//5 7645//5 7648//5
f 7653//1 7654//1 7655//1
f 7653//1 7655//1 7656//1
f 7649//2 7650//2 7654//2
f 7649//2 7654//2 7653//2
f 7650//3 7651//3 7655//3
f 7650//3 7655//3 7654//3
f 7651//4 7652//4 7656//4
f 7651//4 7656//4 7655//4
f 7652//5 7649//5 7653//5
f 7652//5 7653//5 7656//5
f 7661//1 7662//1 7663//1
f 7661//1 7663//1 7664//1
f 7657//2 7658//2 7662//2
f 7657//2 7662//2 7661//2
f 7658//3 7659//3 7663//3
f 7658//3 7663//3 7662//3
f 7659//4 7660//4 7664//4
f 7659//4 7664//4 7663//4
f 7660//5 7657//5 7661//5
f 7660//5 7661//5 7664//5
f 7669//1 7670//1 7671//1
f 7669//1 7671//1 7672//1
f 7665//2 7666//2 7670//2
f 7665//2 7670//2 7669//2
f 7666//3 7667//3 7671//3
f 7666//3 7671//3 7670//3
f 7667//4 7668//4 7672//4
f 7667//4 7672//4 7671//4
f 7668//5 7665//5 7669//5
f 7668//5 7669//5 7672//5
f 7677//1 7678//1 7679//1
f 7677//1 7679//1 7680//1
f 7673//2 7674//2 7678//2
f 7673//2 7678//2 7677//2
f 7674//3 7675//3 7679//3
f 7674//3 7679//3 7678//3
f 7675//4 7676//4 7680//4
f 7675//4 7680//4 7679//4
f 7676//5 7673//5 7677//5
f 7676//5 7677//5 7680//5
f 7685//1 7686//1 7687//1
f 7685//1 7687//1 7688//1
f 7681//2 7682//2 7686//2
f 7681//2 7686//2 7685//2
f 7682//3 7683//3 7687//3
f 7682//3 7687//3 7686//3
f 7683//4 7684//4 7688//4
f 7683//4 7688//4 7687//4
f 7684//5 7681//5 7685//5
f 7684//5 7685//5 7688//5
f 7693//1 7694//1 7695//1
f 7693//1 7695//1 7696//1
f 7689//2 7690//2 7694//2
f 7689//2 7694//2 7693//2
f 7690//3 7691//3 7695//3
f 7690//3 7695//3 7694//3
f 7691//4 7692//4 7696//4
f 7691//4 7696//4 7695//4
f 7692//5 7689//5 7693//5
f 7692//5 7693//5 7696//5
f 7701//1 7702//1 7703//1
f 7701//1 7703//1 7704//1
f 7697//2 7698//2 7702//2
f 7697//2 7702//2 7701//2
f 7698//3 7699//3 7703//3
f 7698//3 7703//3 7702//3
f 7699//4 7700//4 7704//4
f 7699//4 7704//4 7703//4
f 7700//5 7697//5 7701//5
f 7700//5 7701//5 7704//5
f 7709//1 7710//1 7711//1
f 7709//1 7711//1 7712//1
f 7705//2 7706//2 7710//2
f 7705//2 7710//2 7709//2
f 7706//3 7707//3 7711//3
f 7706//3 7711//3 7710//3
f 7707//4 7708//4 7712//4
f 7707//4 7712//4 7711//4
f 7708//5 7705//5 7709//5
f 7708//5 7709//5 7712//5
f 7717//1 7718//1 7719//1
f 7717//1 7719//1 7720//1
f 7713//2 7714//2 7718//2
f 7713//2 7718//2 7717//2
f 7714//3 7715//3 7719//3
f 7714//3 7719//3 7718//3
f 7715//4 7716//4 7720//4
f 7715//4 7720//4 7719//4
f 7716//5 7713//5 7717//5
f 7716//5 7717//5 7720//5
f 7725//1 7726//1 7727//1
f 7725//1 7727//1 7728//1
f 7721//2 7722//2 7726//2
f 7721//2 7726//2 7725//2
f 7722//3 7723//3 7727//3
f 7722//3 7727//3 7726//3
f 7723//4 7724//4 7728//4
f 7723//4 7728//4 7727//4
f 7724//5 7721//5 7725//5
f 7724//5 7725//5 7728//5
f 7733//1 7734//1 7735//1
f 7733//1 7735//1 7736//1
f 7729//2 7730//2 7734//2
f 7729//2 7734//2 7733//2
f 7730//3 7731//3 7735//3
f 7730//3 7735//3 7734//3
f 7731//4 7732//4 7736//4
f 7731//4 7736//4 7735//4
f 7732//5 7729//5 7733//5
f 7732//5 7733//5 7736//5
f 7741//1 7742//1 7743//1
f 7741//1 7743//1 7744//1
f 7737//2 7738//2 7742//2
f 7737//2 7742//2 7741//2
f 7738//3 7739//3 7743//3
f 7738//3 7743//3 7742//3
f 7739//4 7740//4 7744//4
f 7739//4 7744//4 7743//4
f 7740//5 7737//5 7741//5
f 7740//5 7741//5 7744//5
f 7749//1 7750//1 7751//1
f 7749//1 7751//1 7752//1
f 7745//2 7746//2 7750//2
f 7745//2 7750//2 7749//2
f 7746//3 7747//3 7751//3
f 7746//3 7751//3 7750//3
f 7747//4 7748//4 7752//4
f 7747//4 7752//4 7751//4
f 7748//5 7745//5 7749//5
f 7748//5 7749//5 7752//5
f 7757//1 7758//1 7759//1
f 7757//1 7759//1 7760//1
f 7753//2 7754//2 7758//2
f 7753//2 7758//2 7757//2
f 7754//3 7755//3 7759//3
f 7754//3 7759//3 7758//3
f 7755//4 7756//4 7760//4
f 7755//4 7760//4 7759//4
f 7756//5 7753//5 7757//5
f 7756//5 7757//5 7760//5
f 7765//1 7766//1 7767//1
f 7765//1 7767//1 7768//1
f 7761//2 7762//2 7766//2
f 7761//2 7766//2 7765//2
f 7762//3 7763//3 7767//3
f 7762//3 7767//3 7766//3
f 7763//4 7764//4 7768//4
f 7763//4 7768//4 7767//4
f 7764//5 7761//5 7765//5
f 7764//5 7765//5 7768//5
f 7773//1 7774//1 7775//1
f 7773//1 7775//1 7776//1
f 7769//2 7770//2 7774//2
f 7769//2 7774//2 7773//2
f 7770//3 7771//3 7775//3
f 7770//3 7775//3 7774//3
f 7771//4 7772//4 7776//4
f 7771//4 7776//4 7775//4
f 7772//5 7769//5 7773//5
f 7772//5 7773//5 7776//5
f 7781//1 7782//1 7783//1
f 7781//1 7783//1 7784//1
f 7777//2 7778//2 7782//2
f 7777//2 7782//2 7781//2
f 7778//3 7779//3 7783//3
f 7778//3 7783//3 7782//3
f 7779//4 7780//4 7784//4
f 7779//4 7784//4 7783//4
f 7780//5 7777//5 7781//5
f 7780//5 7781//5 7784//5
f 7789//1 7790//1 7791//1
f 7789//1 7791//1 7792//1
f 7785//2 7786//2 7790//2
f 7785//2 7790//2 7789//2
f 7786//3 7787//3 7791//3
f 7786//3 7791//3 7790//3
f 7787//4 7788//4 7792//4
f 7787//4 7792//4 7791//4
f 7788//5 7785//5 7789//5
f 7788//5 7789//5 7792//5
f 7797//1 7798//1 7799//1
f 7797//1 7799//1 7800//1
f 7793//2 7794//2 7798//2
f 7793//2 7798//2 7797//2
f 7794//3 7795//3 7799//3
f 7794//3 7799//3 7798//3
f 7795//4 7796//4 7800//4
f 7795//4 7800//4 7799//4
f 7796//5 7793//5 7797//5
f 7796//5 7797//5 7800//5
