v 170.20 132.20 0.33
v 170.40 132.20 0.33
v 170.40 132.40 0.33
v 170.20 132.40 0.32
v 170.20 132.20 0.93
v 170.40 132.20 0.93
v 170.40 132.40 0.93
v 170.20 132.40 0.92
v 177.20 123.60 0.56
v 177.40 123.60 0.57
v 177.40 123.80 0.56
v 177.20 123.80 0.56
v 177.20 123.60 1.16
v 177.40 123.60 1.17
v 177.40 123.80 1.16
v 177.20 123.80 1.16
v 161.20 119.80 0.56
v 161.60 119.80 0.56
v 161.60 120.00 0.56
v 161.20 120.00 0.56
v 161.20 119.80 1.16
v 161.60 119.80 1.16
v 161.60 120.00 1.16
v 161.20 120.00 1.16
v 161.60 119.60 0.57
v 161.80 119.60 0.57
v 161.80 119.80 0.56
v 161.60 119.80 0.56
v 161.60 119.60 1.17
v 161.80 119.60 1.17
v 161.80 119.80 1.16
v 161.60 119.80 1.16
v 161.80 117.40 0.66
v 162.00 117.40 0.66
v 162.00 117.60 0.66
v 161.80 117.60 0.66
v 161.80 117.40 1.26
v 162.00 117.40 1.26
v 162.00 117.60 1.26
v 161.80 117.60 1.26
v 162.00 117.20 0.67
v 162.20 117.20 0.67
v 162.20 117.40 0.66
v 162.00 117.40 0.66
v 162.00 117.20 1.27
v 162.20 117.20 1.27
v 162.20 117.40 1.26
v 162.00 117.40 1.26
v 170.80 115.40 0.69
v 171.00 115.40 0.69
v 171.00 116.00 0.67
v 170.80 116.00 0.67
v 170.80 115.40 1.29
v 171.00 115.40 1.29
v 171.00 116.00 1.27
v 170.80 116.00 1.27
v 171.20 115.40 0.70
v 171.40 115.40 0.70
v 171.40 115.60 0.69
v 171.20 115.60 0.69
v 171.20 115.40 1.30
v 171.40 115.40 1.30
v 171.40 115.60 1.29
v 171.20 115.60 1.29
v 171.00 115.20 0.70
v 171.40 115.20 0.70
v 171.40 115.40 0.70
v 171.00 115.40 0.69
v 171.00 115.20 1.30
v 171.40 115.20 1.30
v 171.40 115.40 1.30
v 171.00 115.40 1.29
v 116.60 114.20 -0.30
v 116.80 114.20 -0.29
v 116.80 114.40 -0.29
v 116.60 114.40 -0.30
v 116.60 114.20 0.30
v 116.80 114.20 0.31
v 116.80 114.40 0.31
v 116.60 114.40 0.30
v 164.80 113.80 0.74
v 165.00 113.80 0.74
v 165.00 114.00 0.73
v 164.80 114.00 0.73
v 164.80 113.80 1.34
v 165.00 113.80 1.34
v 165.00 114.00 1.33
v 164.80 114.00 1.33
v 159.80 113.00 0.88
v 160.00 113.00 0.89
v 160.00 113.20 0.87
v 159.80 113.20 0.87
v 159.80 113.00 1.48
v 160.00 113.00 1.49
v 160.00 113.20 1.47
v 159.80 113.20 1.47
v 159.80 112.80 0.90
v 160.80 112.80 0.91
v 160.80 113.00 0.90
v 159.80 113.00 0.88
v 159.80 112.80 1.50
v 160.80 112.80 1.51
v 160.80 113.00 1.50
v 159.80 113.00 1.48
v 174.40 111.40 0.85
v 174.60 111.40 0.85
v 174.60 111.60 0.84
v 174.40 111.60 0.84
v 174.40 111.40 1.45
v 174.60 111.40 1.45
v 174.60 111.60 1.44
v 174.40 111.60 1.44
v 174.60 111.20 0.86
v 174.80 111.20 0.86
v 174.80 111.40 0.85
v 174.60 111.40 0.85
v 174.60 111.20 1.46
v 174.80 111.20 1.46
v 174.80 111.40 1.45
v 174.60 111.40 1.45
v 174.60 111.00 0.86
v 175.00 111.00 0.87
v 175.00 111.20 0.86
v 174.60 111.20 0.86
v 174.60 111.00 1.46
v 175.00 111.00 1.47
v 175.00 111.20 1.46
v 174.60 111.20 1.46
v 162.60 108.60 1.01
v 162.80 108.60 1.01
v 162.80 108.80 1.00
v 162.60 108.80 1.00
v 162.60 108.60 1.61
v 162.80 108.60 1.61
v 162.80 108.80 1.60
v 162.60 108.80 1.60
v 143.40 108.20 0.62
v 143.60 108.20 0.63
v 143.60 108.40 0.62
v 143.40 108.40 0.62
v 143.40 108.20 1.22
v 143.60 108.20 1.23
v 143.60 108.40 1.22
v 143.40 108.40 1.22
v 162.40 108.20 1.01
v 162.60 108.20 1.01
v 162.60 108.40 1.01
v 162.40 108.40 1.01
v 162.40 108.20 1.61
v 162.60 108.20 1.61
v 162.60 108.40 1.61
v 162.40 108.40 1.61
v 143.60 108.00 0.63
v 143.80 108.00 0.64
v 143.80 108.20 0.63
v 143.60 108.20 0.63
v 143.60 108.00 1.23
v 143.80 108.00 1.24
v 143.80 108.20 1.23
v 143.60 108.20 1.23
v 138.00 107.00 0.50
v 138.20 107.00 0.50
v 138.20 107.20 0.50
v 138.00 107.20 0.49
v 138.00 107.00 1.10
v 138.20 107.00 1.10
v 138.20 107.20 1.10
v 138.00 107.20 1.09
v 137.80 106.80 0.50
v 138.00 106.80 0.50
v 138.00 107.00 0.50
v 137.80 107.00 0.49
v 137.80 106.80 1.10
v 138.00 106.80 1.10
v 138.00 107.00 1.10
v 137.80 107.00 1.09
v 134.20 106.40 0.40
v 134.80 106.40 0.42
v 134.80 106.60 0.41
v 134.20 106.60 0.40
v 134.20 106.40 1.00
v 134.80 106.40 1.02
v 134.80 106.60 1.01
v 134.20 106.60 1.00
v 137.80 106.40 0.51
v 138.00 106.40 0.51
v 138.00 106.60 0.51
v 137.80 106.60 0.50
v 137.80 106.40 1.11
v 138.00 106.40 1.11
v 138.00 106.60 1.11
v 137.80 106.60 1.10
v 134.40 106.20 0.41
v 134.60 106.20 0.42
v 134.60 106.40 0.41
v 134.40 106.40 0.41
v 134.40 106.20 1.01
v 134.60 106.20 1.02
v 134.60 106.40 1.01
v 134.40 106.40 1.01
v 133.40 105.40 0.40
v 133.60 105.40 0.41
v 133.60 106.00 0.39
v 133.40 106.00 0.39
v 133.40 105.40 1.00
v 133.60 105.40 1.01
v 133.60 106.00 0.99
v 133.40 106.00 0.99
v 179.60 104.00 0.98
v 179.80 104.00 0.97
v 179.80 104.20 0.97
v 179.60 104.20 0.98
v 179.60 104.00 1.58
v 179.80 104.00 1.57
v 179.80 104.20 1.57
v 179.60 104.20 1.58
v 179.00 103.40 0.99
v 179.40 103.40 0.99
v 179.40 104.00 0.98
v 179.00 104.00 0.99
v 179.00 103.40 1.59
v 179.40 103.40 1.59
v 179.40 104.00 1.58
v 179.00 104.00 1.59
v 181.60 101.40 0.97
v 182.00 101.40 0.96
v 182.00 101.60 0.96
v 181.60 101.60 0.96
v 181.60 101.40 1.57
v 182.00 101.40 1.56
v 182.00 101.60 1.56
v 181.60 101.60 1.56
v 181.60 101.20 0.97
v 182.80 101.20 0.96
v 182.80 101.40 0.96
v 181.60 101.40 0.97
v 181.60 101.20 1.57
v 182.80 101.20 1.56
v 182.80 101.40 1.56
v 181.60 101.40 1.57
v 180.80 101.20 0.99
v 181.40 101.20 0.97
v 181.40 101.40 0.97
v 180.80 101.40 0.98
v 180.80 101.20 1.59
v 181.40 101.20 1.57
v 181.40 101.40 1.57
v 180.80 101.40 1.58
v 180.60 101.00 1.00
v 181.40 101.00 0.98
v 181.40 101.20 0.97
v 180.60 101.20 0.99
v 180.60 101.00 1.60
v 181.40 101.00 1.58
v 181.40 101.20 1.57
v 180.60 101.20 1.59
v 182.40 101.00 0.96
v 183.00 101.00 0.96
v 183.00 101.20 0.97
v 182.40 101.20 0.96
v 182.40 101.00 1.56
v 183.00 101.00 1.56
v 183.00 101.20 1.57
v 182.40 101.20 1.56
v 182.60 100.80 0.97
v 182.80 100.80 0.96
v 182.80 101.00 0.97
v 182.60 101.00 0.97
v 182.60 100.80 1.57
v 182.80 100.80 1.56
v 182.80 101.00 1.57
v 182.60 101.00 1.57
v 186.40 97.40 0.92
v 186.60 97.40 0.92
v 186.60 97.60 0.93
v 186.40 97.60 0.92
v 186.40 97.40 1.52
v 186.60 97.40 1.52
v 186.60 97.60 1.53
v 186.40 97.60 1.52
v 186.40 97.00 0.91
v 186.80 97.00 0.91
v 186.80 97.40 0.92
v 186.40 97.40 0.92
v 186.40 97.00 1.51
v 186.80 97.00 1.51
v 186.80 97.40 1.52
v 186.40 97.40 1.52
v 186.40 96.80 0.91
v 187.20 96.80 0.92
v 187.20 97.00 0.93
v 186.40 97.00 0.91
v 186.40 96.80 1.51
v 187.20 96.80 1.52
v 187.20 97.00 1.53
v 186.40 97.00 1.51
v 186.20 96.60 0.91
v 186.40 96.60 0.91
v 186.40 96.80 0.91
v 186.20 96.80 0.91
v 186.20 96.60 1.51
v 186.40 96.60 1.51
v 186.40 96.80 1.51
v 186.20 96.80 1.51
v 186.60 96.20 0.91
v 187.00 96.20 0.91
v 187.00 96.80 0.92
v 186.60 96.80 0.91
v 186.60 96.20 1.51
v 187.00 96.20 1.51
v 187.00 96.80 1.52
v 186.60 96.80 1.51
v 94.80 96.00 -0.42
v 95.00 96.00 -0.42
v 95.00 96.40 -0.43
v 94.80 96.40 -0.44
v 94.80 96.00 0.18
v 95.00 96.00 0.18
v 95.00 96.40 0.17
v 94.80 96.40 0.16
v 187.20 96.00 0.92
v 187.40 96.00 0.93
v 187.40 96.40 0.92
v 187.20 96.40 0.92
v 187.20 96.00 1.52
v 187.40 96.00 1.53
v 187.40 96.40 1.52
v 187.20 96.40 1.52
v 81.20 96.00 -0.70
v 81.80 96.00 -0.69
v 81.80 96.20 -0.69
v 81.20 96.20 -0.70
v 81.20 96.00 -0.10
v 81.80 96.00 -0.09
v 81.80 96.20 -0.09
v 81.20 96.20 -0.10
v 186.80 96.00 0.92
v 187.00 96.00 0.92
v 187.00 96.20 0.91
v 186.80 96.20 0.91
v 186.80 96.00 1.52
v 187.00 96.00 1.52
v 187.00 96.20 1.51
v 186.80 96.20 1.51
v 186.80 95.80 0.92
v 187.40 95.80 0.93
v 187.40 96.00 0.93
v 186.80 96.00 0.92
v 186.80 95.80 1.52
v 187.40 95.80 1.53
v 187.40 96.00 1.53
v 186.80 96.00 1.52
v 187.20 95.60 0.93
v 187.60 95.60 0.93
v 187.60 95.80 0.93
v 187.20 95.80 0.92
v 187.20 95.60 1.53
v 187.60 95.60 1.53
v 187.60 95.80 1.53
v 187.20 95.80 1.52
v 187.40 95.40 0.93
v 187.60 95.40 0.93
v 187.60 95.60 0.93
v 187.40 95.60 0.93
v 187.40 95.40 1.53
v 187.60 95.40 1.53
v 187.60 95.60 1.53
v 187.40 95.60 1.53
v 186.80 95.00 0.95
v 187.20 95.00 0.93
v 187.20 95.20 0.94
v 186.80 95.20 0.94
v 186.80 95.00 1.55
v 187.20 95.00 1.53
v 187.20 95.20 1.54
v 186.80 95.20 1.54
v 186.80 94.80 0.95
v 187.00 94.80 0.94
v 187.00 95.00 0.94
v 186.80 95.00 0.95
v 186.80 94.80 1.55
v 187.00 94.80 1.54
v 187.00 95.00 1.54
v 186.80 95.00 1.55
v 186.20 94.60 0.96
v 186.60 94.60 0.95
v 186.60 94.80 0.95
v 186.20 94.80 0.96
v 186.20 94.60 1.56
v 186.60 94.60 1.55
v 186.60 94.80 1.55
v 186.20 94.80 1.56
v 188.20 94.20 0.92
v 188.60 94.20 0.92
v 188.60 94.40 0.92
v 188.20 94.40 0.92
v 188.20 94.20 1.52
v 188.60 94.20 1.52
v 188.60 94.40 1.52
v 188.20 94.40 1.52
v 78.80 93.80 -0.70
v 79.00 93.80 -0.69
v 79.00 94.00 -0.70
v 78.80 94.00 -0.70
v 78.80 93.80 -0.10
v 79.00 93.80 -0.09
v 79.00 94.00 -0.10
v 78.80 94.00 -0.10
v 190.40 92.60 0.95
v 190.60 92.60 0.95
v 190.60 92.80 0.96
v 190.40 92.80 0.95
v 190.40 92.60 1.55
v 190.60 92.60 1.55
v 190.60 92.80 1.56
v 190.40 92.80 1.55
v 119.40 89.40 0.44
v 119.60 89.40 0.44
v 119.60 89.60 0.44
v 119.40 89.60 0.43
v 119.40 89.40 1.04
v 119.60 89.40 1.04
v 119.60 89.60 1.04
v 119.40 89.60 1.03
v 193.40 89.00 0.98
v 193.60 89.00 0.98
v 193.60 89.20 0.98
v 193.40 89.20 0.98
v 193.40 89.00 1.58
v 193.60 89.00 1.58
v 193.60 89.20 1.58
v 193.40 89.20 1.58
v 193.40 88.80 0.97
v 193.80 88.80 0.97
v 193.80 89.00 0.98
v 193.40 89.00 0.98
v 193.40 88.80 1.57
v 193.80 88.80 1.57
v 193.80 89.00 1.58
v 193.40 89.00 1.58
v 84.40 87.60 -0.44
v 84.60 87.60 -0.43
v 84.60 87.80 -0.44
v 84.40 87.80 -0.44
v 84.40 87.60 0.16
v 84.60 87.60 0.17
v 84.60 87.80 0.16
v 84.40 87.80 0.16
v 82.60 86.80 -0.46
v 82.80 86.80 -0.45
v 82.80 87.20 -0.46
v 82.60 87.20 -0.47
v 82.60 86.80 0.14
v 82.80 86.80 0.15
v 82.80 87.20 0.14
v 82.60 87.20 0.13
v 194.60 86.80 0.97
v 195.00 86.80 0.97
v 195.00 87.00 0.97
v 194.60 87.00 0.97
v 194.60 86.80 1.57
v 195.00 86.80 1.57
v 195.00 87.00 1.57
v 194.60 87.00 1.57
v 194.40 86.60 0.97
v 195.00 86.60 0.96
v 195.00 86.80 0.97
v 194.40 86.80 0.97
v 194.40 86.60 1.57
v 195.00 86.60 1.56
v 195.00 86.80 1.57
v 194.40 86.80 1.57
v 194.60 86.40 0.96
v 195.00 86.40 0.96
v 195.00 86.60 0.96
v 194.60 86.60 0.97
v 194.60 86.40 1.56
v 195.00 86.40 1.56
v 195.00 86.60 1.56
v 194.60 86.60 1.57
v 194.40 86.00 0.96
v 195.00 86.00 0.96
v 195.00 86.20 0.96
v 194.40 86.20 0.96
v 194.40 86.00 1.56
v 195.00 86.00 1.56
v 195.00 86.20 1.56
v 194.40 86.20 1.56
v 194.20 85.80 0.97
v 195.00 85.80 0.96
v 195.00 86.00 0.96
v 194.20 86.00 0.97
v 194.20 85.80 1.57
v 195.00 85.80 1.56
v 195.00 86.00 1.56
v 194.20 86.00 1.57
v 194.60 85.60 0.96
v 195.00 85.60 0.96
v 195.00 85.80 0.96
v 194.60 85.80 0.96
v 194.60 85.60 1.56
v 195.00 85.60 1.56
v 195.00 85.80 1.56
v 194.60 85.80 1.56
v 194.20 85.60 0.97
v 194.40 85.60 0.96
v 194.40 85.80 0.96
v 194.20 85.80 0.97
v 194.20 85.60 1.57
v 194.40 85.60 1.56
v 194.40 85.80 1.56
v 194.20 85.80 1.57
v 194.20 85.40 0.97
v 195.00 85.40 0.96
v 195.00 85.60 0.96
v 194.20 85.60 0.97
v 194.20 85.40 1.57
v 195.00 85.40 1.56
v 195.00 85.60 1.56
v 194.20 85.60 1.57
v 194.40 85.20 0.96
v 194.80 85.20 0.96
v 194.80 85.40 0.96
v 194.40 85.40 0.96
v 194.40 85.20 1.56
v 194.80 85.20 1.56
v 194.80 85.40 1.56
v 194.40 85.40 1.56
v 65.80 83.00 -0.69
v 66.00 83.00 -0.69
v 66.00 83.20 -0.69
v 65.80 83.20 -0.70
v 65.80 83.00 -0.09
v 66.00 83.00 -0.09
v 66.00 83.20 -0.09
v 65.80 83.20 -0.10
v 66.60 83.00 -0.68
v 66.80 83.00 -0.68
v 66.80 83.20 -0.68
v 66.60 83.20 -0.68
v 66.60 83.00 -0.08
v 66.80 83.00 -0.08
v 66.80 83.20 -0.08
v 66.60 83.20 -0.08
v 65.80 82.60 -0.68
v 66.80 82.60 -0.67
v 66.80 83.00 -0.68
v 65.80 83.00 -0.69
v 65.80 82.60 -0.08
v 66.80 82.60 -0.07
v 66.80 83.00 -0.08
v 65.80 83.00 -0.09
v 199.40 81.00 0.96
v 199.80 81.00 0.96
v 199.80 81.20 0.96
v 199.40 81.20 0.96
v 199.40 81.00 1.56
v 199.80 81.00 1.56
v 199.80 81.20 1.56
v 199.40 81.20 1.56
v 199.60 80.80 0.96
v 200.00 80.80 0.96
v 200.00 81.00 0.96
v 199.60 81.00 0.96
v 199.60 80.80 1.56
v 200.00 80.80 1.56
v 200.00 81.00 1.56
v 199.60 81.00 1.56
v 74.00 79.20 -0.44
v 74.20 79.20 -0.44
v 74.20 79.40 -0.44
v 74.00 79.40 -0.45
v 74.00 79.20 0.16
v 74.20 79.20 0.16
v 74.20 79.40 0.16
v 74.00 79.40 0.15
v 95.20 77.80 0.17
v 95.40 77.80 0.18
v 95.40 78.00 0.17
v 95.20 78.00 0.16
v 95.20 77.80 0.77
v 95.40 77.80 0.78
v 95.40 78.00 0.77
v 95.20 78.00 0.76
v 95.40 77.60 0.18
v 95.60 77.60 0.19
v 95.60 77.80 0.18
v 95.40 77.80 0.18
v 95.40 77.60 0.78
v 95.60 77.60 0.79
v 95.60 77.80 0.78
v 95.40 77.80 0.78
v 204.20 76.40 0.97
v 204.40 76.40 0.98
v 204.40 76.80 0.98
v 204.20 76.80 0.98
v 204.20 76.40 1.57
v 204.40 76.40 1.58
v 204.40 76.80 1.58
v 204.20 76.80 1.58
v 205.20 75.60 0.98
v 205.40 75.60 0.99
v 205.40 75.80 0.99
v 205.20 75.80 0.98
v 205.20 75.60 1.58
v 205.40 75.60 1.59
v 205.40 75.80 1.59
v 205.20 75.80 1.58
v 205.00 75.40 0.98
v 205.60 75.40 0.99
v 205.60 75.60 0.99
v 205.00 75.60 0.98
v 205.00 75.40 1.58
v 205.60 75.40 1.59
v 205.60 75.60 1.59
v 205.00 75.60 1.58
v 205.40 75.20 0.99
v 205.60 75.20 0.99
v 205.60 75.40 0.99
v 205.40 75.40 0.99
v 205.40 75.20 1.59
v 205.60 75.20 1.59
v 205.60 75.40 1.59
v 205.40 75.40 1.59
v 206.00 74.60 0.98
v 206.20 74.60 0.99
v 206.20 74.80 0.99
v 206.00 74.80 0.98
v 206.00 74.60 1.58
v 206.20 74.60 1.59
v 206.20 74.80 1.59
v 206.00 74.80 1.58
v 205.80 74.20 0.98
v 206.40 74.20 0.98
v 206.40 74.60 0.99
v 205.80 74.60 0.98
v 205.80 74.20 1.58
v 206.40 74.20 1.58
v 206.40 74.60 1.59
v 205.80 74.60 1.58
v 205.80 74.00 0.98
v 206.60 74.00 0.99
v 206.60 74.20 0.99
v 205.80 74.20 0.98
v 205.80 74.00 1.58
v 206.60 74.00 1.59
v 206.60 74.20 1.59
v 205.80 74.20 1.58
v 205.80 73.80 0.98
v 206.80 73.80 0.99
v 206.80 74.00 0.99
v 205.80 74.00 0.98
v 205.80 73.80 1.58
v 206.80 73.80 1.59
v 206.80 74.00 1.59
v 205.80 74.00 1.58
v 206.00 73.60 0.98
v 207.00 73.60 0.99
v 207.00 73.80 0.99
v 206.00 73.80 0.98
v 206.00 73.60 1.58
v 207.00 73.60 1.59
v 207.00 73.80 1.59
v 206.00 73.80 1.58
v 206.60 73.40 0.99
v 207.00 73.40 0.99
v 207.00 73.60 0.99
v 206.60 73.60 0.98
v 206.60 73.40 1.59
v 207.00 73.40 1.59
v 207.00 73.60 1.59
v 206.60 73.60 1.58
v 206.60 73.00 0.99
v 206.80 73.00 0.99
v 206.80 73.40 0.99
v 206.60 73.40 0.99
v 206.60 73.00 1.59
v 206.80 73.00 1.59
v 206.80 73.40 1.59
v 206.60 73.40 1.59
v 207.20 73.00 0.99
v 207.60 73.00 0.99
v 207.60 73.20 0.99
v 207.20 73.20 0.99
v 207.20 73.00 1.59
v 207.60 73.00 1.59
v 207.60 73.20 1.59
v 207.20 73.20 1.59
v 207.20 72.80 0.99
v 207.40 72.80 0.99
v 207.40 73.00 0.99
v 207.20 73.00 0.99
v 207.20 72.80 1.59
v 207.40 72.80 1.59
v 207.40 73.00 1.59
v 207.20 73.00 1.59
v 207.60 72.60 0.98
v 207.80 72.60 0.98
v 207.80 72.80 0.98
v 207.60 72.80 0.98
v 207.60 72.60 1.58
v 207.80 72.60 1.58
v 207.80 72.80 1.58
v 207.60 72.80 1.58
v 207.20 72.40 0.98
v 207.80 72.40 0.98
v 207.80 72.60 0.98
v 207.20 72.60 0.98
v 207.20 72.40 1.58
v 207.80 72.40 1.58
v 207.80 72.60 1.58
v 207.20 72.60 1.58
v 207.40 72.20 0.98
v 207.60 72.20 0.98
v 207.60 72.40 0.98
v 207.40 72.40 0.98
v 207.40 72.20 1.58
v 207.60 72.20 1.58
v 207.60 72.40 1.58
v 207.40 72.40 1.58
v 206.20 72.00 0.99
v 206.40 72.00 0.99
v 206.40 72.20 0.99
v 206.20 72.20 0.99
v 206.20 72.00 1.59
v 206.40 72.00 1.59
v 206.40 72.20 1.59
v 206.20 72.20 1.59
v 207.00 72.00 0.98
v 207.20 72.00 0.98
v 207.20 72.20 0.98
v 207.00 72.20 0.98
v 207.00 72.00 1.58
v 207.20 72.00 1.58
v 207.20 72.20 1.58
v 207.00 72.20 1.58
v 206.80 71.80 0.99
v 207.20 71.80 0.98
v 207.20 72.00 0.98
v 206.80 72.00 0.99
v 206.80 71.80 1.59
v 207.20 71.80 1.58
v 207.20 72.00 1.58
v 206.80 72.00 1.59
v 91.40 71.60 0.26
v 91.80 71.60 0.27
v 91.80 71.80 0.26
v 91.40 71.80 0.25
v 91.40 71.60 0.86
v 91.80 71.60 0.87
v 91.80 71.80 0.86
v 91.40 71.80 0.85
v 207.00 71.60 0.98
v 207.20 71.60 0.98
v 207.20 71.80 0.98
v 207.00 71.80 0.98
v 207.00 71.60 1.58
v 207.20 71.60 1.58
v 207.20 71.80 1.58
v 207.00 71.80 1.58
v 208.40 71.40 0.98
v 209.00 71.40 0.98
v 209.00 71.80 0.98
v 208.40 71.80 0.98
v 208.40 71.40 1.58
v 209.00 71.40 1.58
v 209.00 71.80 1.58
v 208.40 71.80 1.58
v 91.20 71.40 0.26
v 92.00 71.40 0.28
v 92.00 71.60 0.27
v 91.20 71.60 0.25
v 91.20 71.40 0.86
v 92.00 71.40 0.88
v 92.00 71.60 0.87
v 91.20 71.60 0.85
v 90.80 71.20 0.25
v 91.40 71.20 0.27
v 91.40 71.40 0.26
v 90.80 71.40 0.25
v 90.80 71.20 0.85
v 91.40 71.20 0.87
v 91.40 71.40 0.86
v 90.80 71.40 0.85
v 209.20 71.00 0.98
v 209.40 71.00 0.98
v 209.40 71.20 0.98
v 209.20 71.20 0.98
v 209.20 71.00 1.58
v 209.40 71.00 1.58
v 209.40 71.20 1.58
v 209.20 71.20 1.58
v 90.60 70.80 0.26
v 91.00 70.80 0.27
v 91.00 71.20 0.26
v 90.60 71.20 0.25
v 90.60 70.80 0.86
v 91.00 70.80 0.87
v 91.00 71.20 0.86
v 90.60 71.20 0.85
v 209.60 70.20 0.98
v 210.20 70.20 0.98
v 210.20 70.40 0.98
v 209.60 70.40 0.98
v 209.60 70.20 1.58
v 210.20 70.20 1.58
v 210.20 70.40 1.58
v 209.60 70.40 1.58
v 209.60 70.00 0.98
v 210.40 70.00 0.98
v 210.40 70.20 0.98
v 209.60 70.20 0.98
v 209.60 70.00 1.58
v 210.40 70.00 1.58
v 210.40 70.20 1.58
v 209.60 70.20 1.58
v 209.80 69.80 0.98
v 210.40 69.80 0.98
v 210.40 70.00 0.98
v 209.80 70.00 0.98
v 209.80 69.80 1.58
v 210.40 69.80 1.58
v 210.40 70.00 1.58
v 209.80 70.00 1.58
v 210.00 69.40 0.98
v 210.60 69.40 0.98
v 210.60 69.80 0.98
v 210.00 69.80 0.98
v 210.00 69.40 1.58
v 210.60 69.40 1.58
v 210.60 69.80 1.58
v 210.00 69.80 1.58
v 210.00 69.20 0.98
v 210.80 69.20 0.98
v 210.80 69.40 0.98
v 210.00 69.40 0.98
v 210.00 69.20 1.58
v 210.80 69.20 1.58
v 210.80 69.40 1.58
v 210.00 69.40 1.58
v 210.60 69.00 0.98
v 211.00 69.00 0.98
v 211.00 69.20 0.98
v 210.60 69.20 0.98
v 210.60 69.00 1.58
v 211.00 69.00 1.58
v 211.00 69.20 1.58
v 210.60 69.20 1.58
v 210.60 68.60 0.98
v 211.40 68.60 0.99
v 211.40 69.00 0.99
v 210.60 69.00 0.98
v 210.60 68.60 1.58
v 211.40 68.60 1.59
v 211.40 69.00 1.59
v 210.60 69.00 1.58
v 210.80 68.40 0.98
v 211.40 68.40 0.99
v 211.40 68.60 0.99
v 210.80 68.60 0.98
v 210.80 68.40 1.58
v 211.40 68.40 1.59
v 211.40 68.60 1.59
v 210.80 68.60 1.58
v 211.00 68.20 0.99
v 211.40 68.20 0.99
v 211.40 68.40 0.99
v 211.00 68.40 0.98
v 211.00 68.20 1.59
v 211.40 68.20 1.59
v 211.40 68.40 1.59
v 211.00 68.40 1.58
v 210.80 68.00 0.99
v 211.60 68.00 0.99
v 211.60 68.20 0.99
v 210.80 68.20 0.99
v 210.80 68.00 1.59
v 211.60 68.00 1.59
v 211.60 68.20 1.59
v 210.80 68.20 1.59
v 211.00 67.80 0.99
v 211.60 67.80 0.99
v 211.60 68.00 0.99
v 211.00 68.00 0.99
v 211.00 67.80 1.59
v 211.60 67.80 1.59
v 211.60 68.00 1.59
v 211.00 68.00 1.59
v 211.80 67.80 0.99
v 212.00 67.80 0.99
v 212.00 68.00 0.99
v 211.80 68.00 0.99
v 211.80 67.80 1.59
v 212.00 67.80 1.59
v 212.00 68.00 1.59
v 211.80 68.00 1.59
v 211.80 67.60 0.99
v 212.40 67.60 0.99
v 212.40 67.80 0.99
v 211.80 67.80 0.99
v 211.80 67.60 1.59
v 212.40 67.60 1.59
v 212.40 67.80 1.59
v 211.80 67.80 1.59
v 211.00 67.60 0.99
v 211.40 67.60 0.99
v 211.40 67.80 0.99
v 211.00 67.80 0.99
v 211.00 67.60 1.59
v 211.40 67.60 1.59
v 211.40 67.80 1.59
v 211.00 67.80 1.59
v 212.00 67.40 0.99
v 212.60 67.40 0.99
v 212.60 67.60 0.99
v 212.00 67.60 0.99
v 212.00 67.40 1.59
v 212.60 67.40 1.59
v 212.60 67.60 1.59
v 212.00 67.60 1.59
v 212.20 67.20 0.99
v 212.60 67.20 0.99
v 212.60 67.40 0.99
v 212.20 67.40 0.99
v 212.20 67.20 1.59
v 212.60 67.20 1.59
v 212.60 67.40 1.59
v 212.20 67.40 1.59
v 210.80 67.00 1.00
v 211.00 67.00 1.00
v 211.00 67.20 1.00
v 210.80 67.20 1.00
v 210.80 67.00 1.60
v 211.00 67.00 1.60
v 211.00 67.20 1.60
v 210.80 67.20 1.60
v 212.40 66.80 0.99
v 212.80 66.80 0.99
v 212.80 67.20 0.99
v 212.40 67.20 0.99
v 212.40 66.80 1.59
v 212.80 66.80 1.59
v 212.80 67.20 1.59
v 212.40 67.20 1.59
v 62.60 66.80 -0.30
v 62.80 66.80 -0.30
v 62.80 67.00 -0.31
v 62.60 67.00 -0.31
v 62.60 66.80 0.30
v 62.80 66.80 0.30
v 62.80 67.00 0.29
v 62.60 67.00 0.29
v 212.00 66.60 0.99
v 212.80 66.60 0.99
v 212.80 66.80 0.99
v 212.00 66.80 0.99
v 212.00 66.60 1.59
v 212.80 66.60 1.59
v 212.80 66.80 1.59
v 212.00 66.80 1.59
v 209.60 66.60 1.01
v 209.80 66.60 1.01
v 209.80 66.80 1.00
v 209.60 66.80 1.00
v 209.60 66.60 1.61
v 209.80 66.60 1.61
v 209.80 66.80 1.60
v 209.60 66.80 1.60
v 212.20 66.40 0.99
v 212.60 66.40 0.99
v 212.60 66.60 0.99
v 212.20 66.60 0.99
v 212.20 66.40 1.59
v 212.60 66.40 1.59
v 212.60 66.60 1.59
v 212.20 66.60 1.59
v 211.40 66.40 1.00
v 211.80 66.40 0.99
v 211.80 66.60 0.99
v 211.40 66.60 1.00
v 211.40 66.40 1.60
v 211.80 66.40 1.59
v 211.80 66.60 1.59
v 211.40 66.60 1.60
v 210.00 66.40 1.01
v 210.20 66.40 1.01
v 210.20 66.60 1.00
v 210.00 66.60 1.00
v 210.00 66.40 1.61
v 210.20 66.40 1.61
v 210.20 66.60 1.60
v 210.00 66.60 1.60
v 211.60 66.20 1.00
v 211.80 66.20 1.00
v 211.80 66.40 0.99
v 211.60 66.40 1.00
v 211.60 66.20 1.60
v 211.80 66.20 1.60
v 211.80 66.40 1.59
v 211.60 66.40 1.60
v 212.00 66.20 1.00
v 212.40 66.20 0.99
v 212.40 66.40 0.99
v 212.00 66.40 0.99
v 212.00 66.20 1.60
v 212.40 66.20 1.59
v 212.40 66.40 1.59
v 212.00 66.40 1.59
v 212.60 66.20 0.99
v 212.80 66.20 0.99
v 212.80 66.40 0.99
v 212.60 66.40 0.99
v 212.60 66.20 1.59
v 212.80 66.20 1.59
v 212.80 66.40 1.59
v 212.60 66.40 1.59
v 212.20 66.00 1.00
v 212.40 66.00 1.00
v 212.40 66.20 0.99
v 212.20 66.20 0.99
v 212.20 66.00 1.60
v 212.40 66.00 1.60
v 212.40 66.20 1.59
v 212.20 66.20 1.59
v 212.40 65.80 1.00
v 212.80 65.80 1.00
v 212.80 66.00 1.00
v 212.40 66.00 1.00
v 212.40 65.80 1.60
v 212.80 65.80 1.60
v 212.80 66.00 1.60
v 212.40 66.00 1.60
v 213.20 65.60 1.00
v 213.60 65.60 1.00
v 213.60 66.00 1.00
v 213.20 66.00 1.00
v 213.20 65.60 1.60
v 213.60 65.60 1.60
v 213.60 66.00 1.60
v 213.20 66.00 1.60
v 212.60 65.40 1.00
v 213.00 65.40 1.00
v 213.00 65.60 1.00
v 212.60 65.60 1.00
v 212.60 65.40 1.60
v 213.00 65.40 1.60
v 213.00 65.60 1.60
v 212.60 65.60 1.60
v 213.40 65.40 1.00
v 213.80 65.40 1.00
v 213.80 65.60 1.00
v 213.40 65.60 1.00
v 213.40 65.40 1.60
v 213.80 65.40 1.60
v 213.80 65.60 1.60
v 213.40 65.60 1.60
v 74.00 65.40 0.01
v 74.20 65.40 0.01
v 74.20 65.60 0.00
v 74.00 65.60 -0.00
v 74.00 65.40 0.61
v 74.20 65.40 0.61
v 74.20 65.60 0.60
v 74.00 65.60 0.60
v 213.00 65.20 1.00
v 213.40 65.20 1.00
v 213.40 65.40 1.00
v 213.00 65.40 1.00
v 213.00 65.20 1.60
v 213.40 65.20 1.60
v 213.40 65.40 1.60
v 213.00 65.40 1.60
v 213.60 65.20 1.00
v 213.80 65.20 1.00
v 213.80 65.40 1.00
v 213.60 65.40 1.00
v 213.60 65.20 1.60
v 213.80 65.20 1.60
v 213.80 65.40 1.60
v 213.60 65.40 1.60
v 212.60 65.20 1.01
v 212.80 65.20 1.00
v 212.80 65.40 1.00
v 212.60 65.40 1.00
v 212.60 65.20 1.61
v 212.80 65.20 1.60
v 212.80 65.40 1.60
v 212.60 65.40 1.60
v 212.80 65.00 1.01
v 213.20 65.00 1.00
v 213.20 65.20 1.00
v 212.80 65.20 1.00
v 212.80 65.00 1.61
v 213.20 65.00 1.60
v 213.20 65.20 1.60
v 212.80 65.20 1.60
v 213.40 64.80 1.00
v 213.80 64.80 1.00
v 213.80 65.20 1.00
v 213.40 65.20 1.00
v 213.40 64.80 1.60
v 213.80 64.80 1.60
v 213.80 65.20 1.60
v 213.40 65.20 1.60
v 212.80 64.40 1.01
v 213.00 64.40 1.01
v 213.00 64.60 1.01
v 212.80 64.60 1.01
v 212.80 64.40 1.61
v 213.00 64.40 1.61
v 213.00 64.60 1.61
v 212.80 64.60 1.61
v 212.80 64.20 1.02
v 213.40 64.20 1.01
v 213.40 64.40 1.01
v 212.80 64.40 1.01
v 212.80 64.20 1.62
v 213.40 64.20 1.61
v 213.40 64.40 1.61
v 212.80 64.40 1.61
v 212.60 64.00 1.02
v 213.20 64.00 1.02
v 213.20 64.20 1.01
v 212.60 64.20 1.02
v 212.60 64.00 1.62
v 213.20 64.00 1.62
v 213.20 64.20 1.61
v 212.60 64.20 1.62
v 212.80 63.80 1.02
v 213.20 63.80 1.02
v 213.20 64.00 1.02
v 212.80 64.00 1.02
v 212.80 63.80 1.62
v 213.20 63.80 1.62
v 213.20 64.00 1.62
v 212.80 64.00 1.62
v 77.20 61.00 0.27
v 77.40 61.00 0.27
v 77.40 61.20 0.26
v 77.20 61.20 0.26
v 77.20 61.00 0.87
v 77.40 61.00 0.87
v 77.40 61.20 0.86
v 77.20 61.20 0.86
v 78.00 60.40 0.32
v 78.20 60.40 0.32
v 78.20 60.80 0.30
v 78.00 60.80 0.30
v 78.00 60.40 0.92
v 78.20 60.40 0.92
v 78.20 60.80 0.90
v 78.00 60.80 0.90
v 88.60 60.00 0.58
v 89.00 60.00 0.59
v 89.00 60.20 0.58
v 88.60 60.20 0.58
v 88.60 60.00 1.18
v 89.00 60.00 1.19
v 89.00 60.20 1.18
v 88.60 60.20 1.18
v 87.60 59.60 0.58
v 87.80 59.60 0.58
v 87.80 60.20 0.56
v 87.60 60.20 0.56
v 87.60 59.60 1.18
v 87.80 59.60 1.18
v 87.80 60.20 1.16
v 87.60 60.20 1.16
v 88.40 59.60 0.59
v 89.00 59.60 0.60
v 89.00 59.80 0.60
v 88.40 59.80 0.59
v 88.40 59.60 1.19
v 89.00 59.60 1.20
v 89.00 59.80 1.20
v 88.40 59.80 1.19
v 71.60 59.40 0.19
v 71.80 59.40 0.19
v 71.80 59.60 0.19
v 71.60 59.60 0.18
v 71.60 59.40 0.79
v 71.80 59.40 0.79
v 71.80 59.60 0.79
v 71.60 59.60 0.78
v 88.60 59.20 0.61
v 89.20 59.20 0.62
v 89.20 59.60 0.61
v 88.60 59.60 0.60
v 88.60 59.20 1.21
v 89.20 59.20 1.22
v 89.20 59.60 1.21
v 88.60 59.60 1.20
v 88.00 59.00 0.61
v 88.20 59.00 0.61
v 88.20 59.20 0.61
v 88.00 59.20 0.60
v 88.00 59.00 1.21
v 88.20 59.00 1.21
v 88.20 59.20 1.21
v 88.00 59.20 1.20
v 71.80 59.00 0.20
v 72.00 59.00 0.21
v 72.00 59.20 0.20
v 71.80 59.20 0.20
v 71.80 59.00 0.80
v 72.00 59.00 0.81
v 72.00 59.20 0.80
v 71.80 59.20 0.80
v 78.80 59.00 0.39
v 79.20 59.00 0.40
v 79.20 59.20 0.39
v 78.80 59.20 0.38
v 78.80 59.00 0.99
v 79.20 59.00 1.00
v 79.20 59.20 0.99
v 78.80 59.20 0.98
v 88.20 58.80 0.62
v 88.40 58.80 0.62
v 88.40 59.00 0.62
v 88.20 59.00 0.61
v 88.20 58.80 1.22
v 88.40 58.80 1.22
v 88.40 59.00 1.22
v 88.20 59.00 1.21
v 72.60 58.80 0.23
v 72.80 58.80 0.24
v 72.80 59.00 0.23
v 72.60 59.00 0.23
v 72.60 58.80 0.83
v 72.80 58.80 0.84
v 72.80 59.00 0.83
v 72.60 59.00 0.83
v 72.00 58.80 0.22
v 72.20 58.80 0.22
v 72.20 59.00 0.22
v 72.00 59.00 0.21
v 72.00 58.80 0.82
v 72.20 58.80 0.82
v 72.20 59.00 0.82
v 72.00 59.00 0.81
v 69.80 58.60 0.16
v 70.00 58.60 0.17
v 70.00 58.80 0.16
v 69.80 58.80 0.16
v 69.80 58.60 0.76
v 70.00 58.60 0.77
v 70.00 58.80 0.76
v 69.80 58.80 0.76
v 72.40 58.60 0.24
v 73.20 58.60 0.26
v 73.20 58.80 0.25
v 72.40 58.80 0.23
v 72.40 58.60 0.84
v 73.20 58.60 0.86
v 73.20 58.80 0.85
v 72.40 58.80 0.83
v 72.40 58.40 0.24
v 73.00 58.40 0.26
v 73.00 58.60 0.25
v 72.40 58.60 0.24
v 72.40 58.40 0.84
v 73.00 58.40 0.86
v 73.00 58.60 0.85
v 72.40 58.60 0.84
v 70.00 58.40 0.17
v 70.20 58.40 0.18
v 70.20 58.60 0.17
v 70.00 58.60 0.17
v 70.00 58.40 0.77
v 70.20 58.40 0.78
v 70.20 58.60 0.77
v 70.00 58.60 0.77
v 73.20 58.20 0.27
v 73.40 58.20 0.28
v 73.40 58.60 0.27
v 73.20 58.60 0.26
v 73.20 58.20 0.87
v 73.40 58.20 0.88
v 73.40 58.60 0.87
v 73.20 58.60 0.86
v 87.20 58.20 0.62
v 87.40 58.20 0.63
v 87.40 58.40 0.62
v 87.20 58.40 0.62
v 87.20 58.20 1.22
v 87.40 58.20 1.23
v 87.40 58.40 1.22
v 87.20 58.40 1.22
v 73.60 58.20 0.28
v 73.80 58.20 0.29
v 73.80 58.40 0.28
v 73.60 58.40 0.28
v 73.60 58.20 0.88
v 73.80 58.20 0.89
v 73.80 58.40 0.88
v 73.60 58.40 0.88
v 87.00 57.80 0.63
v 87.20 57.80 0.64
v 87.20 58.20 0.62
v 87.00 58.20 0.62
v 87.00 57.80 1.23
v 87.20 57.80 1.24
v 87.20 58.20 1.22
v 87.00 58.20 1.22
v 52.40 57.80 -0.35
v 52.60 57.80 -0.35
v 52.60 58.00 -0.35
v 52.40 58.00 -0.36
v 52.40 57.80 0.25
v 52.60 57.80 0.25
v 52.60 58.00 0.25
v 52.40 58.00 0.24
v 51.80 57.60 -0.37
v 52.60 57.60 -0.34
v 52.60 57.80 -0.35
v 51.80 57.80 -0.37
v 51.80 57.60 0.23
v 52.60 57.60 0.26
v 52.60 57.80 0.25
v 51.80 57.80 0.23
v 86.60 57.40 0.64
v 87.00 57.40 0.65
v 87.00 57.60 0.64
v 86.60 57.60 0.63
v 86.60 57.40 1.24
v 87.00 57.40 1.25
v 87.00 57.60 1.24
v 86.60 57.60 1.23
v 52.00 57.40 -0.36
v 52.60 57.40 -0.34
v 52.60 57.60 -0.34
v 52.00 57.60 -0.36
v 52.00 57.40 0.24
v 52.60 57.40 0.26
v 52.60 57.60 0.26
v 52.00 57.60 0.24
v 86.20 57.20 0.64
v 86.80 57.20 0.65
v 86.80 57.40 0.64
v 86.20 57.40 0.63
v 86.20 57.20 1.24
v 86.80 57.20 1.25
v 86.80 57.40 1.24
v 86.20 57.40 1.23
v 85.80 57.00 0.64
v 86.00 57.00 0.64
v 86.00 57.20 0.63
v 85.80 57.20 0.63
v 85.80 57.00 1.24
v 86.00 57.00 1.24
v 86.00 57.20 1.23
v 85.80 57.20 1.23
v 86.20 57.00 0.64
v 86.60 57.00 0.65
v 86.60 57.20 0.65
v 86.20 57.20 0.64
v 86.20 57.00 1.24
v 86.60 57.00 1.25
v 86.60 57.20 1.25
v 86.20 57.20 1.24
v 85.40 56.80 0.64
v 86.20 56.80 0.65
v 86.20 57.00 0.64
v 85.40 57.00 0.63
v 85.40 56.80 1.24
v 86.20 56.80 1.25
v 86.20 57.00 1.24
v 85.40 57.00 1.23
v 86.40 56.80 0.65
v 86.60 56.80 0.66
v 86.60 57.00 0.65
v 86.40 57.00 0.65
v 86.40 56.80 1.25
v 86.60 56.80 1.26
v 86.60 57.00 1.25
v 86.40 57.00 1.25
v 84.00 56.60 0.62
v 84.40 56.60 0.63
v 84.40 57.00 0.61
v 84.00 57.00 0.60
v 84.00 56.60 1.22
v 84.40 56.60 1.23
v 84.40 57.00 1.21
v 84.00 57.00 1.20
v 85.40 56.60 0.64
v 86.60 56.60 0.66
v 86.60 56.80 0.66
v 85.40 56.80 0.64
v 85.40 56.60 1.24
v 86.60 56.60 1.26
v 86.60 56.80 1.26
v 85.40 56.80 1.24
v 84.00 56.40 0.63
v 84.60 56.40 0.63
v 84.60 56.60 0.63
v 84.00 56.60 0.62
v 84.00 56.40 1.23
v 84.60 56.40 1.23
v 84.60 56.60 1.23
v 84.00 56.60 1.22
v 85.40 56.40 0.65
v 86.40 56.40 0.67
v 86.40 56.60 0.66
v 85.40 56.60 0.64
v 85.40 56.40 1.25
v 86.40 56.40 1.27
v 86.40 56.60 1.26
v 85.40 56.60 1.24
v 84.60 56.20 0.64
v 85.00 56.20 0.65
v 85.00 56.40 0.64
v 84.60 56.40 0.63
v 84.60 56.20 1.24
v 85.00 56.20 1.25
v 85.00 56.40 1.24
v 84.60 56.40 1.23
v 85.40 56.20 0.65
v 85.80 56.20 0.66
v 85.80 56.40 0.65
v 85.40 56.40 0.65
v 85.40 56.20 1.25
v 85.80 56.20 1.26
v 85.80 56.40 1.25
v 85.40 56.40 1.25
v 84.20 56.00 0.64
v 85.80 56.00 0.67
v 85.80 56.20 0.66
v 84.20 56.20 0.64
v 84.20 56.00 1.24
v 85.80 56.00 1.27
v 85.80 56.20 1.26
v 84.20 56.20 1.24
v 84.40 55.80 0.65
v 85.80 55.80 0.67
v 85.80 56.00 0.67
v 84.40 56.00 0.65
v 84.40 55.80 1.25
v 85.80 55.80 1.27
v 85.80 56.00 1.27
v 84.40 56.00 1.25
v 84.60 55.60 0.66
v 85.40 55.60 0.67
v 85.40 55.80 0.67
v 84.60 55.80 0.65
v 84.60 55.60 1.26
v 85.40 55.60 1.27
v 85.40 55.80 1.27
v 84.60 55.80 1.25
v 76.60 55.40 0.46
v 76.80 55.40 0.47
v 76.80 55.80 0.46
v 76.60 55.80 0.45
v 76.60 55.40 1.06
v 76.80 55.40 1.07
v 76.80 55.80 1.06
v 76.60 55.80 1.05
v 50.20 55.40 -0.38
v 50.40 55.40 -0.38
v 50.40 55.60 -0.38
v 50.20 55.60 -0.39
v 50.20 55.40 0.22
v 50.40 55.40 0.22
v 50.40 55.60 0.22
v 50.20 55.60 0.21
v 76.20 55.40 0.45
v 76.40 55.40 0.46
v 76.40 55.60 0.45
v 76.20 55.60 0.44
v 76.20 55.40 1.05
v 76.40 55.40 1.06
v 76.40 55.60 1.05
v 76.20 55.60 1.04
v 75.60 55.00 0.44
v 75.80 55.00 0.45
v 75.80 55.20 0.44
v 75.60 55.20 0.43
v 75.60 55.00 1.04
v 75.80 55.00 1.05
v 75.80 55.20 1.04
v 75.60 55.20 1.03
v 76.00 54.60 0.46
v 76.20 54.60 0.47
v 76.20 55.00 0.46
v 76.00 55.00 0.45
v 76.00 54.60 1.06
v 76.20 54.60 1.07
v 76.20 55.00 1.06
v 76.00 55.00 1.05
v 75.80 54.40 0.46
v 76.20 54.40 0.47
v 76.20 54.60 0.47
v 75.80 54.60 0.45
v 75.80 54.40 1.06
v 76.20 54.40 1.07
v 76.20 54.60 1.07
v 75.80 54.60 1.05
v 75.80 54.00 0.47
v 76.00 54.00 0.47
v 76.00 54.40 0.47
v 75.80 54.40 0.46
v 75.80 54.00 1.07
v 76.00 54.00 1.07
v 76.00 54.40 1.07
v 75.80 54.40 1.06
v 75.60 53.80 0.47
v 75.80 53.80 0.47
v 75.80 54.00 0.47
v 75.60 54.00 0.46
v 75.60 53.80 1.07
v 75.80 53.80 1.07
v 75.80 54.00 1.07
v 75.60 54.00 1.06
v 80.60 53.40 0.64
v 80.80 53.40 0.65
v 80.80 53.60 0.65
v 80.60 53.60 0.64
v 80.60 53.40 1.24
v 80.80 53.40 1.25
v 80.80 53.60 1.25
v 80.60 53.60 1.24
v 80.20 53.20 0.63
v 81.20 53.20 0.66
v 81.20 53.40 0.66
v 80.20 53.40 0.63
v 80.20 53.20 1.23
v 81.20 53.20 1.26
v 81.20 53.40 1.26
v 80.20 53.40 1.23
v 81.00 53.00 0.66
v 81.40 53.00 0.67
v 81.40 53.20 0.67
v 81.00 53.20 0.66
v 81.00 53.00 1.26
v 81.40 53.00 1.27
v 81.40 53.20 1.27
v 81.00 53.20 1.26
v 81.20 52.80 0.67
v 81.60 52.80 0.68
v 81.60 53.00 0.68
v 81.20 53.00 0.67
v 81.20 52.80 1.27
v 81.60 52.80 1.28
v 81.60 53.00 1.28
v 81.20 53.00 1.27
v 80.80 52.60 0.66
v 81.40 52.60 0.68
v 81.40 52.80 0.67
v 80.80 52.80 0.66
v 80.80 52.60 1.26
v 81.40 52.60 1.28
v 81.40 52.80 1.27
v 80.80 52.80 1.26
v 80.60 52.40 0.66
v 81.20 52.40 0.67
v 81.20 52.60 0.67
v 80.60 52.60 0.65
v 80.60 52.40 1.26
v 81.20 52.40 1.27
v 81.20 52.60 1.27
v 80.60 52.60 1.25
v 81.00 50.80 0.69
v 81.40 50.80 0.70
v 81.40 51.00 0.70
v 81.00 51.00 0.69
v 81.00 50.80 1.29
v 81.40 50.80 1.30
v 81.40 51.00 1.30
v 81.00 51.00 1.29
v 81.00 50.60 0.69
v 81.20 50.60 0.70
v 81.20 50.80 0.70
v 81.00 50.80 0.69
v 81.00 50.60 1.29
v 81.20 50.60 1.30
v 81.20 50.80 1.30
v 81.00 50.80 1.29
v 80.60 50.40 0.68
v 81.00 50.40 0.70
v 81.00 50.60 0.69
v 80.60 50.60 0.68
v 80.60 50.40 1.28
v 81.00 50.40 1.30
v 81.00 50.60 1.29
v 80.60 50.60 1.28
v 57.60 50.20 0.02
v 57.80 50.20 0.02
v 57.80 50.40 0.02
v 57.60 50.40 0.02
v 57.60 50.20 0.62
v 57.80 50.20 0.62
v 57.80 50.40 0.62
v 57.60 50.40 0.62
v 58.40 50.00 0.03
v 58.60 50.00 0.04
v 58.60 50.20 0.04
v 58.40 50.20 0.03
v 58.40 50.00 0.63
v 58.60 50.00 0.64
v 58.60 50.20 0.64
v 58.40 50.20 0.63
v 58.20 49.80 0.03
v 58.60 49.80 0.04
v 58.60 50.00 0.04
v 58.20 50.00 0.03
v 58.20 49.80 0.63
v 58.60 49.80 0.64
v 58.60 50.00 0.64
v 58.20 50.00 0.63
v 59.20 49.60 0.06
v 59.40 49.60 0.06
v 59.40 50.00 0.06
v 59.20 50.00 0.05
v 59.20 49.60 0.66
v 59.40 49.60 0.66
v 59.40 50.00 0.66
v 59.20 50.00 0.65
v 57.80 49.60 0.03
v 58.40 49.60 0.04
v 58.40 49.80 0.04
v 57.80 49.80 0.03
v 57.80 49.60 0.63
v 58.40 49.60 0.64
v 58.40 49.80 0.64
v 57.80 49.80 0.63
v 54.00 49.40 -0.11
v 54.40 49.40 -0.09
v 54.40 49.60 -0.09
v 54.00 49.60 -0.11
v 54.00 49.40 0.49
v 54.40 49.40 0.51
v 54.40 49.60 0.51
v 54.00 49.60 0.49
v 59.20 49.40 0.06
v 59.80 49.40 0.07
v 59.80 49.60 0.07
v 59.20 49.60 0.06
v 59.20 49.40 0.66
v 59.80 49.40 0.67
v 59.80 49.60 0.67
v 59.20 49.60 0.66
v 58.00 49.40 0.03
v 58.40 49.40 0.04
v 58.40 49.60 0.04
v 58.00 49.60 0.03
v 58.00 49.40 0.63
v 58.40 49.40 0.64
v 58.40 49.60 0.64
v 58.00 49.60 0.63
v 54.20 49.20 -0.10
v 54.40 49.20 -0.09
v 54.40 49.40 -0.09
v 54.20 49.40 -0.10
v 54.20 49.20 0.50
v 54.40 49.20 0.51
v 54.40 49.40 0.51
v 54.20 49.40 0.50
v 59.40 49.20 0.06
v 59.60 49.20 0.07
v 59.60 49.40 0.07
v 59.40 49.40 0.06
v 59.40 49.20 0.66
v 59.60 49.20 0.67
v 59.60 49.40 0.67
v 59.40 49.40 0.66
v 58.20 49.00 0.04
v 58.40 49.00 0.04
v 58.40 49.40 0.04
v 58.20 49.40 0.03
v 58.20 49.00 0.64
v 58.40 49.00 0.64
v 58.40 49.40 0.64
v 58.20 49.40 0.63
v 59.00 49.00 0.06
v 59.20 49.00 0.06
v 59.20 49.20 0.06
v 59.00 49.20 0.05
v 59.00 49.00 0.66
v 59.20 49.00 0.66
v 59.20 49.20 0.66
v 59.00 49.20 0.65
v 59.00 48.80 0.06
v 59.40 48.80 0.07
v 59.40 49.00 0.07
v 59.00 49.00 0.06
v 59.00 48.80 0.66
v 59.40 48.80 0.67
v 59.40 49.00 0.67
v 59.00 49.00 0.66
v 58.80 48.60 0.05
v 59.20 48.60 0.06
v 59.20 48.80 0.06
v 58.80 48.80 0.05
v 58.80 48.60 0.65
v 59.20 48.60 0.66
v 59.20 48.80 0.66
v 58.80 48.80 0.65
v 85.60 46.40 0.89
v 85.80 46.40 0.89
v 85.80 46.60 0.89
v 85.60 46.60 0.88
v 85.60 46.40 1.49
v 85.80 46.40 1.49
v 85.80 46.60 1.49
v 85.60 46.60 1.48
v 86.00 46.40 0.90
v 86.20 46.40 0.90
v 86.20 46.60 0.90
v 86.00 46.60 0.90
v 86.00 46.40 1.50
v 86.20 46.40 1.50
v 86.20 46.60 1.50
v 86.00 46.60 1.50
v 100.00 46.40 1.10
v 100.20 46.40 1.10
v 100.20 46.60 1.10
v 100.00 46.60 1.10
v 100.00 46.40 1.70
v 100.20 46.40 1.70
v 100.20 46.60 1.70
v 100.00 46.60 1.70
v 85.60 46.20 0.89
v 86.20 46.20 0.91
v 86.20 46.40 0.90
v 85.60 46.40 0.89
v 85.60 46.20 1.49
v 86.20 46.20 1.51
v 86.20 46.40 1.50
v 85.60 46.40 1.49
v 99.80 46.20 1.10
v 100.00 46.20 1.10
v 100.00 46.40 1.10
v 99.80 46.40 1.10
v 99.80 46.20 1.70
v 100.00 46.20 1.70
v 100.00 46.40 1.70
v 99.80 46.40 1.70
v 85.60 45.80 0.89
v 85.80 45.80 0.90
v 85.80 46.20 0.89
v 85.60 46.20 0.89
v 85.60 45.80 1.49
v 85.80 45.80 1.50
v 85.80 46.20 1.49
v 85.60 46.20 1.49
v 205.20 40.00 1.36
v 205.40 40.00 1.36
v 205.40 40.20 1.36
v 205.20 40.20 1.36
v 205.20 40.00 1.96
v 205.40 40.00 1.96
v 205.40 40.20 1.96
v 205.20 40.20 1.96
v 205.00 39.80 1.36
v 205.20 39.80 1.36
v 205.20 40.00 1.36
v 205.00 40.00 1.36
v 205.00 39.80 1.96
v 205.20 39.80 1.96
v 205.20 40.00 1.96
v 205.00 40.00 1.96
v 77.60 39.60 0.64
v 78.00 39.60 0.65
v 78.00 39.80 0.66
v 77.60 39.80 0.64
v 77.60 39.60 1.24
v 78.00 39.60 1.25
v 78.00 39.80 1.26
v 77.60 39.80 1.24
v 77.40 39.40 0.63
v 78.00 39.40 0.65
v 78.00 39.60 0.65
v 77.40 39.60 0.63
v 77.40 39.40 1.23
v 78.00 39.40 1.25
v 78.00 39.60 1.25
v 77.40 39.60 1.23
v 77.60 39.00 0.64
v 78.00 39.00 0.65
v 78.00 39.40 0.65
v 77.60 39.40 0.64
v 77.60 39.00 1.24
v 78.00 39.00 1.25
v 78.00 39.40 1.25
v 77.60 39.40 1.24
v 170.80 27.80 1.21
v 171.20 27.80 1.22
v 171.20 28.00 1.22
v 170.80 28.00 1.21
v 170.80 27.80 1.81
v 171.20 27.80 1.82
v 171.20 28.00 1.82
v 170.80 28.00 1.81
v 170.60 27.60 1.21
v 171.20 27.60 1.22
v 171.20 27.80 1.22
v 170.60 27.80 1.21
v 170.60 27.60 1.81
v 171.20 27.60 1.82
v 171.20 27.80 1.82
v 170.60 27.80 1.81
v 170.60 27.40 1.21
v 170.80 27.40 1.22
v 170.80 27.60 1.21
v 170.60 27.60 1.21
v 170.60 27.40 1.81
v 170.80 27.40 1.82
v 170.80 27.60 1.81
v 170.60 27.60 1.81
v 169.60 27.00 2.30
v 170.20 27.00 2.30
v 170.20 27.20 2.30
v 169.60 27.20 1.20
v 169.60 27.00 2.30
v 170.20 27.00 2.30
v 170.20 27.20 2.30
v 169.60 27.20 2.30
v 169.60 26.80 1.21
v 169.80 26.80 1.21
v 169.80 27.00 1.21
v 169.60 27.00 1.21
v 169.60 26.80 2.31
v 169.80 26.80 2.31
v 169.80 27.00 2.31
v 169.60 27.00 2.31
v 158.00 17.00 2.29
v 158.40 17.00 2.29
v 158.40 17.40 1.19
v 158.00 17.40 1.19
v 158.00 17.00 2.29
v 158.40 17.00 2.29
v 158.40 17.40 2.29
v 158.00 17.40 2.29
v 156.20 15.60 1.19
v 156.80 15.60 1.19
v 156.80 15.80 1.19
v 156.20 15.80 1.19
v 156.20 15.60 2.29
v 156.80 15.60 2.29
v 156.80 15.80 2.29
v 156.20 15.80 2.29
v 156.00 15.40 1.18
v 156.60 15.40 2.28
v 156.60 15.60 2.28
v 156.00 15.60 1.18
v 156.00 15.40 2.28
v 156.60 15.40 2.28
v 156.60 15.60 2.28
v 156.00 15.60 2.28
v 155.80 15.20 1.18
v 156.20 15.20 2.28
v 156.20 15.40 2.28
v 155.80 15.40 1.18
v 155.80 15.20 2.28
v 156.20 15.20 2.28
v 156.20 15.40 2.28
v 155.80 15.40 2.28
v 155.60 15.00 1.18
v 156.00 15.00 2.28
v 156.00 15.20 1.18
v 155.60 15.20 1.18
v 155.60 15.00 2.28
v 156.00 15.00 2.28
v 156.00 15.20 2.28
v 155.60 15.20 2.28
v 155.40 14.80 1.18
v 155.80 14.80 1.18
v 155.80 15.00 1.18
v 155.40 15.00 1.18
v 155.40 14.80 2.28
v 155.80 14.80 2.28
v 155.80 15.00 2.28
v 155.40 15.00 2.28
v 155.20 14.60 1.18
v 155.60 14.60 1.18
v 155.60 14.80 1.18
v 155.20 14.80 1.18
v 155.20 14.60 2.28
v 155.60 14.60 2.28
v 155.60 14.80 2.28
v 155.20 14.80 2.28
v 155.00 14.40 1.18
v 155.40 14.40 1.18
v 155.40 14.60 1.18
v 155.00 14.60 1.18
v 155.00 14.40 2.28
v 155.40 14.40 2.28
v 155.40 14.60 2.28
v 155.00 14.60 2.28
v 154.60 14.20 1.18
v 155.20 14.20 1.18
v 155.20 14.40 1.18
v 154.60 14.40 1.18
v 154.60 14.20 2.28
v 155.20 14.20 2.28
v 155.20 14.40 2.28
v 154.60 14.40 2.28
v 154.40 14.00 1.18
v 154.80 14.00 1.18
v 154.80 14.20 1.18
v 154.40 14.20 1.18
v 154.40 14.00 2.28
v 154.80 14.00 2.28
v 154.80 14.20 2.28
v 154.40 14.20 2.28
v 154.20 13.80 1.18
v 154.60 13.80 1.18
v 154.60 14.00 1.18
v 154.20 14.00 1.18
v 154.20 13.80 2.28
v 154.60 13.80 2.28
v 154.60 14.00 2.28
v 154.20 14.00 2.28
v 154.20 13.60 1.18
v 154.40 13.60 1.18
v 154.40 13.80 1.18
v 154.20 13.80 1.18
v 154.20 13.60 2.28
v 154.40 13.60 2.28
v 154.40 13.80 2.28
v 154.20 13.80 2.28
v 154.00 13.40 1.18
v 154.20 13.40 1.18
v 154.20 13.60 1.18
v 154.00 13.60 1.18
v 154.00 13.40 2.28
v 154.20 13.40 2.28
v 154.20 13.60 2.28
v 154.00 13.60 2.28
v 152.20 10.20 1.16
v 152.80 10.20 1.17
v 152.80 10.40 1.17
v 152.20 10.40 1.16
v 152.20 10.20 1.76
v 152.80 10.20 1.77
v 152.80 10.40 1.77
v 152.20 10.40 1.76
v 151.60 10.00 1.16
v 152.00 10.00 1.16
v 152.00 10.20 1.16
v 151.60 10.20 1.16
v 151.60 10.00 1.76
v 152.00 10.00 1.76
v 152.00 10.20 1.76
v 151.60 10.20 1.76
v 152.40 9.80 1.16
v 152.80 9.80 1.16
v 152.80 10.20 1.17
v 152.40 10.20 1.16
v 152.40 9.80 1.76
v 152.80 9.80 1.76
v 152.80 10.20 1.77
v 152.40 10.20 1.76
v 152.60 9.60 1.16
v 152.80 9.60 1.16
v 152.80 9.80 1.16
v 152.60 9.80 1.16
v 152.60 9.60 1.76
v 152.80 9.60 1.76
v 152.80 9.80 1.76
v 152.60 9.80 1.76
v 151.80 9.40 1.16
v 152.40 9.40 1.16
v 152.40 9.80 1.16
v 151.80 9.80 1.16
v 151.80 9.40 1.76
v 152.40 9.40 1.76
v 152.40 9.80 1.76
v 151.80 9.80 1.76
v 152.20 9.20 1.16
v 153.20 9.20 1.16
v 153.20 9.40 1.16
v 152.20 9.40 1.16
v 152.20 9.20 1.76
v 153.20 9.20 1.76
v 153.20 9.40 1.76
v 152.20 9.40 1.76
v 152.40 9.00 1.16
v 153.00 9.00 1.16
v 153.00 9.20 1.16
v 152.40 9.20 1.16
v 152.40 9.00 1.76
v 153.00 9.00 1.76
v 153.00 9.20 1.76
v 152.40 9.20 1.76
v 153.60 8.80 1.16
v 153.80 8.80 1.16
v 153.80 9.00 1.16
v 153.60 9.00 1.16
v 153.60 8.80 1.76
v 153.80 8.80 1.76
v 153.80 9.00 1.76
v 153.60 9.00 1.76
v 152.60 8.80 1.16
v 153.00 8.80 1.16
v 153.00 9.00 1.16
v 152.60 9.00 1.16
v 152.60 8.80 1.76
v 153.00 8.80 1.76
v 153.00 9.00 1.76
v 152.60 9.00 1.76
v 154.00 8.60 1.16
v 154.20 8.60 1.16
v 154.20 8.80 1.16
v 154.00 8.80 1.16
v 154.00 8.60 1.76
v 154.20 8.60 1.76
v 154.20 8.80 1.76
v 154.00 8.80 1.76
v 153.20 8.60 1.16
v 153.60 8.60 1.16
v 153.60 8.80 1.16
v 153.20 8.80 1.16
v 153.20 8.60 1.76
v 153.60 8.60 1.76
v 153.60 8.80 1.76
v 153.20 8.80 1.76
v 153.20 8.40 1.16
v 154.00 8.40 1.16
v 154.00 8.60 1.16
v 153.20 8.60 1.16
v 153.20 8.40 1.76
v 154.00 8.40 1.76
v 154.00 8.60 1.76
v 153.20 8.60 1.76
v 153.60 8.20 1.16
v 154.00 8.20 1.16
v 154.00 8.40 1.16
v 153.60 8.40 1.16
v 153.60 8.20 1.76
v 154.00 8.20 1.76
v 154.00 8.40 1.76
v 153.60 8.40 1.76
v 157.00 -0.40 1.16
v 157.40 -0.40 1.16
v 157.40 -0.20 1.16
v 157.00 -0.20 1.16
v 157.00 -0.40 1.76
v 157.40 -0.40 1.76
v 157.40 -0.20 1.76
v 157.00 -0.20 1.76
v 156.80 -0.60 1.16
v 157.20 -0.60 1.16
v 157.20 -0.40 1.16
v 156.80 -0.40 1.16
v 156.80 -0.60 1.76
v 157.20 -0.60 1.76
v 157.20 -0.40 1.76
v 156.80 -0.40 1.76
v 156.80 -0.80 1.16
v 157.00 -0.80 1.16
v 157.00 -0.60 1.16
v 156.80 -0.60 1.16
v 156.80 -0.80 1.76
v 157.00 -0.80 1.76
v 157.00 -0.60 1.76
v 156.80 -0.60 1.76
v 135.60 -8.40 1.07
v 135.80 -8.40 1.08
v 135.80 -8.20 1.08
v 135.60 -8.20 1.08
v 135.60 -8.40 1.67
v 135.80 -8.40 1.68
v 135.80 -8.20 1.68
v 135.60 -8.20 1.68
v 90.20 -12.80 0.28
v 90.40 -12.80 0.28
v 90.40 -12.60 0.29
v 90.20 -12.60 0.28
v 90.20 -12.80 0.88
v 90.40 -12.80 0.88
v 90.40 -12.60 0.89
v 90.20 -12.60 0.88
v 81.60 -19.80 -0.07
v 81.80 -19.80 -0.07
v 81.80 -19.40 -0.06
v 81.60 -19.40 -0.07
v 81.60 -19.80 0.53
v 81.80 -19.80 0.53
v 81.80 -19.40 0.54
v 81.60 -19.40 0.53
v 81.40 -20.00 -0.08
v 82.00 -20.00 -0.06
v 82.00 -19.80 -0.06
v 81.40 -19.80 -0.08
v 81.40 -20.00 0.52
v 82.00 -20.00 0.54
v 82.00 -19.80 0.54
v 81.40 -19.80 0.52
v 81.60 -20.20 -0.08
v 82.00 -20.20 -0.07
v 82.00 -20.00 -0.06
v 81.60 -20.00 -0.08
v 81.60 -20.20 0.52
v 82.00 -20.20 0.53
v 82.00 -20.00 0.54
v 81.60 -20.00 0.52
v 82.00 -20.60 -0.08
v 82.20 -20.60 -0.07
v 82.20 -20.20 -0.06
v 82.00 -20.20 -0.07
v 82.00 -20.60 0.52
v 82.20 -20.60 0.53
v 82.20 -20.20 0.54
v 82.00 -20.20 0.53
v 82.40 -21.00 -0.07
v 82.60 -21.00 -0.06
v 82.60 -20.80 -0.06
v 82.40 -20.80 -0.07
v 82.40 -21.00 0.53
v 82.60 -21.00 0.54
v 82.60 -20.80 0.54
v 82.40 -20.80 0.53
v 59.00 -22.60 -0.75
v 59.20 -22.60 -0.74
v 59.20 -22.40 -0.74
v 59.00 -22.40 -0.75
v 59.00 -22.60 -0.15
v 59.20 -22.60 -0.14
v 59.20 -22.40 -0.14
v 59.00 -22.40 -0.15
v 58.80 -22.80 -0.75
v 59.40 -22.80 -0.74
v 59.40 -22.60 -0.74
v 58.80 -22.60 -0.75
v 58.80 -22.80 -0.15
v 59.40 -22.80 -0.14
v 59.40 -22.60 -0.14
v 58.80 -22.60 -0.15
v 59.00 -23.00 -0.75
v 59.80 -23.00 -0.73
v 59.80 -22.80 -0.73
v 59.00 -22.80 -0.75
v 59.00 -23.00 -0.15
v 59.80 -23.00 -0.13
v 59.80 -22.80 -0.13
v 59.00 -22.80 -0.15
v 59.20 -23.20 -0.74
v 59.80 -23.20 -0.73
v 59.80 -23.00 -0.73
v 59.20 -23.00 -0.74
v 59.20 -23.20 -0.14
v 59.80 -23.20 -0.13
v 59.80 -23.00 -0.13
v 59.20 -23.00 -0.14
vn 0 0 1
vn 0 -1 0
vn 1 0 0
vn 0 1 0
vn -1 0 0
f 5//1 6//1 7//1
f 5//1 7//1 8//1
f 1//2 2//2 6//2
f 1//2 6//2 5//2
f 2//3 3//3 7//3
f 2//3 7//3 6//3
f 3//4 4//4 8//4
f 3//4 8//4 7//4
f 4//5 1//5 5//5
f 4//5 5//5 8//5
f 13//1 14//1 15//1
f 13//1 15//1 16//1
f 9//2 10//2 14//2
f 9//2 14//2 13//2
f 10//3 11//3 15//3
f 10//3 15//3 14//3
f 11//4 12//4 16//4
f 11//4 16//4 15//4
f 12//5 9//5 13//5
f 12//5 13//5 16//5
f 21//1 22//1 23//1
f 21//1 23//1 24//1
f 17//2 18//2 22//2
f 17//2 22//2 21//2
f 18//3 19//3 23//3
f 18//3 23//3 22//3
f 19//4 20//4 24//4
f 19//4 24//4 23//4
f 20//5 17//5 21//5
f 20//5 21//5 24//5
f 29//1 30//1 31//1
f 29//1 31//1 32//1
f 25//2 26//2 30//2
f 25//2 30//2 29//2
f 26//3 27//3 31//3
f 26//3 31//3 30//3
f 27//4 28//4 32//4
f 27//4 32//4 31//4
f 28//5 25//5 29//5
f 28//5 29//5 32//5
f 37//1 38//1 39//1
f 37//1 39//1 40//1
f 33//2 34//2 38//2
f 33//2 38//2 37//2
f 34//3 35//3 39//3
f 34//3 39//3 38//3
f 35//4 36//4 40//4
f 35//4 40//4 39//4
f 36//5 33//5 37//5
f 36//5 37//5 40//5
f 45//1 46//1 47//1
f 45//1 47//1 48//1
f 41//2 42//2 46//2
f 41//2 46//2 45//2
f 42//3 43//3 47//3
f 42//3 47//3 46//3
f 43//4 44//4 48//4
f 43//4 48//4 47//4
f 44//5 41//5 45//5
f 44//5 45//5 48//5
f 53//1 54//1 55//1
f 53//1 55//1 56//1
f 49//2 50//2 54//2
f 49//2 54//2 53//2
f 50//3 51//3 55//3
f 50//3 55//3 54//3
f 51//4 52//4 56//4
f 51//4 56//4 55//4
f 52//5 49//5 53//5
f 52//5 53//5 56//5
f 61//1 62//1 63//1
f 61//1 63//1 64//1
f 57//2 58//2 62//2
f 57//2 62//2 61//2
f 58//3 59//3 63//3
f 58//3 63//3 62//3
f 59//4 60//4 64//4
f 59//4 64//4 63//4
f 60//5 57//5 61//5
f 60//5 61//5 64//5
f 69//1 70//1 71//1
f 69//1 71//1 72//1
f 65//2 66//2 70//2
f 65//2 70//2 69//2
f 66//3 67//3 71//3
f 66//3 71//3 70//3
f 67//4 68//4 72//4
f 67//4 72//4 71//4
f 68//5 65//5 69//5
f 68//5 69//5 72//5
f 77//1 78//1 79//1
f 77//1 79//1 80//1
f 73//2 74//2 78//2
f 73//2 78//2 77//2
f 74//3 75//3 79//3
f 74//3 79//3 78//3
f 75//4 76//4 80//4
f 75//4 80//4 79//4
f 76//5 73//5 77//5
f 76//5 77//5 80//5
f 85//1 86//1 87//1
f 85//1 87//1 88//1
f 81//2 82//2 86//2
f 81//2 86//2 85//2
f 82//3 83//3 87//3
f 82//3 87//3 86//3
f 83//4 84//4 88//4
f 83//4 88//4 87//4
f 84//5 81//5 85//5
f 84//5 85//5 88//5
f 93//1 94//1 95//1
f 93//1 95//1 96//1
f 89//2 90//2 94//2
f 89//2 94//2 93//2
f 90//3 91//3 95//3
f 90//3 95//3 94//3
f 91//4 92//4 96//4
f 91//4 96//4 95//4
f 92//5 89//5 93//5
f 92//5 93//5 96//5
f 101//1 102//1 103//1
f 101//1 103//1 104//1
f 97//2 98//2 102//2
f 97//2 102//2 101//2
f 98//3 99//3 103//3
f 98//3 103//3 102//3
f 99//4 100//4 104//4
f 99//4 104//4 103//4
f 100//5 97//5 101//5
f 100//5 101//5 104//5
f 109//1 110//1 111//1
f 109//1 111//1 112//1
f 105//2 106//2 110//2
f 105//2 110//2 109//2
f 106//3 107//3 111//3
f 106//3 111//3 110//3
f 107//4 108//4 112//4
f 107//4 112//4 111//4
f 108//5 105//5 109//5
f 108//5 109//5 112//5
f 117//1 118//1 119//1
f 117//1 119//1 120//1
f 113//2 114//2 118//2
f 113//2 118//2 117//2
f 114//3 115//3 119//3
f 114//3 119//3 118//3
f 115//4 116//4 120//4
f 115//4 120//4 119//4
f 116//5 113//5 117//5
f 116//5 117//5 120//5
f 125//1 126//1 127//1
f 125//1 127//1 128//1
f 121//2 122//2 126//2
f 121//2 126//2 125//2
f 122//3 123//3 127//3
f 122//3 127//3 126//3
f 123//4 124//4 128//4
f 123//4 128//4 127//4
f 124//5 121//5 125//5
f 124//5 125//5 128//5
f 133//1 134//1 135//1
f 133//1 135//1 136//1
f 129//2 130//2 134//2
f 129//2 134//2 133//2
f 130//3 131//3 135//3
f 130//3 135//3 134//3
f 131//4 132//4 136//4
f 131//4 136//4 135//4
f 132//5 129//5 133//5
f 132//5 133//5 136//5
f 141//1 142//1 143//1
f 141//1 143//1 144//1
f 137//2 138//2 142//2
f 137//2 142//2 141//2
f 138//3 139//3 143//3
f 138//3 143//3 142//3
f 139//4 140//4 144//4
f 139//4 144//4 143//4
f 140//5 137//5 141//5
f 140//5 141//5 144//5
f 149//1 150//1 151//1
f 149//1 151//1 152//1
f 145//2 146//2 150//2
f 145//2 150//2 149//2
f 146//3 147//3 151//3
f 146//3 151//3 150//3
f 147//4 148//4 152//4
f 147//4 152//4 151//4
f 148//5 145//5 149//5
f 148//5 149//5 152//5
f 157//1 158//1 159//1
f 157//1 159//1 160//1
f 153//2 154//2 158//2
f 153//2 158//2 157//2
f 154//3 155//3 159//3
f 154//3 159//3 158//3
f 155//4 156//4 160//4
f 155//4 160//4 159//4
f 156//5 153//5 157//5
f 156//5 157//5 160//5
f 165//1 166//1 167//1
f 165//1 167//1 168//1
f 161//2 162//2 166//2
f 161//2 166//2 165//2
f 162//3 163//3 167//3
f 162//3 167//3 166//3
f 163//4 164//4 168//4
f 163//4 168//4 167//4
f 164//5 161//5 165//5
f 164//5 165//5 168//5
f 173//1 174//1 175//1
f 173//1 175//1 176//1
f 169//2 170//2 174//2
f 169//2 174//2 173//2
f 170//3 171//3 175//3
f 170//3 175//3 174//3
f 171//4 172//4 176//4
f 171//4 176//4 175//4
f 172//5 169//5 173//5
f 172//5 173//5 176//5
f 181//1 182//1 183//1
f 181//1 183//1 184//1
f 177//2 178//2 182//2
f 177//2 182//2 181//2
f 178//3 179//3 183//3
f 178//3 183//3 182//3
f 179//4 180//4 184//4
f 179//4 184//4 183//4
f 180//5 177//5 181//5
f 180//5 181//5 184//5
f 189//1 190//1 191//1
f 189//1 191//1 192//1
f 185//2 186//2 190//2
f 185//2 190//2 189//2
f 186//3 187//3 191//3
f 186//3 191//3 190//3
f 187//4 188//4 192//4
f 187//4 192//4 191//4
f 188//5 185//5 189//5
f 188//5 189//5 192//5
f 197//1 198//1 199//1
f 197//1 199//1 200//1
f 193//2 194//2 198//2
f 193//2 198//2 197//2
f 194//3 195//3 199//3
f 194//3 199//3 198//3
f 195//4 196//4 200//4
f 195//4 200//4 199//4
f 196//5 193//5 197//5
f 196//5 197//5 200//5
f 205//1 206//1 207//1
f 205//1 207//1 208//1
f 201//2 202//2 206//2
f 201//2 206//2 205//2
f 202//3 203//3 207//3
f 202//3 207//3 206//3
f 203//4 204//4 208//4
f 203//4 208//4 207//4
f 204//5 201//5 205//5
f 204//5 205//5 208//5
f 213//1 214//1 215//1
f 213//1 215//1 216//1
f 209//2 210//2 214//2
f 209//2 214//2 213//2
f 210//3 211//3 215//3
f 210//3 215//3 214//3
f 211//4 212//4 216//4
f 211//4 216//4 215//4
f 212//5 209//5 213//5
f 212//5 213//5 216//5
f 221//1 222//1 223//1
f 221//1 223//1 224//1
f 217//2 218//2 222//2
f 217//2 222//2 221//2
f 218//3 219//3 223//3
f 218//3 223//3 222//3
f 219//4 220//4 224//4
f 219//4 224//4 223//4
f 220//5 217//5 221//5
f 220//5 221//5 224//5
f 229//1 230//1 231//1
f 229//1 231//1 232//1
f 225//2 226//2 230//2
f 225//2 230//2 229//2
f 226//3 227//3 231//3
f 226//3 231//3 230//3
f 227//4 228//4 232//4
f 227//4 232//4 231//4
f 228//5 225//5 229//5
f 228//5 229//5 232//5
f 237//1 238//1 239//1
f 237//1 239//1 240//1
f 233//2 234//2 238//2
f 233//2 238//2 237//2
f 234//3 235//3 239//3
f 234//3 239//3 238//3
f 235//4 236//4 240//4
f 235//4 240//4 239//4
f 236//5 233//5 237//5
f 236//5 237//5 240//5
f 245//1 246//1 247//1
f 245//1 247//1 248//1
f 241//2 242//2 246//2
f 241//2 246//2 245//2
f 242//3 243//3 247//3
f 242//3 247//3 246//3
f 243//4 244//4 248//4
f 243//4 248//4 247//4
f 244//5 241//5 245//5
f 244//5 245//5 248//5
f 253//1 254//1 255//1
f 253//1 255//1 256//1
f 249//2 250//2 254//2
f 249//2 254//2 253//2
f 250//3 251//3 255//3
f 250//3 255//3 254//3
f 251//4 252//4 256//4
f 251//4 256//4 255//4
f 252//5 249//5 253//5
f 252//5 253//5 256//5
f 261//1 262//1 263//1
f 261//1 263//1 264//1
f 257//2 258//2 262//2
f 257//2 262//2 261//2
f 258//3 259//3 263//3
f 258//3 263//3 262//3
f 259//4 260//4 264//4
f 259//4 264//4 263//4
f 260//5 257//5 261//5
f 260//5 261//5 264//5
f 269//1 270//1 271//1
f 269//1 271//1 272//1
f 265//2 266//2 270//2
f 265//2 270//2 269//2
f 266//3 267//3 271//3
f 266//3 271//3 270//3
f 267//4 268//4 272//4
f 267//4 272//4 271//4
f 268//5 265//5 269//5
f 268//5 269//5 272//5
f 277//1 278//1 279//1
f 277//1 279//1 280//1
f 273//2 274//2 278//2
f 273//2 278//2 277//2
f 274//3 275//3 279//3
f 274//3 279//3 278//3
f 275//4 276//4 280//4
f 275//4 280//4 279//4
f 276//5 273//5 277//5
f 276//5 277//5 280//5
f 285//1 286//1 287//1
f 285//1 287//1 288//1
f 281//2 282//2 286//2
f 281//2 286//2 285//2
f 282//3 283//3 287//3
f 282//3 287//3 286//3
f 283//4 284//4 288//4
f 283//4 288//4 287//4
f 284//5 281//5 285//5
f 284//5 285//5 288//5
f 293//1 294//1 295//1
f 293//1 295//1 296//1
f 289//2 290//2 294//2
f 289//2 294//2 293//2
f 290//3 291//3 295//3
f 290//3 295//3 294//3
f 291//4 292//4 296//4
f 291//4 296//4 295//4
f 292//5 289//5 293//5
f 292//5 293//5 296//5
f 301//1 302//1 303//1
f 301//1 303//1 304//1
f 297//2 298//2 302//2
f 297//2 302//2 301//2
f 298//3 299//3 303//3
f 298//3 303//3 302//3
f 299//4 300//4 304//4
f 299//4 304//4 303//4
f 300//5 297//5 301//5
f 300//5 301//5 304//5
f 309//1 310//1 311//1
f 309//1 311//1 312//1
f 305//2 306//2 310//2
f 305//2 310//2 309//2
f 306//3 307//3 311//3
f 306//3 311//3 310//3
f 307//4 308//4 312//4
f 307//4 312//4 311//4
f 308//5 305//5 309//5
f 308//5 309//5 312//5
f 317//1 318//1 319//1
f 317//1 319//1 320//1
f 313//2 314//2 318//2
f 313//2 318//2 317//2
f 314//3 315//3 319//3
f 314//3 319//3 318//3
f 315//4 316//4 320//4
f 315//4 320//4 319//4
f 316//5 313//5 317//5
f 316//5 317//5 320//5
f 325//1 326//1 327//1
f 325//1 327//1 328//1
f 321//2 322//2 326//2
f 321//2 326//2 325//2
f 322//3 323//3 327//3
f 322//3 327//3 326//3
f 323//4 324//4 328//4
f 323//4 328//4 327//4
f 324//5 321//5 325//5
f 324//5 325//5 328//5
f 333//1 334//1 335//1
f 333//1 335//1 336//1
f 329//2 330//2 334//2
f 329//2 334//2 333//2
f 330//3 331//3 335//3
f 330//3 335//3 334//3
f 331//4 332//4 336//4
f 331//4 336//4 335//4
f 332//5 329//5 333//5
f 332//5 333//5 336//5
f 341//1 342//1 343//1
f 341//1 343//1 344//1
f 337//2 338//2 342//2
f 337//2 342//2 341//2
f 338//3 339//3 343//3
f 338//3 343//3 342//3
f 339//4 340//4 344//4
f 339//4 344//4 343//4
f 340//5 337//5 341//5
f 340//5 341//5 344//5
f 349//1 350//1 351//1
f 349//1 351//1 352//1
f 345//2 346//2 350//2
f 345//2 350//2 349//2
f 346//3 347//3 351//3
f 346//3 351//3 350//3
f 347//4 348//4 352//4
f 347//4 352//4 351//4
f 348//5 345//5 349//5
f 348//5 349//5 352//5
f 357//1 358//1 359//1
f 357//1 359//1 360//1
f 353//2 354//2 358//2
f 353//2 358//2 357//2
f 354//3 355//3 359//3
f 354//3 359//3 358//3
f 355//4 356//4 360//4
f 355//4 360//4 359//4
f 356//5 353//5 357//5
f 356//5 357//5 360//5
f 365//1 366//1 367//1
f 365//1 367//1 368//1
f 361//2 362//2 366//2
f 361//2 366//2 365//2
f 362//3 363//3 367//3
f 362//3 367//3 366//3
f 363//4 364//4 368//4
f 363//4 368//4 367//4
f 364//5 361//5 365//5
f 364//5 365//5 368//5
f 373//1 374//1 375//1
f 373//1 375//1 376//1
f 369//2 370//2 374//2
f 369//2 374//2 373//2
f 370//3 371//3 375//3
f 370//3 375//3 374//3
f 371//4 372//4 376//4
f 371//4 376//4 375//4
f 372//5 369//5 373//5
f 372//5 373//5 376//5
f 381//1 382//1 383//1
f 381//1 383//1 384//1
f 377//2 378//2 382//2
f 377//2 382//2 381//2
f 378//3 379//3 383//3
f 378//3 383//3 382//3
f 379//4 380//4 384//4
f 379//4 384//4 383//4
f 380//5 377//5 381//5
f 380//5 381//5 384//5
f 389//1 390//1 391//1
f 389//1 391//1 392//1
f 385//2 386//2 390//2
f 385//2 390//2 389//2
f 386//3 387//3 391//3
f 386//3 391//3 390//3
f 387//4 388//4 392//4
f 387//4 392//4 391//4
f 388//5 385//5 389//5
f 388//5 389//5 392//5
f 397//1 398//1 399//1
f 397//1 399//1 400//1
f 393//2 394//2 398//2
f 393//2 398//2 397//2
f 394//3 395//3 399//3
f 394//3 399//3 398//3
f 395//4 396//4 400//4
f 395//4 400//4 399//4
f 396//5 393//5 397//5
f 396//5 397//5 400//5
f 405//1 406//1 407//1
f 405//1 407//1 408//1
f 401//2 402//2 406//2
f 401//2 406//2 405//2
f 402//3 403//3 407//3
f 402//3 407//3 406//3
f 403//4 404//4 408//4
f 403//4 408//4 407//4
f 404//5 401//5 405//5
f 404//5 405//5 408//5
f 413//1 414//1 415//1
f 413//1 415//1 416//1
f 409//2 410//2 414//2
f 409//2 414//2 413//2
f 410//3 411//3 415//3
f 410//3 415//3 414//3
f 411//4 412//4 416//4
f 411//4 416//4 415//4
f 412//5 409//5 413//5
f 412//5 413//5 416//5
f 421//1 422//1 423//1
f 421//1 423//1 424//1
f 417//2 418//2 422//2
f 417//2 422//2 421//2
f 418//3 419//3 423//3
f 418//3 423//3 422//3
f 419//4 420//4 424//4
f 419//4 424//4 423//4
f 420//5 417//5 421//5
f 420//5 421//5 424//5
f 429//1 430//1 431//1
f 429//1 431//1 432//1
f 425//2 426//2 430//2
f 425//2 430//2 429//2
f 426//3 427//3 431//3
f 426//3 431//3 430//3
f 427//4 428//4 432//4
f 427//4 432//4 431//4
f 428//5 425//5 429//5
f 428//5 429//5 432//5
f 437//1 438//1 439//1
f 437//1 439//1 440//1
f 433//2 434//2 438//2
f 433//2 438//2 437//2
f 434//3 435//3 439//3
f 434//3 439//3 438//3
f 435//4 436//4 440//4
f 435//4 440//4 439//4
f 436//5 433//5 437//5
f 436//5 437//5 440//5
f 445//1 446//1 447//1
f 445//1 447//1 448//1
f 441//2 442//2 446//2
f 441//2 446//2 445//2
f 442//3 443//3 447//3
f 442//3 447//3 446//3
f 443//4 444//4 448//4
f 443//4 448//4 447//4
f 444//5 441//5 445//5
f 444//5 445//5 448//5
f 453//1 454//1 455//1
f 453//1 455//1 456//1
f 449//2 450//2 454//2
f 449//2 454//2 453//2
f 450//3 451//3 455//3
f 450//3 455//3 454//3
f 451//4 452//4 456//4
f 451//4 456//4 455//4
f 452//5 449//5 453//5
f 452//5 453//5 456//5
f 461//1 462//1 463//1
f 461//1 463//1 464//1
f 457//2 458//2 462//2
f 457//2 462//2 461//2
f 458//3 459//3 463//3
f 458//3 463//3 462//3
f 459//4 460//4 464//4
f 459//4 464//4 463//4
f 460//5 457//5 461//5
f 460//5 461//5 464//5
f 469//1 470//1 471//1
f 469//1 471//1 472//1
f 465//2 466//2 470//2
f 465//2 470//2 469//2
f 466//3 467//3 471//3
f 466//3 471//3 470//3
f 467//4 468//4 472//4
f 467//4 472//4 471//4
f 468//5 465//5 469//5
f 468//5 469//5 472//5
f 477//1 478//1 479//1
f 477//1 479//1 480//1
f 473//2 474//2 478//2
f 473//2 478//2 477//2
f 474//3 475//3 479//3
f 474//3 479//3 478//3
f 475//4 476//4 480//4
f 475//4 480//4 479//4
f 476//5 473//5 477//5
f 476//5 477//5 480//5
f 485//1 486//1 487//1
f 485//1 487//1 488//1
f 481//2 482//2 486//2
f 481//2 486//2 485//2
f 482//3 483//3 487//3
f 482//3 487//3 486//3
f 483//4 484//4 488//4
f 483//4 488//4 487//4
f 484//5 481//5 485//5
f 484//5 485//5 488//5
f 493//1 494//1 495//1
f 493//1 495//1 496//1
f 489//2 490//2 494//2
f 489//2 494//2 493//2
f 490//3 491//3 495//3
f 490//3 495//3 494//3
f 491//4 492//4 496//4
f 491//4 496//4 495//4
f 492//5 489//5 493//5
f 492//5 493//5 496//5
f 501//1 502//1 503//1
f 501//1 503//1 504//1
f 497//2 498//2 502//2
f 497//2 502//2 501//2
f 498//3 499//3 503//3
f 498//3 503//3 502//3
f 499//4 500//4 504//4
f 499//4 504//4 503//4
f 500//5 497//5 501//5
f 500//5 501//5 504//5
f 509//1 510//1 511//1
f 509//1 511//1 512//1
f 505//2 506//2 510//2
f 505//2 510//2 509//2
f 506//3 507//3 511//3
f 506//3 511//3 510//3
f 507//4 508//4 512//4
f 507//4 512//4 511//4
f 508//5 505//5 509//5
f 508//5 509//5 512//5
f 517//1 518//1 519//1
f 517//1 519//1 520//1
f 513//2 514//2 518//2
f 513//2 518//2 517//2
f 514//3 515//3 519//3
f 514//3 519//3 518//3
f 515//4 516//4 520//4
f 515//4 520//4 519//4
f 516//5 513//5 517//5
f 516//5 517//5 520//5
f 525//1 526//1 527//1
f 525//1 527//1 528//1
f 521//2 522//2 526//2
f 521//2 526//2 525//2
f 522//3 523//3 527//3
f 522//3 527//3 526//3
f 523//4 524//4 528//4
f 523//4 528//4 527//4
f 524//5 521//5 525//5
f 524//5 525//5 528//5
f 533//1 534//1 535//1
f 533//1 535//1 536//1
f 529//2 530//2 534//2
f 529//2 534//2 533//2
f 530//3 531//3 535//3
f 530//3 535//3 534//3
f 531//4 532//4 536//4
f 531//4 536//4 535//4
f 532//5 529//5 533//5
f 532//5 533//5 536//5
f 541//1 542//1 543//1
f 541//1 543//1 544//1
f 537//2 538//2 542//2
f 537//2 542//2 541//2
f 538//3 539//3 543//3
f 538//3 543//3 542//3
f 539//4 540//4 544//4
f 539//4 544//4 543//4
f 540//5 537//5 541//5
f 540//5 541//5 544//5
f 549//1 550//1 551//1
f 549//1 551//1 552//1
f 545//2 546//2 550//2
f 545//2 550//2 549//2
f 546//3 547//3 551//3
f 546//3 551//3 550//3
f 547//4 548//4 552//4
f 547//4 552//4 551//4
f 548//5 545//5 549//5
f 548//5 549//5 552//5
f 557//1 558//1 559//1
f 557//1 559//1 560//1
f 553//2 554//2 558//2
f 553//2 558//2 557//2
f 554//3 555//3 559//3
f 554//3 559//3 558//3
f 555//4 556//4 560//4
f 555//4 560//4 559//4
f 556//5 553//5 557//5
f 556//5 557//5 560//5
f 565//1 566//1 567//1
f 565//1 567//1 568//1
f 561//2 562//2 566//2
f 561//2 566//2 565//2
f 562//3 563//3 567//3
f 562//3 567//3 566//3
f 563//4 564//4 568//4
f 563//4 568//4 567//4
f 564//5 561//5 565//5
f 564//5 565//5 568//5
f 573//1 574//1 575//1
f 573//1 575//1 576//1
f 569//2 570//2 574//2
f 569//2 574//2 573//2
f 570//3 571//3 575//3
f 570//3 575//3 574//3
f 571//4 572//4 576//4
f 571//4 576//4 575//4
f 572//5 569//5 573//5
f 572//5 573//5 576//5
f 581//1 582//1 583//1
f 581//1 583//1 584//1
f 577//2 578//2 582//2
f 577//2 582//2 581//2
f 578//3 579//3 583//3
f 578//3 583//3 582//3
f 579//4 580//4 584//4
f 579//4 584//4 583//4
f 580//5 577//5 581//5
f 580//5 581//5 584//5
f 589//1 590//1 591//1
f 589//1 591//1 592//1
f 585//2 586//2 590//2
f 585//2 590//2 589//2
f 586//3 587//3 591//3
f 586//3 591//3 590//3
f 587//4 588//4 592//4
f 587//4 592//4 591//4
f 588//5 585//5 589//5
f 588//5 589//5 592//5
f 597//1 598//1 599//1
f 597//1 599//1 600//1
f 593//2 594//2 598//2
f 593//2 598//2 597//2
f 594//3 595//3 599//3
f 594//3 599//3 598//3
f 595//4 596//4 600//4
f 595//4 600//4 599//4
f 596//5 593//5 597//5
f 596//5 597//5 600//5
f 605//1 606//1 607//1
f 605//1 607//1 608//1
f 601//2 602//2 606//2
f 601//2 606//2 605//2
f 602//3 603//3 607//3
f 602//3 607//3 606//3
f 603//4 604//4 608//4
f 603//4 608//4 607//4
f 604//5 601//5 605//5
f 604//5 605//5 608//5
f 613//1 614//1 615//1
f 613//1 615//1 616//1
f 609//2 610//2 614//2
f 609//2 614//2 613//2
f 610//3 611//3 615//3
f 610//3 615//3 614//3
f 611//4 612//4 616//4
f 611//4 616//4 615//4
f 612//5 609//5 613//5
f 612//5 613//5 616//5
f 621//1 622//1 623//1
f 621//1 623//1 624//1
f 617//2 618//2 622//2
f 617//2 622//2 621//2
f 618//3 619//3 623//3
f 618//3 623//3 622//3
f 619//4 620//4 624//4
f 619//4 624//4 623//4
f 620//5 617//5 621//5
f 620//5 621//5 624//5
f 629//1 630//1 631//1
f 629//1 631//1 632//1
f 625//2 626//2 630//2
f 625//2 630//2 629//2
f 626//3 627//3 631//3
f 626//3 631//3 630//3
f 627//4 628//4 632//4
f 627//4 632//4 631//4
f 628//5 625//5 629//5
f 628//5 629//5 632//5
f 637//1 638//1 639//1
f 637//1 639//1 640//1
f 633//2 634//2 638//2
f 633//2 638//2 637//2
f 634//3 635//3 639//3
f 634//3 639//3 638//3
f 635//4 636//4 640//4
f 635//4 640//4 639//4
f 636//5 633//5 637//5
f 636//5 637//5 640//5
f 645//1 646//1 647//1
f 645//1 647//1 648//1
f 641//2 642//2 646//2
f 641//2 646//2 645//2
f 642//3 643//3 647//3
f 642//3 647//3 646//3
f 643//4 644//4 648//4
f 643//4 648//4 647//4
f 644//5 641//5 645//5
f 644//5 645//5 648//5
f 653//1 654//1 655//1
f 653//1 655//1 656//1
f 649//2 650//2 654//2
f 649//2 654//2 653//2
f 650//3 651//3 655//3
f 650//3 655//3 654//3
f 651//4 652//4 656//4
f 651//4 656//4 655//4
f 652//5 649//5 653//5
f 652//5 653//5 656//5
f 661//1 662//1 663//1
f 661//1 663//1 664//1
f 657//2 658//2 662//2
f 657//2 662//2 661//2
f 658//3 659//3 663//3
f 658//3 663//3 662//3
f 659//4 660//4 664//4
f 659//4 664//4 663//4
f 660//5 657//5 661//5
f 660//5 661//5 664//5
f 669//1 670//1 671//1
f 669//1 671//1 672//1
f 665//2 666//2 670//2
f 665//2 670//2 669//2
f 666//3 667//3 671//3
f 666//3 671//3 670//3
f 667//4 668//4 672//4
f 667//4 672//4 671//4
f 668//5 665//5 669//5
f 668//5 669//5 672//5
f 677//1 678//1 679//1
f 677//1 679//1 680//1
f 673//2 674//2 678//2
f 673//2 678//2 677//2
f 674//3 675//3 679//3
f 674//3 679//3 678//3
f 675//4 676//4 680//4
f 675//4 680//4 679//4
f 676//5 673//5 677//5
f 676//5 677//5 680//5
f 685//1 686//1 687//1
f 685//1 687//1 688//1
f 681//2 682//2 686//2
f 681//2 686//2 685//2
f 682//3 683//3 687//3
f 682//3 687//3 686//3
f 683//4 684//4 688//4
f 683//4 688//4 687//4
f 684//5 681//5 685//5
f 684//5 685//5 688//5
f 693//1 694//1 695//1
f 693//1 695//1 696//1
f 689//2 690//2 694//2
f 689//2 694//2 693//2
f 690//3 691//3 695//3
f 690//3 695//3 694//3
f 691//4 692//4 696//4
f 691//4 696//4 695//4
f 692//5 689//5 693//5
f 692//5 693//5 696//5
f 701//1 702//1 703//1
f 701//1 703//1 704//1
f 697//2 698//2 702//2
f 697//2 702//2 701//2
f 698//3 699//3 703//3
f 698//3 703//3 702//3
f 699//4 700//4 704//4
f 699//4 704//4 703//4
f 700//5 697//5 701//5
f 700//5 701//5 704//5
f 709//1 710//1 711//1
f 709//1 711//1 712//1
f 705//2 706//2 710//2
f 705//2 710//2 709//2
f 706//3 707//3 711//3
f 706//3 711//3 710//3
f 707//4 708//4 712//4
f 707//4 712//4 711//4
f 708//5 705//5 709//5
f 708//5 709//5 712//5
f 717//1 718//1 719//1
f 717//1 719//1 720//1
f 713//2 714//2 718//2
f 713//2 718//2 717//2
f 714//3 715//3 719//3
f 714//3 719//3 718//3
f 715//4 716//4 720//4
f 715//4 720//4 719//4
f 716//5 713//5 717//5
f 716//5 717//5 720//5
f 725//1 726//1 727//1
f 725//1 727//1 728//1
f 721//2 722//2 726//2
f 721//2 726//2 725//2
f 722//3 723//3 727//3
f 722//3 727//3 726//3
f 723//4 724//4 728//4
f 723//4 728//4 727//4
f 724//5 721//5 725//5
f 724//5 725//5 728//5
f 733//1 734//1 735//1
f 733//1 735//1 736//1
f 729//2 730//2 734//2
f 729//2 734//2 733//2
f 730//3 731//3 735//3
f 730//3 735//3 734//3
f 731//4 732//4 736//4
f 731//4 736//4 735//4
f 732//5 729//5 733//5
f 732//5 733//5 736//5
f 741//1 742//1 743//1
f 741//1 743//1 744//1
f 737//2 738//2 742//2
f 737//2 742//2 741//2
f 738//3 739//3 743//3
f 738//3 743//3 742//3
f 739//4 740//4 744//4
f 739//4 744//4 743//4
f 740//5 737//5 741//5
f 740//5 741//5 744//5
f 749//1 750//1 751//1
f 749//1 751//1 752//1
f 745//2 746//2 750//2
f 745//2 750//2 749//2
f 746//3 747//3 751//3
f 746//3 751//3 750//3
f 747//4 748//4 752//4
f 747//4 752//4 751//4
f 748//5 745//5 749//5
f 748//5 749//5 752//5
f 757//1 758//1 759//1
f 757//1 759//1 760//1
f 753//2 754//2 758//2
f 753//2 758//2 757//2
f 754//3 755//3 759//3
f 754//3 759//3 758//3
f 755//4 756//4 760//4
f 755//4 760//4 759//4
f 756//5 753//5 757//5
f 756//5 757//5 760//5
f 765//1 766//1 767//1
f 765//1 767//1 768//1
f 761//2 762//2 766//2
f 761//2 766//2 765//2
f 762//3 763//3 767//3
f 762//3 767//3 766//3
f 763//4 764//4 768//4
f 763//4 768//4 767//4
f 764//5 761//5 765//5
f 764//5 765//5 768//5
f 773//1 774//1 775//1
f 773//1 775//1 776//1
f 769//2 770//2 774//2
f 769//2 774//2 773//2
f 770//3 771//3 775//3
f 770//3 775//3 774//3
f 771//4 772//4 776//4
f 771//4 776//4 775//4
f 772//5 769//5 773//5
f 772//5 773//5 776//5
f 781//1 782//1 783//1
f 781//1 783//1 784//1
f 777//2 778//2 782//2
f 777//2 782//2 781//2
f 778//3 779//3 783//3
f 778//3 783//3 782//3
f 779//4 780//4 784//4
f 779//4 784//4 783//4
f 780//5 777//5 781//5
f 780//5 781//5 784//5
f 789//1 790//1 791//1
f 789//1 791//1 792//1
f 785//2 786//2 790//2
f 785//2 790//2 789//2
f 786//3 787//3 791//3
f 786//3 791//3 790//3
f 787//4 788//4 792//4
f 787//4 792//4 791//4
f 788//5 785//5 789//5
f 788//5 789//5 792//5
f 797//1 798//1 799//1
f 797//1 799//1 800//1
f 793//2 794//2 798//2
f 793//2 798//2 797//2
f 794//3 795//3 799//3
f 794//3 799//3 798//3
f 795//4 796//4 800//4
f 795//4 800//4 799//4
f 796//5 793//5 797//5
f 796//5 797//5 800//5
f 805//1 806//1 807//1
f 805//1 807//1 808//1
f 801//2 802//2 806//2
f 801//2 806//2 805//2
f 802//3 803//3 807//3
f 802//3 807//3 806//3
f 803//4 804//4 808//4
f 803//4 808//4 807//4
f 804//5 801//5 805//5
f 804//5 805//5 808//5
f 813//1 814//1 815//1
f 813//1 815//1 816//1
f 809//2 810//2 814//2
f 809//2 814//2 813//2
f 810//3 811//3 815//3
f 810//3 815//3 814//3
f 811//4 812//4 816//4
f 811//4 816//4 815//4
f 812//5 809//5 813//5
f 812//5 813//5 816//5
f 821//1 822//1 823//1
f 821//1 823//1 824//1
f 817//2 818//2 822//2
f 817//2 822//2 821//2
f 818//3 819//3 823//3
f 818//3 823//3 822//3
f 819//4 820//4 824//4
f 819//4 824//4 823//4
f 820//5 817//5 821//5
f 820//5 821//5 824//5
f 829//1 830//1 831//1
f 829//1 831//1 832//1
f 825//2 826//2 830//2
f 825//2 830//2 829//2
f 826//3 827//3 831//3
f 826//3 831//3 830//3
f 827//4 828//4 832//4
f 827//4 832//4 831//4
f 828//5 825//5 829//5
f 828//5 829//5 832//5
f 837//1 838//1 839//1
f 837//1 839//1 840//1
f 833//2 834//2 838//2
f 833//2 838//2 837//2
f 834//3 835//3 839//3
f 834//3 839//3 838//3
f 835//4 836//4 840//4
f 835//4 840//4 839//4
f 836//5 833//5 837//5
f 836//5 837//5 840//5
f 845//1 846//1 847//1
f 845//1 847//1 848//1
f 841//2 842//2 846//2
f 841//2 846//2 845//2
f 842//3 843//3 847//3
f 842//3 847//3 846//3
f 843//4 844//4 848//4
f 843//4 848//4 847//4
f 844//5 841//5 845//5
f 844//5 845//5 848//5
f 853//1 854//1 855//1
f 853//1 855//1 856//1
f 849//2 850//2 854//2
f 849//2 854//2 853//2
f 850//3 851//3 855//3
f 850//3 855//3 854//3
f 851//4 852//4 856//4
f 851//4 856//4 855//4
f 852//5 849//5 853//5
f 852//5 853//5 856//5
f 861//1 862//1 863//1
f 861//1 863//1 864//1
f 857//2 858//2 862//2
f 857//2 862//2 861//2
f 858//3 859//3 863//3
f 858//3 863//3 862//3
f 859//4 860//4 864//4
f 859//4 864//4 863//4
f 860//5 857//5 861//5
f 860//5 861//5 864//5
f 869//1 870//1 871//1
f 869//1 871//1 872//1
f 865//2 866//2 870//2
f 865//2 870//2 869//2
f 866//3 867//3 871//3
f 866//3 871//3 870//3
f 867//4 868//4 872//4
f 867//4 872//4 871//4
f 868//5 865//5 869//5
f 868//5 869//5 872//5
f 877//1 878//1 879//1
f 877//1 879//1 880//1
f 873//2 874//2 878//2
f 873//2 878//2 877//2
f 874//3 875//3 879//3
f 874//3 879//3 878//3
f 875//4 876//4 880//4
f 875//4 880//4 879//4
f 876//5 873//5 877//5
f 876//5 877//5 880//5
f 885//1 886//1 887//1
f 885//1 887//1 888//1
f 881//2 882//2 886//2
f 881//2 886//2 885//2
f 882//3 883//3 887//3
f 882//3 887//3 886//3
f 883//4 884//4 888//4
f 883//4 888//4 887//4
f 884//5 881//5 885//5
f 884//5 885//5 888//5
f 893//1 894//1 895//1
f 893//1 895//1 896//1
f 889//2 890//2 894//2
f 889//2 894//2 893//2
f 890//3 891//3 895//3
f 890//3 895//3 894//3
f 891//4 892//4 896//4
f 891//4 896//4 895//4
f 892//5 889//5 893//5
f 892//5 893//5 896//5
f 901//1 902//1 903//1
f 901//1 903//1 904//1
f 897//2 898//2 902//2
f 897//2 902//2 901//2
f 898//3 899//3 903//3
f 898//3 903//3 902//3
f 899//4 900//4 904//4
f 899//4 904//4 903//4
f 900//5 897//5 901//5
f 900//5 901//5 904//5
f 909//1 910//1 911//1
f 909//1 911//1 912//1
f 905//2 906//2 910//2
f 905//2 910//2 909//2
f 906//3 907//3 911//3
f 906//3 911//3 910//3
f 907//4 908//4 912//4
f 907//4 912//4 911//4
f 908//5 905//5 909//5
f 908//5 909//5 912//5
f 917//1 918//1 919//1
f 917//1 919//1 920//1
f 913//2 914//2 918//2
f 913//2 918//2 917//2
f 914//3 915//3 919//3
f 914//3 919//3 918//3
f 915//4 916//4 920//4
f 915//4 920//4 919//4
f 916//5 913//5 917//5
f 916//5 917//5 920//5
f 925//1 926//1 927//1
f 925//1 927//1 928//1
f 921//2 922//2 926//2
f 921//2 926//2 925//2
f 922//3 923//3 927//3
f 922//3 927//3 926//3
f 923//4 924//4 928//4
f 923//4 928//4 927//4
f 924//5 921//5 925//5
f 924//5 925//5 928//5
f 933//1 934//1 935//1
f 933//1 935//1 936//1
f 929//2 930//2 934//2
f 929//2 934//2 933//2
f 930//3 931//3 935//3
f 930//3 935//3 934//3
f 931//4 932//4 936//4
f 931//4 936//4 935//4
f 932//5 929//5 933//5
f 932//5 933//5 936//5
f 941//1 942//1 943//1
f 941//1 943//1 944//1
f 937//2 938//2 942//2
f 937//2 942//2 941//2
f 938//3 939//3 943//3
f 938//3 943//3 942//3
f 939//4 940//4 944//4
f 939//4 944//4 943//4
f 940//5 937//5 941//5
f 940//5 941//5 944//5
f 949//1 950//1 951//1
f 949//1 951//1 952//1
f 945//2 946//2 950//2
f 945//2 950//2 949//2
f 946//3 947//3 951//3
f 946//3 951//3 950//3
f 947//4 948//4 952//4
f 947//4 952//4 951//4
f 948//5 945//5 949//5
f 948//5 949//5 952//5
f 957//1 958//1 959//1
f 957//1 959//1 960//1
f 953//2 954//2 958//2
f 953//2 958//2 957//2
f 954//3 955//3 959//3
f 954//3 959//3 958//3
f 955//4 956//4 960//4
f 955//4 960//4 959//4
f 956//5 953//5 957//5
f 956//5 957//5 960//5
f 965//1 966//1 967//1
f 965//1 967//1 968//1
f 961//2 962//2 966//2
f 961//2 966//2 965//2
f 962//3 963//3 967//3
f 962//3 967//3 966//3
f 963//4 964//4 968//4
f 963//4 968//4 967//4
f 964//5 961//5 965//5
f 964//5 965//5 968//5
f 973//1 974//1 975//1
f 973//1 975//1 976//1
f 969//2 970//2 974//2
f 969//2 974//2 973//2
f 970//3 971//3 975//3
f 970//3 975//3 974//3
f 971//4 972//4 976//4
f 971//4 976//4 975//4
f 972//5 969//5 973//5
f 972//5 973//5 976//5
f 981//1 982//1 983//1
f 981//1 983//1 984//1
f 977//2 978//2 982//2
f 977//2 982//2 981//2
f 978//3 979//3 983//3
f 978//3 983//3 982//3
f 979//4 980//4 984//4
f 979//4 984//4 983//4
f 980//5 977//5 981//5
f 980//5 981//5 984//5
f 989//1 990//1 991//1
f 989//1 991//1 992//1
f 985//2 986//2 990//2
f 985//2 990//2 989//2
f 986//3 987//3 991//3
f 986//3 991//3 990//3
f 987//4 988//4 992//4
f 987//4 992//4 991//4
f 988//5 985//5 989//5
f 988//5 989//5 992//5
f 997//1 998//1 999//1
f 997//1 999//1 1000//1
f 993//2 994//2 998//2
f 993//2 998//2 997//2
f 994//3 995//3 999//3
f 994//3 999//3 998//3
f 995//4 996//4 1000//4
f 995//4 1000//4 999//4
f 996//5 993//5 997//5
f 996//5 997//5 1000//5
f 1005//1 1006//1 1007//1
f 1005//1 1007//1 1008//1
f 1001//2 1002//2 1006//2
f 1001//2 1006//2 1005//2
f 1002//3 1003//3 1007//3
f 1002//3 1007//3 1006//3
f 1003//4 1004//4 1008//4
f 1003//4 1008//4 1007//4
f 1004//5 1001//5 1005//5
f 1004//5 1005//5 1008//5
f 1013//1 1014//1 1015//1
f 1013//1 1015//1 1016//1
f 1009//2 1010//2 1014//2
f 1009//2 1014//2 1013//2
f 1010//3 1011//3 1015//3
f 1010//3 1015//3 1014//3
f 1011//4 1012//4 1016//4
f 1011//4 1016//4 1015//4
f 1012//5 1009//5 1013//5
f 1012//5 1013//5 1016//5
f 1021//1 1022//1 1023//1
f 1021//1 1023//1 1024//1
f 1017//2 1018//2 1022//2
f 1017//2 1022//2 1021//2
f 1018//3 1019//3 1023//3
f 1018//3 1023//3 1022//3
f 1019//4 1020//4 1024//4
f 1019//4 1024//4 1023//4
f 1020//5 1017//5 1021//5
f 1020//5 1021//5 1024//5
f 1029//1 1030//1 1031//1
f 1029//1 1031//1 1032//1
f 1025//2 1026//2 1030//2
f 1025//2 1030//2 1029//2
f 1026//3 1027//3 1031//3
f 1026//3 1031//3 1030//3
f 1027//4 1028//4 1032//4
f 1027//4 1032//4 1031//4
f 1028//5 1025//5 1029//5
f 1028//5 1029//5 1032//5
f 1037//1 1038//1 1039//1
f 1037//1 1039//1 1040//1
f 1033//2 1034//2 1038//2
f 1033//2 1038//2 1037//2
f 1034//3 1035//3 1039//3
f 1034//3 1039//3 1038//3
f 1035//4 1036//4 1040//4
f 1035//4 1040//4 1039//4
f 1036//5 1033//5 1037//5
f 1036//5 1037//5 1040//5
f 1045//1 1046//1 1047//1
f 1045//1 1047//1 1048//1
f 1041//2 1042//2 1046//2
f 1041//2 1046//2 1045//2
f 1042//3 1043//3 1047//3
f 1042//3 1047//3 1046//3
f 1043//4 1044//4 1048//4
f 1043//4 1048//4 1047//4
f 1044//5 1041//5 1045//5
f 1044//5 1045//5 1048//5
f 1053//1 1054//1 1055//1
f 1053//1 1055//1 1056//1
f 1049//2 1050//2 1054//2
f 1049//2 1054//2 1053//2
f 1050//3 1051//3 1055//3
f 1050//3 1055//3 1054//3
f 1051//4 1052//4 1056//4
f 1051//4 1056//4 1055//4
f 1052//5 1049//5 1053//5
f 1052//5 1053//5 1056//5
f 1061//1 1062//1 1063//1
f 1061//1 1063//1 1064//1
f 1057//2 1058//2 1062//2
f 1057//2 1062//2 1061//2
f 1058//3 1059//3 1063//3
f 1058//3 1063//3 1062//3
f 1059//4 1060//4 1064//4
f 1059//4 1064//4 1063//4
f 1060//5 1057//5 1061//5
f 1060//5 1061//5 1064//5
f 1069//1 1070//1 1071//1
f 1069//1 1071//1 1072//1
f 1065//2 1066//2 1070//2
f 1065//2 1070//2 1069//2
f 1066//3 1067//3 1071//3
f 1066//3 1071//3 1070//3
f 1067//4 1068//4 1072//4
f 1067//4 1072//4 1071//4
f 1068//5 1065//5 1069//5
f 1068//5 1069//5 1072//5
f 1077//1 1078//1 1079//1
f 1077//1 1079//1 1080//1
f 1073//2 1074//2 1078//2
f 1073//2 1078//2 1077//2
f 1074//3 1075//3 1079//3
f 1074//3 1079//3 1078//3
f 1075//4 1076//4 1080//4
f 1075//4 1080//4 1079//4
f 1076//5 1073//5 1077//5
f 1076//5 1077//5 1080//5
f 1085//1 1086//1 1087//1
f 1085//1 1087//1 1088//1
f 1081//2 1082//2 1086//2
f 1081//2 1086//2 1085//2
f 1082//3 1083//3 1087//3
f 1082//3 1087//3 1086//3
f 1083//4 1084//4 1088//4
f 1083//4 1088//4 1087//4
f 1084//5 1081//5 1085//5
f 1084//5 1085//5 1088//5
f 1093//1 1094//1 1095//1
f 1093//1 1095//1 1096//1
f 1089//2 1090//2 1094//2
f 1089//2 1094//2 1093//2
f 1090//3 1091//3 1095//3
f 1090//3 1095//3 1094//3
f 1091//4 1092//4 1096//4
f 1091//4 1096//4 1095//4
f 1092//5 1089//5 1093//5
f 1092//5 1093//5 1096//5
f 1101//1 1102//1 1103//1
f 1101//1 1103//1 1104//1
f 1097//2 1098//2 1102//2
f 1097//2 1102//2 1101//2
f 1098//3 1099//3 1103//3
f 1098//3 1103//3 1102//3
f 1099//4 1100//4 1104//4
f 1099//4 1104//4 1103//4
f 1100//5 1097//5 1101//5
f 1100//5 1101//5 1104//5
f 1109//1 1110//1 1111//1
f 1109//1 1111//1 1112//1
f 1105//2 1106//2 1110//2
f 1105//2 1110//2 1109//2
f 1106//3 1107//3 1111//3
f 1106//3 1111//3 1110//3
f 1107//4 1108//4 1112//4
f 1107//4 1112//4 1111//4
f 1108//5 1105//5 1109//5
f 1108//5 1109//5 1112//5
f 1117//1 1118//1 1119//1
f 1117//1 1119//1 1120//1
f 1113//2 1114//2 1118//2
f 1113//2 1118//2 1117//2
f 1114//3 1115//3 1119//3
f 1114//3 1119//3 1118//3
f 1115//4 1116//4 1120//4
f 1115//4 1120//4 1119//4
f 1116//5 1113//5 1117//5
f 1116//5 1117//5 1120//5
f 1125//1 1126//1 1127//1
f 1125//1 1127//1 1128//1
f 1121//2 1122//2 1126//2
f 1121//2 1126//2 1125//2
f 1122//3 1123//3 1127//3
f 1122//3 1127//3 1126//3
f 1123//4 1124//4 1128//4
f 1123//4 1128//4 1127//4
f 1124//5 1121//5 1125//5
f 1124//5 1125//5 1128//5
f 1133//1 1134//1 1135//1
f 1133//1 1135//1 1136//1
f 1129//2 1130//2 1134//2
f 1129//2 1134//2 1133//2
f 1130//3 1131//3 1135//3
f 1130//3 1135//3 1134//3
f 1131//4 1132//4 1136//4
f 1131//4 1136//4 1135//4
f 1132//5 1129//5 1133//5
f 1132//5 1133//5 1136//5
f 1141//1 1142//1 1143//1
f 1141//1 1143//1 1144//1
f 1137//2 1138//2 1142//2
f 1137//2 1142//2 1141//2
f 1138//3 1139//3 1143//3
f 1138//3 1143//3 1142//3
f 1139//4 1140//4 1144//4
f 1139//4 1144//4 1143//4
f 1140//5 1137//5 1141//5
f 1140//5 1141//5 1144//5
f 1149//1 1150//1 1151//1
f 1149//1 1151//1 1152//1
f 1145//2 1146//2 1150//2
f 1145//2 1150//2 1149//2
f 1146//3 1147//3 1151//3
f 1146//3 1151//3 1150//3
f 1147//4 1148//4 1152//4
f 1147//4 1152//4 1151//4
f 1148//5 1145//5 1149//5
f 1148//5 1149//5 1152//5
f 1157//1 1158//1 1159//1
f 1157//1 1159//1 1160//1
f 1153//2 1154//2 1158//2
f 1153//2 1158//2 1157//2
f 1154//3 1155//3 1159//3
f 1154//3 1159//3 1158//3
f 1155//4 1156//4 1160//4
f 1155//4 1160//4 1159//4
f 1156//5 1153//5 1157//5
f 1156//5 1157//5 1160//5
f 1165//1 1166//1 1167//1
f 1165//1 1167//1 1168//1
f 1161//2 1162//2 1166//2
f 1161//2 1166//2 1165//2
f 1162//3 1163//3 1167//3
f 1162//3 1167//3 1166//3
f 1163//4 1164//4 1168//4
f 1163//4 1168//4 1167//4
f 1164//5 1161//5 1165//5
f 1164//5 1165//5 1168//5
f 1173//1 1174//1 1175//1
f 1173//1 1175//1 1176//1
f 1169//2 1170//2 1174//2
f 1169//2 1174//2 1173//2
f 1170//3 1171//3 1175//3
f 1170//3 1175//3 1174//3
f 1171//4 1172//4 1176//4
f 1171//4 1176//4 1175//4
f 1172//5 1169//5 1173//5
f 1172//5 1173//5 1176//5
f 1181//1 1182//1 1183//1
f 1181//1 1183//1 1184//1
f 1177//2 1178//2 1182//2
f 1177//2 1182//2 1181//2
f 1178//3 1179//3 1183//3
f 1178//3 1183//3 1182//3
f 1179//4 1180//4 1184//4
f 1179//4 1184//4 1183//4
f 1180//5 1177//5 1181//5
f 1180//5 1181//5 1184//5
f 1189//1 1190//1 1191//1
f 1189//1 1191//1 1192//1
f 1185//2 1186//2 1190//2
f 1185//2 1190//2 1189//2
f 1186//3 1187//3 1191//3
f 1186//3 1191//3 1190//3
f 1187//4 1188//4 1192//4
f 1187//4 1192//4 1191//4
f 1188//5 1185//5 1189//5
f 1188//5 1189//5 1192//5
f 1197//1 1198//1 1199//1
f 1197//1 1199//1 1200//1
f 1193//2 1194//2 1198//2
f 1193//2 1198//2 1197//2
f 1194//3 1195//3 1199//3
f 1194//3 1199//3 1198//3
f 1195//4 1196//4 1200//4
f 1195//4 1200//4 1199//4
f 1196//5 1193//5 1197//5
f 1196//5 1197//5 1200//5
f 1205//1 1206//1 1207//1
f 1205//1 1207//1 1208//1
f 1201//2 1202//2 1206//2
f 1201//2 1206//2 1205//2
f 1202//3 1203//3 1207//3
f 1202//3 1207//3 1206//3
f 1203//4 1204//4 1208//4
f 1203//4 1208//4 1207//4
f 1204//5 1201//5 1205//5
f 1204//5 1205//5 1208//5
f 1213//1 1214//1 1215//1
f 1213//1 1215//1 1216//1
f 1209//2 1210//2 1214//2
f 1209//2 1214//2 1213//2
f 1210//3 1211//3 1215//3
f 1210//3 1215//3 1214//3
f 1211//4 1212//4 1216//4
f 1211//4 1216//4 1215//4
f 1212//5 1209//5 1213//5
f 1212//5 1213//5 1216//5
f 1221//1 1222//1 1223//1
f 1221//1 1223//1 1224//1
f 1217//2 1218//2 1222//2
f 1217//2 1222//2 1221//2
f 1218//3 1219//3 1223//3
f 1218//3 1223//3 1222//3
f 1219//4 1220//4 1224//4
f 1219//4 1224//4 1223//4
f 1220//5 1217//5 1221//5
f 1220//5 1221//5 1224//5
f 1229//1 1230//1 1231//1
f 1229//1 1231//1 1232//1
f 1225//2 1226//2 1230//2
f 1225//2 1230//2 1229//2
f 1226//3 1227//3 1231//3
f 1226//3 1231//3 1230//3
f 1227//4 1228//4 1232//4
f 1227//4 1232//4 1231//4
f 1228//5 1225//5 1229//5
f 1228//5 1229//5 1232//5
f 1237//1 1238//1 1239//1
f 1237//1 1239//1 1240//1
f 1233//2 1234//2 1238//2
f 1233//2 1238//2 1237//2
f 1234//3 1235//3 1239//3
f 1234//3 1239//3 1238//3
f 1235//4 1236//4 1240//4
f 1235//4 1240//4 1239//4
f 1236//5 1233//5 1237//5
f 1236//5 1237//5 1240//5
f 1245//1 1246//1 1247//1
f 1245//1 1247//1 1248//1
f 1241//2 1242//2 1246//2
f 1241//2 1246//2 1245//2
f 1242//3 1243//3 1247//3
f 1242//3 1247//3 1246//3
f 1243//4 1244//4 1248//4
f 1243//4 1248//4 1247//4
f 1244//5 1241//5 1245//5
f 1244//5 1245//5 1248//5
f 1253//1 1254//1 1255//1
f 1253//1 1255//1 1256//1
f 1249//2 1250//2 1254//2
f 1249//2 1254//2 1253//2
f 1250//3 1251//3 1255//3
f 1250//3 1255//3 1254//3
f 1251//4 1252//4 1256//4
f 1251//4 1256//4 1255//4
f 1252//5 1249//5 1253//5
f 1252//5 1253//5 1256//5
f 1261//1 1262//1 1263//1
f 1261//1 1263//1 1264//1
f 1257//2 1258//2 1262//2
f 1257//2 1262//2 1261//2
f 1258//3 1259//3 1263//3
f 1258//3 1263//3 1262//3
f 1259//4 1260//4 1264//4
f 1259//4 1264//4 1263//4
f 1260//5 1257//5 1261//5
f 1260//5 1261//5 1264//5
f 1269//1 1270//1 1271//1
f 1269//1 1271//1 1272//1
f 1265//2 1266//2 1270//2
f 1265//2 1270//2 1269//2
f 1266//3 1267//3 1271//3
f 1266//3 1271//3 1270//3
f 1267//4 1268//4 1272//4
f 1267//4 1272//4 1271//4
f 1268//5 1265//5 1269//5
f 1268//5 1269//5 1272//5
f 1277//1 1278//1 1279//1
f 1277//1 1279//1 1280//1
f 1273//2 1274//2 1278//2
f 1273//2 1278//2 1277//2
f 1274//3 1275//3 1279//3
f 1274//3 1279//3 1278//3
f 1275//4 1276//4 1280//4
f 1275//4 1280//4 1279//4
f 1276//5 1273//5 1277//5
f 1276//5 1277//5 1280//5
f 1285//1 1286//1 1287//1
f 1285//1 1287//1 1288//1
f 1281//2 1282//2 1286//2
f 1281//2 1286//2 1285//2
f 1282//3 1283//3 1287//3
f 1282//3 1287//3 1286//3
f 1283//4 1284//4 1288//4
f 1283//4 1288//4 1287//4
f 1284//5 1281//5 1285//5
f 1284//5 1285//5 1288//5
f 1293//1 1294//1 1295//1
f 1293//1 1295//1 1296//1
f 1289//2 1290//2 1294//2
f 1289//2 1294//2 1293//2
f 1290//3 1291//3 1295//3
f 1290//3 1295//3 1294//3
f 1291//4 1292//4 1296//4
f 1291//4 1296//4 1295//4
f 1292//5 1289//5 1293//5
f 1292//5 1293//5 1296//5
f 1301//1 1302//1 1303//1
f 1301//1 1303//1 1304//1
f 1297//2 1298//2 1302//2
f 1297//2 1302//2 1301//2
f 1298//3 1299//3 1303//3
f 1298//3 1303//3 1302//3
f 1299//4 1300//4 1304//4
f 1299//4 1304//4 1303//4
f 1300//5 1297//5 1301//5
f 1300//5 1301//5 1304//5
f 1309//1 1310//1 1311//1
f 1309//1 1311//1 1312//1
f 1305//2 1306//2 1310//2
f 1305//2 1310//2 1309//2
f 1306//3 1307//3 1311//3
f 1306//3 1311//3 1310//3
f 1307//4 1308//4 1312//4
f 1307//4 1312//4 1311//4
f 1308//5 1305//5 1309//5
f 1308//5 1309//5 1312//5
f 1317//1 1318//1 1319//1
f 1317//1 1319//1 1320//1
f 1313//2 1314//2 1318//2
f 1313//2 1318//2 1317//2
f 1314//3 1315//3 1319//3
f 1314//3 1319//3 1318//3
f 1315//4 1316//4 1320//4
f 1315//4 1320//4 1319//4
f 1316//5 1313//5 1317//5
f 1316//5 1317//5 1320//5
f 1325//1 1326//1 1327//1
f 1325//1 1327//1 1328//1
f 1321//2 1322//2 1326//2
f 1321//2 1326//2 1325//2
f 1322//3 1323//3 1327//3
f 1322//3 1327//3 1326//3
f 1323//4 1324//4 1328//4
f 1323//4 1328//4 1327//4
f 1324//5 1321//5 1325//5
f 1324//5 1325//5 1328//5
f 1333//1 1334//1 1335//1
f 1333//1 1335//1 1336//1
f 1329//2 1330//2 1334//2
f 1329//2 1334//2 1333//2
f 1330//3 1331//3 1335//3
f 1330//3 1335//3 1334//3
f 1331//4 1332//4 1336//4
f 1331//4 1336//4 1335//4
f 1332//5 1329//5 1333//5
f 1332//5 1333//5 1336//5
f 1341//1 1342//1 1343//1
f 1341//1 1343//1 1344//1
f 1337//2 1338//2 1342//2
f 1337//2 1342//2 1341//2
f 1338//3 1339//3 1343//3
f 1338//3 1343//3 1342//3
f 1339//4 1340//4 1344//4
f 1339//4 1344//4 1343//4
f 1340//5 1337//5 1341//5
f 1340//5 1341//5 1344//5
f 1349//1 1350//1 1351//1
f 1349//1 1351//1 1352//1
f 1345//2 1346//2 1350//2
f 1345//2 1350//2 1349//2
f 1346//3 1347//3 1351//3
f 1346//3 1351//3 1350//3
f 1347//4 1348//4 1352//4
f 1347//4 1352//4 1351//4
f 1348//5 1345//5 1349//5
f 1348//5 1349//5 1352//5
f 1357//1 1358//1 1359//1
f 1357//1 1359//1 1360//1
f 1353//2 1354//2 1358//2
f 1353//2 1358//2 1357//2
f 1354//3 1355//3 1359//3
f 1354//3 1359//3 1358//3
f 1355//4 1356//4 1360//4
f 1355//4 1360//4 1359//4
f 1356//5 1353//5 1357//5
f 1356//5 1357//5 1360//5
f 1365//1 1366//1 1367//1
f 1365//1 1367//1 1368//1
f 1361//2 1362//2 1366//2
f 1361//2 1366//2 1365//2
f 1362//3 1363//3 1367//3
f 1362//3 1367//3 1366//3
f 1363//4 1364//4 1368//4
f 1363//4 1368//4 1367//4
f 1364//5 1361//5 1365//5
f 1364//5 1365//5 1368//5
f 1373//1 1374//1 1375//1
f 1373//1 1375//1 1376//1
f 1369//2 1370//2 1374//2
f 1369//2 1374//2 1373//2
f 1370//3 1371//3 1375//3
f 1370//3 1375//3 1374//3
f 1371//4 1372//4 1376//4
f 1371//4 1376//4 1375//4
f 1372//5 1369//5 1373//5
f 1372//5 1373//5 1376//5
f 1381//1 1382//1 1383//1
f 1381//1 1383//1 1384//1
f 1377//2 1378//2 1382//2
f 1377//2 1382//2 1381//2
f 1378//3 1379//3 1383//3
f 1378//3 1383//3 1382//3
f 1379//4 1380//4 1384//4
f 1379//4 1384//4 1383//4
f 1380//5 1377//5 1381//5
f 1380//5 1381//5 1384//5
f 1389//1 1390//1 1391//1
f 1389//1 1391//1 1392//1
f 1385//2 1386//2 1390//2
f 1385//2 1390//2 1389//2
f 1386//3 1387//3 1391//3
f 1386//3 1391//3 1390//3
f 1387//4 1388//4 1392//4
f 1387//4 1392//4 1391//4
f 1388//5 1385//5 1389//5
f 1388//5 1389//5 1392//5
f 1397//1 1398//1 1399//1
f 1397//1 1399//1 1400//1
f 1393//2 1394//2 1398//2
f 1393//2 1398//2 1397//2
f 1394//3 1395//3 1399//3
f 1394//3 1399//3 1398//3
f 1395//4 1396//4 1400//4
f 1395//4 1400//4 1399//4
f 1396//5 1393//5 1397//5
f 1396//5 1397//5 1400//5
f 1405//1 1406//1 1407//1
f 1405//1 1407//1 1408//1
f 1401//2 1402//2 1406//2
f 1401//2 1406//2 1405//2
f 1402//3 1403//3 1407//3
f 1402//3 1407//3 1406//3
f 1403//4 1404//4 1408//4
f 1403//4 1408//4 1407//4
f 1404//5 1401//5 1405//5
f 1404//5 1405//5 1408//5
f 1413//1 1414//1 1415//1
f 1413//1 1415//1 1416//1
f 1409//2 1410//2 1414//2
f 1409//2 1414//2 1413//2
f 1410//3 1411//3 1415//3
f 1410//3 1415//3 1414//3
f 1411//4 1412//4 1416//4
f 1411//4 1416//4 1415//4
f 1412//5 1409//5 1413//5
f 1412//5 1413//5 1416//5
f 1421//1 1422//1 1423//1
f 1421//1 1423//1 1424//1
f 1417//2 1418//2 1422//2
f 1417//2 1422//2 1421//2
f 1418//3 1419//3 1423//3
f 1418//3 1423//3 1422//3
f 1419//4 1420//4 1424//4
f 1419//4 1424//4 1423//4
f 1420//5 1417//5 1421//5
f 1420//5 1421//5 1424//5
f 1429//1 1430//1 1431//1
f 1429//1 1431//1 1432//1
f 1425//2 1426//2 1430//2
f 1425//2 1430//2 1429//2
f 1426//3 1427//3 1431//3
f 1426//3 1431//3 1430//3
f 1427//4 1428//4 1432//4
f 1427//4 1432//4 1431//4
f 1428//5 1425//5 1429//5
f 1428//5 1429//5 1432//5
f 1437//1 1438//1 1439//1
f 1437//1 1439//1 1440//1
f 1433//2 1434//2 1438//2
f 1433//2 1438//2 1437//2
f 1434//3 1435//3 1439//3
f 1434//3 1439//3 1438//3
f 1435//4 1436//4 1440//4
f 1435//4 1440//4 1439//4
f 1436//5 1433//5 1437//5
f 1436//5 1437//5 1440//5
f 1445//1 1446//1 1447//1
f 1445//1 1447//1 1448//1
f 1441//2 1442//2 1446//2
f 1441//2 1446//2 1445//2
f 1442//3 1443//3 1447//3
f 1442//3 1447//3 1446//3
f 1443//4 1444//4 1448//4
f 1443//4 1448//4 1447//4
f 1444//5 1441//5 1445//5
f 1444//5 1445//5 1448//5
f 1453//1 1454//1 1455//1
f 1453//1 1455//1 1456//1
f 1449//2 1450//2 1454//2
f 1449//2 1454//2 1453//2
f 1450//3 1451//3 1455//3
f 1450//3 1455//3 1454//3
f 1451//4 1452//4 1456//4
f 1451//4 1456//4 1455//4
f 1452//5 1449//5 1453//5
f 1452//5 1453//5 1456//5
f 1461//1 1462//1 1463//1
f 1461//1 1463//1 1464//1
f 1457//2 1458//2 1462//2
f 1457//2 1462//2 1461//2
f 1458//3 1459//3 1463//3
f 1458//3 1463//3 1462//3
f 1459//4 1460//4 1464//4
f 1459//4 1464//4 1463//4
f 1460//5 1457//5 1461//5
f 1460//5 1461//5 1464//5
f 1469//1 1470//1 1471//1
f 1469//1 1471//1 1472//1
f 1465//2 1466//2 1470//2
f 1465//2 1470//2 1469//2
f 1466//3 1467//3 1471//3
f 1466//3 1471//3 1470//3
f 1467//4 1468//4 1472//4
f 1467//4 1472//4 1471//4
f 1468//5 1465//5 1469//5
f 1468//5 1469//5 1472//5
f 1477//1 1478//1 1479//1
f 1477//1 1479//1 1480//1
f 1473//2 1474//2 1478//2
f 1473//2 1478//2 1477//2
f 1474//3 1475//3 1479//3
f 1474//3 1479//3 1478//3
f 1475//4 1476//4 1480//4
f 1475//4 1480//4 1479//4
f 1476//5 1473//5 1477//5
f 1476//5 1477//5 1480//5
f 1485//1 1486//1 1487//1
f 1485//1 1487//1 1488//1
f 1481//2 1482//2 1486//2
f 1481//2 1486//2 1485//2
f 1482//3 1483//3 1487//3
f 1482//3 1487//3 1486//3
f 1483//4 1484//4 1488//4
f 1483//4 1488//4 1487//4
f 1484//5 1481//5 1485//5
f 1484//5 1485//5 1488//5
f 1493//1 1494//1 1495//1
f 1493//1 1495//1 1496//1
f 1489//2 1490//2 1494//2
f 1489//2 1494//2 1493//2
f 1490//3 1491//3 1495//3
f 1490//3 1495//3 1494//3
f 1491//4 1492//4 1496//4
f 1491//4 1496//4 1495//4
f 1492//5 1489//5 1493//5
f 1492//5 1493//5 1496//5
f 1501//1 1502//1 1503//1
f 1501//1 1503//1 1504//1
f 1497//2 1498//2 1502//2
f 1497//2 1502//2 1501//2
f 1498//3 1499//3 1503//3
f 1498//3 1503//3 1502//3
f 1499//4 1500//4 1504//4
f 1499//4 1504//4 1503//4
f 1500//5 1497//5 1501//5
f 1500//5 1501//5 1504//5
f 1509//1 1510//1 1511//1
f 1509//1 1511//1 1512//1
f 1505//2 1506//2 1510//2
f 1505//2 1510//2 1509//2
f 1506//3 1507//3 1511//3
f 1506//3 1511//3 1510//3
f 1507//4 1508//4 1512//4
f 1507//4 1512//4 1511//4
f 1508//5 1505//5 1509//5
f 1508//5 1509//5 1512//5
f 1517//1 1518//1 1519//1
f 1517//1 1519//1 1520//1
f 1513//2 1514//2 1518//2
f 1513//2 1518//2 1517//2
f 1514//3 1515//3 1519//3
f 1514//3 1519//3 1518//3
f 1515//4 1516//4 1520//4
f 1515//4 1520//4 1519//4
f 1516//5 1513//5 1517//5
f 1516//5 1517//5 1520//5
f 1525//1 1526//1 1527//1
f 1525//1 1527//1 1528//1
f 1521//2 1522//2 1526//2
f 1521//2 1526//2 1525//2
f 1522//3 1523//3 1527//3
f 1522//3 1527//3 1526//3
f 1523//4 1524//4 1528//4
f 1523//4 1528//4 1527//4
f 1524//5 1521//5 1525//5
f 1524//5 1525//5 1528//5
f 1533//1 1534//1 1535//1
f 1533//1 1535//1 1536//1
f 1529//2 1530//2 1534//2
f 1529//2 1534//2 1533//2
f 1530//3 1531//3 1535//3
f 1530//3 1535//3 1534//3
f 1531//4 1532//4 1536//4
f 1531//4 1536//4 1535//4
f 1532//5 1529//5 1533//5
f 1532//5 1533//5 1536//5
f 1541//1 1542//1 1543//1
f 1541//1 1543//1 1544//1
f 1537//2 1538//2 1542//2
f 1537//2 1542//2 1541//2
f 1538//3 1539//3 1543//3
f 1538//3 1543//3 1542//3
f 1539//4 1540//4 1544//4
f 1539//4 1544//4 1543//4
f 1540//5 1537//5 1541//5
f 1540//5 1541//5 1544//5
f 1549//1 1550//1 1551//1
f 1549//1 1551//1 1552//1
f 1545//2 1546//2 1550//2
f 1545//2 1550//2 1549//2
f 1546//3 1547//3 1551//3
f 1546//3 1551//3 1550//3
f 1547//4 1548//4 1552//4
f 1547//4 1552//4 1551//4
f 1548//5 1545//5 1549//5
f 1548//5 1549//5 1552//5
f 1557//1 1558//1 1559//1
f 1557//1 1559//1 1560//1
f 1553//2 1554//2 1558//2
f 1553//2 1558//2 1557//2
f 1554//3 1555//3 1559//3
f 1554//3 1559//3 1558//3
f 1555//4 1556//4 1560//4
f 1555//4 1560//4 1559//4
f 1556//5 1553//5 1557//5
f 1556//5 1557//5 1560//5
f 1565//1 1566//1 1567//1
f 1565//1 1567//1 1568//1
f 1561//2 1562//2 1566//2
f 1561//2 1566//2 1565//2
f 1562//3 1563//3 1567//3
f 1562//3 1567//3 1566//3
f 1563//4 1564//4 1568//4
f 1563//4 1568//4 1567//4
f 1564//5 1561//5 1565//5
f 1564//5 1565//5 1568//5
f 1573//1 1574//1 1575//1
f 1573//1 1575//1 1576//1
f 1569//2 1570//2 1574//2
f 1569//2 1574//2 1573//2
f 1570//3 1571//3 1575//3
f 1570//3 1575//3 1574//3
f 1571//4 1572//4 1576//4
f 1571//4 1576//4 1575//4
f 1572//5 1569//5 1573//5
f 1572//5 1573//5 1576//5
f 1581//1 1582//1 1583//1
f 1581//1 1583//1 1584//1
f 1577//2 1578//2 1582//2
f 1577//2 1582//2 1581//2
f 1578//3 1579//3 1583//3
f 1578//3 1583//3 1582//3
f 1579//4 1580//4 1584//4
f 1579//4 1584//4 1583//4
f 1580//5 1577//5 1581//5
f 1580//5 1581//5 1584//5
f 1589//1 1590//1 1591//1
f 1589//1 1591//1 1592//1
f 1585//2 1586//2 1590//2
f 1585//2 1590//2 1589//2
f 1586//3 1587//3 1591//3
f 1586//3 1591//3 1590//3
f 1587//4 1588//4 1592//4
f 1587//4 1592//4 1591//4
f 1588//5 1585//5 1589//5
f 1588//5 1589//5 1592//5
f 1597//1 1598//1 1599//1
f 1597//1 1599//1 1600//1
f 1593//2 1594//2 1598//2
f 1593//2 1598//2 1597//2
f 1594//3 1595//3 1599//3
f 1594//3 1599//3 1598//3
f 1595//4 1596//4 1600//4
f 1595//4 1600//4 1599//4
f 1596//5 1593//5 1597//5
f 1596//5 1597//5 1600//5
f 1605//1 1606//1 1607//1
f 1605//1 1607//1 1608//1
f 1601//2 1602//2 1606//2
f 1601//2 1606//2 1605//2
f 1602//3 1603//3 1607//3
f 1602//3 1607//3 1606//3
f 1603//4 1604//4 1608//4
f 1603//4 1608//4 1607//4
f 1604//5 1601//5 1605//5
f 1604//5 1605//5 1608//5
f 1613//1 1614//1 1615//1
f 1613//1 1615//1 1616//1
f 1609//2 1610//2 1614//2
f 1609//2 1614//2 1613//2
f 1610//3 1611//3 1615//3
f 1610//3 1615//3 1614//3
f 1611//4 1612//4 1616//4
f 1611//4 1616//4 1615//4
f 1612//5 1609//5 1613//5
f 1612//5 1613//5 1616//5
f 1621//1 1622//1 1623//1
f 1621//1 1623//1 1624//1
f 1617//2 1618//2 1622//2
f 1617//2 1622//2 1621//2
f 1618//3 1619//3 1623//3
f 1618//3 1623//3 1622//3
f 1619//4 1620//4 1624//4
f 1619//4 1624//4 1623//4
f 1620//5 1617//5 1621//5
f 1620//5 1621//5 1624//5
f 1629//1 1630//1 1631//1
f 1629//1 1631//1 1632//1
f 1625//2 1626//2 1630//2
f 1625//2 1630//2 1629//2
f 1626//3 1627//3 1631//3
f 1626//3 1631//3 1630//3
f 1627//4 1628//4 1632//4
f 1627//4 1632//4 1631//4
f 1628//5 1625//5 1629//5
f 1628//5 1629//5 1632//5
f 1637//1 1638//1 1639//1
f 1637//1 1639//1 1640//1
f 1633//2 1634//2 1638//2
f 1633//2 1638//2 1637//2
f 1634//3 1635//3 1639//3
f 1634//3 1639//3 1638//3
f 1635//4 1636//4 1640//4
f 1635//4 1640//4 1639//4
f 1636//5 1633//5 1637//5
f 1636//5 1637//5 1640//5
f 1645//1 1646//1 1647//1
f 1645//1 1647//1 1648//1
f 1641//2 1642//2 1646//2
f 1641//2 1646//2 1645//2
f 1642//3 1643//3 1647//3
f 1642//3 1647//3 1646//3
f 1643//4 1644//4 1648//4
f 1643//4 1648//4 1647//4
f 1644//5 1641//5 1645//5
f 1644//5 1645//5 1648//5
f 1653//1 1654//1 1655//1
f 1653//1 1655//1 1656//1
f 1649//2 1650//2 1654//2
f 1649//2 1654//2 1653//2
f 1650//3 1651//3 1655//3
f 1650//3 1655//3 1654//3
f 1651//4 1652//4 1656//4
f 1651//4 1656//4 1655//4
f 1652//5 1649//5 1653//5
f 1652//5 1653//5 1656//5
f 1661//1 1662//1 1663//1
f 1661//1 1663//1 1664//1
f 1657//2 1658//2 1662//2
f 1657//2 1662//2 1661//2
f 1658//3 1659//3 1663//3
f 1658//3 1663//3 1662//3
f 1659//4 1660//4 1664//4
f 1659//4 1664//4 1663//4
f 1660//5 1657//5 1661//5
f 1660//5 1661//5 1664//5
f 1669//1 1670//1 1671//1
f 1669//1 1671//1 1672//1
f 1665//2 1666//2 1670//2
f 1665//2 1670//2 1669//2
f 1666//3 1667//3 1671//3
f 1666//3 1671//3 1670//3
f 1667//4 1668//4 1672//4
f 1667//4 1672//4 1671//4
f 1668//5 1665//5 1669//5
f 1668//5 1669//5 1672//5
f 1677//1 1678//1 1679//1
f 1677//1 1679//1 1680//1
f 1673//2 1674//2 1678//2
f 1673//2 1678//2 1677//2
f 1674//3 1675//3 1679//3
f 1674//3 1679//3 1678//3
f 1675//4 1676//4 1680//4
f 1675//4 1680//4 1679//4
f 1676//5 1673//5 1677//5
f 1676//5 1677//5 1680//5
f 1685//1 1686//1 1687//1
f 1685//1 1687//1 1688//1
f 1681//2 1682//2 1686//2
f 1681//2 1686//2 1685//2
f 1682//3 1683//3 1687//3
f 1682//3 1687//3 1686//3
f 1683//4 1684//4 1688//4
f 1683//4 1688//4 1687//4
f 1684//5 1681//5 1685//5
f 1684//5 1685//5 1688//5
f 1693//1 1694//1 1695//1
f 1693//1 1695//1 1696//1
f 1689//2 1690//2 1694//2
f 1689//2 1694//2 1693//2
f 1690//3 1691//3 1695//3
f 1690//3 1695//3 1694//3
f 1691//4 1692//4 1696//4
f 1691//4 1696//4 1695//4
f 1692//5 1689//5 1693//5
f 1692//5 1693//5 1696//5
f 1701//1 1702//1 1703//1
f 1701//1 1703//1 1704//1
f 1697//2 1698//2 1702//2
f 1697//2 1702//2 1701//2
f 1698//3 1699//3 1703//3
f 1698//3 1703//3 1702//3
f 1699//4 1700//4 1704//4
f 1699//4 1704//4 1703//4
f 1700//5 1697//5 1701//5
f 1700//5 1701//5 1704//5
f 1709//1 1710//1 1711//1
f 1709//1 1711//1 1712//1
f 1705//2 1706//2 1710//2
f 1705//2 1710//2 1709//2
f 1706//3 1707//3 1711//3
f 1706//3 1711//3 1710//3
f 1707//4 1708//4 1712//4
f 1707//4 1712//4 1711//4
f 1708//5 1705//5 1709//5
f 1708//5 1709//5 1712//5
f 1717//1 1718//1 1719//1
f 1717//1 1719//1 1720//1
f 1713//2 1714//2 1718//2
f 1713//2 1718//2 1717//2
f 1714//3 1715//3 1719//3
f 1714//3 1719//3 1718//3
f 1715//4 1716//4 1720//4
f 1715//4 1720//4 1719//4
f 1716//5 1713//5 1717//5
f 1716//5 1717//5 1720//5
f 1725//1 1726//1 1727//1
f 1725//1 1727//1 1728//1
f 1721//2 1722//2 1726//2
f 1721//2 1726//2 1725//2
f 1722//3 1723//3 1727//3
f 1722//3 1727//3 1726//3
f 1723//4 1724//4 1728//4
f 1723//4 1728//4 1727//4
f 1724//5 1721//5 1725//5
f 1724//5 1725//5 1728//5
f 1733//1 1734//1 1735//1
f 1733//1 1735//1 1736//1
f 1729//2 1730//2 1734//2
f 1729//2 1734//2 1733//2
f 1730//3 1731//3 1735//3
f 1730//3 1735//3 1734//3
f 1731//4 1732//4 1736//4
f 1731//4 1736//4 1735//4
f 1732//5 1729//5 1733//5
f 1732//5 1733//5 1736//5
f 1741//1 1742//1 1743//1
f 1741//1 1743//1 1744//1
f 1737//2 1738//2 1742//2
f 1737//2 1742//2 1741//2
f 1738//3 1739//3 1743//3
f 1738//3 1743//3 1742//3
f 1739//4 1740//4 1744//4
f 1739//4 1744//4 1743//4
f 1740//5 1737//5 1741//5
f 1740//5 1741//5 1744//5
f 1749//1 1750//1 1751//1
f 1749//1 1751//1 1752//1
f 1745//2 1746//2 1750//2
f 1745//2 1750//2 1749//2
f 1746//3 1747//3 1751//3
f 1746//3 1751//3 1750//3
f 1747//4 1748//4 1752//4
f 1747//4 1752//4 1751//4
f 1748//5 1745//5 1749//5
f 1748//5 1749//5 1752//5
f 1757//1 1758//1 1759//1
f 1757//1 1759//1 1760//1
f 1753//2 1754//2 1758//2
f 1753//2 1758//2 1757//2
f 1754//3 1755//3 1759//3
f 1754//3 1759//3 1758//3
f 1755//4 1756//4 1760//4
f 1755//4 1760//4 1759//4
f 1756//5 1753//5 1757//5
f 1756//5 1757//5 1760//5
f 1765//1 1766//1 1767//1
f 1765//1 1767//1 1768//1
f 1761//2 1762//2 1766//2
f 1761//2 1766//2 1765//2
f 1762//3 1763//3 1767//3
f 1762//3 1767//3 1766//3
f 1763//4 1764//4 1768//4
f 1763//4 1768//4 1767//4
f 1764//5 1761//5 1765//5
f 1764//5 1765//5 1768//5
f 1773//1 1774//1 1775//1
f 1773//1 1775//1 1776//1
f 1769//2 1770//2 1774//2
f 1769//2 1774//2 1773//2
f 1770//3 1771//3 1775//3
f 1770//3 1775//3 1774//3
f 1771//4 1772//4 1776//4
f 1771//4 1776//4 1775//4
f 1772//5 1769//5 1773//5
f 1772//5 1773//5 1776//5
f 1781//1 1782//1 1783//1
f 1781//1 1783//1 1784//1
f 1777//2 1778//2 1782//2
f 1777//2 1782//2 1781//2
f 1778//3 1779//3 1783//3
f 1778//3 1783//3 1782//3
f 1779//4 1780//4 1784//4
f 1779//4 1784//4 1783//4
f 1780//5 1777//5 1781//5
f 1780//5 1781//5 1784//5
f 1789//1 1790//1 1791//1
f 1789//1 1791//1 1792//1
f 1785//2 1786//2 1790//2
f 1785//2 1790//2 1789//2
f 1786//3 1787//3 1791//3
f 1786//3 1791//3 1790//3
f 1787//4 1788//4 1792//4
f 1787//4 1792//4 1791//4
f 1788//5 1785//5 1789//5
f 1788//5 1789//5 1792//5
f 1797//1 1798//1 1799//1
f 1797//1 1799//1 1800//1
f 1793//2 1794//2 1798//2
f 1793//2 1798//2 1797//2
f 1794//3 1795//3 1799//3
f 1794//3 1799//3 1798//3
f 1795//4 1796//4 1800//4
f 1795//4 1800//4 1799//4
f 1796//5 1793//5 1797//5
f 1796//5 1797//5 1800//5
f 1805//1 1806//1 1807//1
f 1805//1 1807//1 1808//1
f 1801//2 1802//2 1806//2
f 1801//2 1806//2 1805//2
f 1802//3 1803//3 1807//3
f 1802//3 1807//3 1806//3
f 1803//4 1804//4 1808//4
f 1803//4 1808//4 1807//4
f 1804//5 1801//5 1805//5
f 1804//5 1805//5 1808//5
f 1813//1 1814//1 1815//1
f 1813//1 1815//1 1816//1
f 1809//2 1810//2 1814//2
f 1809//2 1814//2 1813//2
f 1810//3 1811//3 1815//3
f 1810//3 1815//3 1814//3
f 1811//4 1812//4 1816//4
f 1811//4 1816//4 1815//4
f 1812//5 1809//5 1813//5
f 1812//5 1813//5 1816//5
f 1821//1 1822//1 1823//1
f 1821//1 1823//1 1824//1
f 1817//2 1818//2 1822//2
f 1817//2 1822//2 1821//2
f 1818//3 1819//3 1823//3
f 1818//3 1823//3 1822//3
f 1819//4 1820//4 1824//4
f 1819//4 1824//4 1823//4
f 1820//5 1817//5 1821//5
f 1820//5 1821//5 1824//5
f 1829//1 1830//1 1831//1
f 1829//1 1831//1 1832//1
f 1825//2 1826//2 1830//2
f 1825//2 1830//2 1829//2
f 1826//3 1827//3 1831//3
f 1826//3 1831//3 1830//3
f 1827//4 1828//4 1832//4
f 1827//4 1832//4 1831//4
f 1828//5 1825//5 1829//5
f 1828//5 1829//5 1832//5
f 1837//1 1838//1 1839//1
f 1837//1 1839//1 1840//1
f 1833//2 1834//2 1838//2
f 1833//2 1838//2 1837//2
f 1834//3 1835//3 1839//3
f 1834//3 1839//3 1838//3
f 1835//4 1836//4 1840//4
f 1835//4 1840//4 1839//4
f 1836//5 1833//5 1837//5
f 1836//5 1837//5 1840//5
f 1845//1 1846//1 1847//1
f 1845//1 1847//1 1848//1
f 1841//2 1842//2 1846//2
f 1841//2 1846//2 1845//2
f 1842//3 1843//3 1847//3
f 1842//3 1847//3 1846//3
f 1843//4 1844//4 1848//4
f 1843//4 1848//4 1847//4
f 1844//5 1841//5 1845//5
f 1844//5 1845//5 1848//5
f 1853//1 1854//1 1855//1
f 1853//1 1855//1 1856//1
f 1849//2 1850//2 1854//2
f 1849//2 1854//2 1853//2
f 1850//3 1851//3 1855//3
f 1850//3 1855//3 1854//3
f 1851//4 1852//4 1856//4
f 1851//4 1856//4 1855//4
f 1852//5 1849//5 1853//5
f 1852//5 1853//5 1856//5
f 1861//1 1862//1 1863//1
f 1861//1 1863//1 1864//1
f 1857//2 1858//2 1862//2
f 1857//2 1862//2 1861//2
f 1858//3 1859//3 1863//3
f 1858//3 1863//3 1862//3
f 1859//4 1860//4 1864//4
f 1859//4 1864//4 1863//4
f 1860//5 1857//5 1861//5
f 1860//5 1861//5 1864//5
f 1869//1 1870//1 1871//1
f 1869//1 1871//1 1872//1
f 1865//2 1866//2 1870//2
f 1865//2 1870//2 1869//2
f 1866//3 1867//3 1871//3
f 1866//3 1871//3 1870//3
f 1867//4 1868//4 1872//4
f 1867//4 1872//4 1871//4
f 1868//5 1865//5 1869//5
f 1868//5 1869//5 1872//5
f 1877//1 1878//1 1879//1
f 1877//1 1879//1 1880//1
f 1873//2 1874//2 1878//2
f 1873//2 1878//2 1877//2
f 1874//3 1875//3 1879//3
f 1874//3 1879//3 1878//3
f 1875//4 1876//4 1880//4
f 1875//4 1880//4 1879//4
f 1876//5 1873//5 1877//5
f 1876//5 1877//5 1880//5
f 1885//1 1886//1 1887//1
f 1885//1 1887//1 1888//1
f 1881//2 1882//2 1886//2
f 1881//2 1886//2 1885//2
f 1882//3 1883//3 1887//3
f 1882//3 1887//3 1886//3
f 1883//4 1884//4 1888//4
f 1883//4 1888//4 1887//4
f 1884//5 1881//5 1885//5
f 1884//5 1885//5 1888//5
f 1893//1 1894//1 1895//1
f 1893//1 1895//1 1896//1
f 1889//2 1890//2 1894//2
f 1889//2 1894//2 1893//2
f 1890//3 1891//3 1895//3
f 1890//3 1895//3 1894//3
f 1891//4 1892//4 1896//4
f 1891//4 1896//4 1895//4
f 1892//5 1889//5 1893//5
f 1892//5 1893//5 1896//5
f 1901//1 1902//1 1903//1
f 1901//1 1903//1 1904//1
f 1897//2 1898//2 1902//2
f 1897//2 1902//2 1901//2
f 1898//3 1899//3 1903//3
f 1898//3 1903//3 1902//3
f 1899//4 1900//4 1904//4
f 1899//4 1904//4 1903//4
f 1900//5 1897//5 1901//5
f 1900//5 1901//5 1904//5
f 1909//1 1910//1 1911//1
f 1909//1 1911//1 1912//1
f 1905//2 1906//2 1910//2
f 1905//2 1910//2 1909//2
f 1906//3 1907//3 1911//3
f 1906//3 1911//3 1910//3
f 1907//4 1908//4 1912//4
f 1907//4 1912//4 1911//4
f 1908//5 1905//5 1909//5
f 1908//5 1909//5 1912//5
f 1917//1 1918//1 1919//1
f 1917//1 1919//1 1920//1
f 1913//2 1914//2 1918//2
f 1913//2 1918//2 1917//2
f 1914//3 1915//3 1919//3
f 1914//3 1919//3 1918//3
f 1915//4 1916//4 1920//4
f 1915//4 1920//4 1919//4
f 1916//5 1913//5 1917//5
f 1916//5 1917//5 1920//5
f 1925//1 1926//1 1927//1
f 1925//1 1927//1 1928//1
f 1921//2 1922//2 1926//2
f 1921//2 1926//2 1925//2
f 1922//3 1923//3 1927//3
f 1922//3 1927//3 1926//3
f 1923//4 1924//4 1928//4
f 1923//4 1928//4 1927//4
f 1924//5 1921//5 1925//5
f 1924//5 1925//5 1928//5
f 1933//1 1934//1 1935//1
f 1933//1 1935//1 1936//1
f 1929//2 1930//2 1934//2
f 1929//2 1934//2 1933//2
f 1930//3 1931//3 1935//3
f 1930//3 1935//3 1934//3
f 1931//4 1932//4 1936//4
f 1931//4 1936//4 1935//4
f 1932//5 1929//5 1933//5
f 1932//5 1933//5 1936//5
f 1941//1 1942//1 1943//1
f 1941//1 1943//1 1944//1
f 1937//2 1938//2 1942//2
f 1937//2 1942//2 1941//2
f 1938//3 1939//3 1943//3
f 1938//3 1943//3 1942//3
f 1939//4 1940//4 1944//4
f 1939//4 1944//4 1943//4
f 1940//5 1937//5 1941//5
f 1940//5 1941//5 1944//5
f 1949//1 1950//1 1951//1
f 1949//1 1951//1 1952//1
f 1945//2 1946//2 1950//2
f 1945//2 1950//2 1949//2
f 1946//3 1947//3 1951//3
f 1946//3 1951//3 1950//3
f 1947//4 1948//4 1952//4
f 1947//4 1952//4 1951//4
f 1948//5 1945//5 1949//5
f 1948//5 1949//5 1952//5
f 1957//1 1958//1 1959//1
f 1957//1 1959//1 1960//1
f 1953//2 1954//2 1958//2
f 1953//2 1958//2 1957//2
f 1954//3 1955//3 1959//3
f 1954//3 1959//3 1958//3
f 1955//4 1956//4 1960//4
f 1955//4 1960//4 1959//4
f 1956//5 1953//5 1957//5
f 1956//5 1957//5 1960//5
f 1965//1 1966//1 1967//1
f 1965//1 1967//1 1968//1
f 1961//2 1962//2 1966//2
f 1961//2 1966//2 1965//2
f 1962//3 1963//3 1967//3
f 1962//3 1967//3 1966//3
f 1963//4 1964//4 1968//4
f 1963//4 1968//4 1967//4
f 1964//5 1961//5 1965//5
f 1964//5 1965//5 1968//5
f 1973//1 1974//1 1975//1
f 1973//1 1975//1 1976//1
f 1969//2 1970//2 1974//2
f 1969//2 1974//2 1973//2
f 1970//3 1971//3 1975//3
f 1970//3 1975//3 1974//3
f 1971//4 1972//4 1976//4
f 1971//4 1976//4 1975//4
f 1972//5 1969//5 1973//5
f 1972//5 1973//5 1976//5
f 1981//1 1982//1 1983//1
f 1981//1 1983//1 1984//1
f 1977//2 1978//2 1982//2
f 1977//2 1982//2 1981//2
f 1978//3 1979//3 1983//3
f 1978//3 1983//3 1982//3
f 1979//4 1980//4 1984//4
f 1979//4 1984//4 1983//4
f 1980//5 1977//5 1981//5
f 1980//5 1981//5 1984//5
f 1989//1 1990//1 1991//1
f 1989//1 1991//1 1992//1
f 1985//2 1986//2 1990//2
f 1985//2 1990//2 1989//2
f 1986//3 1987//3 1991//3
f 1986//3 1991//3 1990//3
f 1987//4 1988//4 1992//4
f 1987//4 1992//4 1991//4
f 1988//5 1985//5 1989//5
f 1988//5 1989//5 1992//5
f 1997//1 1998//1 1999//1
f 1997//1 1999//1 2000//1
f 1993//2 1994//2 1998//2
f 1993//2 1998//2 1997//2
f 1994//3 1995//3 1999//3
f 1994//3 1999//3 1998//3
f 1995//4 1996//4 2000//4
f 1995//4 2000//4 1999//4
f 1996//5 1993//5 1997//5
f 1996//5 1997//5 2000//5
f 2005//1 2006//1 2007//1
f 2005//1 2007//1 2008//1
f 2001//2 2002//2 2006//2
f 2001//2 2006//2 2005//2
f 2002//3 2003//3 2007//3
f 2002//3 2007//3 2006//3
f 2003//4 2004//4 2008//4
f 2003//4 2008//4 2007//4
f 2004//5 2001//5 2005//5
f 2004//5 2005//5 2008//5
f 2013//1 2014//1 2015//1
f 2013//1 2015//1 2016//1
f 2009//2 2010//2 2014//2
f 2009//2 2014//2 2013//2
f 2010//3 2011//3 2015//3
f 2010//3 2015//3 2014//3
f 2011//4 2012//4 2016//4
f 2011//4 2016//4 2015//4
f 2012//5 2009//5 2013//5
f 2012//5 2013//5 2016//5
f 2021//1 2022//1 2023//1
f 2021//1 2023//1 2024//1
f 2017//2 2018//2 2022//2
f 2017//2 2022//2 2021//2
f 2018//3 2019//3 2023//3
f 2018//3 2023//3 2022//3
f 2019//4 2020//4 2024//4
f 2019//4 2024//4 2023//4
f 2020//5 2017//5 2021//5
f 2020//5 2021//5 2024//5
f 2029//1 2030//1 2031//1
f 2029//1 2031//1 2032//1
f 2025//2 2026//2 2030//2
f 2025//2 2030//2 2029//2
f 2026//3 2027//3 2031//3
f 2026//3 2031//3 2030//3
f 2027//4 2028//4 2032//4
f 2027//4 2032//4 2031//4
f 2028//5 2025//5 2029//5
f 2028//5 2029//5 2032//5
f 2037//1 2038//1 2039//1
f 2037//1 2039//1 2040//1
f 2033//2 2034//2 2038//2
f 2033//2 2038//2 2037//2
f 2034//3 2035//3 2039//3
f 2034//3 2039//3 2038//3
f 2035//4 2036//4 2040//4
f 2035//4 2040//4 2039//4
f 2036//5 2033//5 2037//5
f 2036//5 2037//5 2040//5
f 2045//1 2046//1 2047//1
f 2045//1 2047//1 2048//1
f 2041//2 2042//2 2046//2
f 2041//2 2046//2 2045//2
f 2042//3 2043//3 2047//3
f 2042//3 2047//3 2046//3
f 2043//4 2044//4 2048//4
f 2043//4 2048//4 2047//4
f 2044//5 2041//5 2045//5
f 2044//5 2045//5 2048//5
f 2053//1 2054//1 2055//1
f 2053//1 2055//1 2056//1
f 2049//2 2050//2 2054//2
f 2049//2 2054//2 2053//2
f 2050//3 2051//3 2055//3
f 2050//3 2055//3 2054//3
f 2051//4 2052//4 2056//4
f 2051//4 2056//4 2055//4
f 2052//5 2049//5 2053//5
f 2052//5 2053//5 2056//5
f 2061//1 2062//1 2063//1
f 2061//1 2063//1 2064//1
f 2057//2 2058//2 2062//2
f 2057//2 2062//2 2061//2
f 2058//3 2059//3 2063//3
f 2058//3 2063//3 2062//3
f 2059//4 2060//4 2064//4
f 2059//4 2064//4 2063//4
f 2060//5 2057//5 2061//5
f 2060//5 2061//5 2064//5
f 2069//1 2070//1 2071//1
f 2069//1 2071//1 2072//1
f 2065//2 2066//2 2070//2
f 2065//2 2070//2 2069//2
f 2066//3 2067//3 2071//3
f 2066//3 2071//3 2070//3
f 2067//4 2068//4 2072//4
f 2067//4 2072//4 2071//4
f 2068//5 2065//5 2069//5
f 2068//5 2069//5 2072//5
f 2077//1 2078//1 2079//1
f 2077//1 2079//1 2080//1
f 2073//2 2074//2 2078//2
f 2073//2 2078//2 2077//2
f 2074//3 2075//3 2079//3
f 2074//3 2079//3 2078//3
f 2075//4 2076//4 2080//4
f 2075//4 2080//4 2079//4
f 2076//5 2073//5 2077//5
f 2076//5 2077//5 2080//5
f 2085//1 2086//1 2087//1
f 2085//1 2087//1 2088//1
f 2081//2 2082//2 2086//2
f 2081//2 2086//2 2085//2
f 2082//3 2083//3 2087//3
f 2082//3 2087//3 2086//3
f 2083//4 2084//4 2088//4
f 2083//4 2088//4 2087//4
f 2084//5 2081//5 2085//5
f 2084//5 2085//5 2088//5
f 2093//1 2094//1 2095//1
f 2093//1 2095//1 2096//1
f 2089//2 2090//2 2094//2
f 2089//2 2094//2 2093//2
f 2090//3 2091//3 2095//3
f 2090//3 2095//3 2094//3
f 2091//4 2092//4 2096//4
f 2091//4 2096//4 2095//4
f 2092//5 2089//5 2093//5
f 2092//5 2093//5 2096//5
f 2101//1 2102//1 2103//1
f 2101//1 2103//1 2104//1
f 2097//2 2098//2 2102//2
f 2097//2 2102//2 2101//2
f 2098//3 2099//3 2103//3
f 2098//3 2103//3 2102//3
f 2099//4 2100//4 2104//4
f 2099//4 2104//4 2103//4
f 2100//5 2097//5 2101//5
f 2100//5 2101//5 2104//5
f 2109//1 2110//1 2111//1
f 2109//1 2111//1 2112//1
f 2105//2 2106//2 2110//2
f 2105//2 2110//2 2109//2
f 2106//3 2107//3 2111//3
f 2106//3 2111//3 2110//3
f 2107//4 2108//4 2112//4
f 2107//4 2112//4 2111//4
f 2108//5 2105//5 2109//5
f 2108//5 2109//5 2112//5
f 2117//1 2118//1 2119//1
f 2117//1 2119//1 2120//1
f 2113//2 2114//2 2118//2
f 2113//2 2118//2 2117//2
f 2114//3 2115//3 2119//3
f 2114//3 2119//3 2118//3
f 2115//4 2116//4 2120//4
f 2115//4 2120//4 2119//4
f 2116//5 2113//5 2117//5
f 2116//5 2117//5 2120//5
f 2125//1 2126//1 2127//1
f 2125//1 2127//1 2128//1
f 2121//2 2122//2 2126//2
f 2121//2 2126//2 2125//2
f 2122//3 2123//3 2127//3
f 2122//3 2127//3 2126//3
f 2123//4 2124//4 2128//4
f 2123//4 2128//4 2127//4
f 2124//5 2121//5 2125//5
f 2124//5 2125//5 2128//5
f 2133//1 2134//1 2135//1
f 2133//1 2135//1 2136//1
f 2129//2 2130//2 2134//2
f 2129//2 2134//2 2133//2
f 2130//3 2131//3 2135//3
f 2130//3 2135//3 2134//3
f 2131//4 2132//4 2136//4
f 2131//4 2136//4 2135//4
f 2132//5 2129//5 2133//5
f 2132//5 2133//5 2136//5
f 2141//1 2142//1 2143//1
f 2141//1 2143//1 2144//1
f 2137//2 2138//2 2142//2
f 2137//2 2142//2 2141//2
f 2138//3 2139//3 2143//3
f 2138//3 2143//3 2142//3
f 2139//4 2140//4 2144//4
f 2139//4 2144//4 2143//4
f 2140//5 2137//5 2141//5
f 2140//5 2141//5 2144//5
